timestamp,timestamp_sample,x,y,z,r,flaps,aux1,aux2,aux3,aux4,aux5,aux6,valid,data_source,sticks_moving
8804000,8804000,0.0,0.0,0.0,0.0,0.0,0.0,0.0,0.0,0.0,0.0,0.0,1,2,0
8840000,8840000,0.0,0.0,0.0,0.0,0.0,0.0,0.0,0.0,0.0,0.0,0.0,1,2,0
9000000,9000000,0.0,0.0,0.0,0.0,0.0,0.0,0.0,0.0,0.0,0.0,0.0,1,2,0
9200000,9200000,0.0,0.0,0.0,0.0,0.0,0.0,0.0,0.0,0.0,0.0,0.0,1,2,0
9404000,9404000,0.0,0.0,0.0,0.0,0.0,0.0,0.0,0.0,0.0,0.0,0.0,1,2,0
9608000,9608000,0.0,0.0,0.0,0.0,0.0,0.0,0.0,0.0,0.0,0.0,0.0,1,2,0
9800000,9800000,0.0,0.0,0.0,0.0,0.0,0.0,0.0,0.0,0.0,0.0,0.0,1,2,0
9996000,9996000,0.0,0.0,0.0,0.0,0.0,0.0,0.0,0.0,0.0,0.0,0.0,1,2,0
10184000,10184000,0.0,0.0,0.0,0.0,0.0,0.0,0.0,0.0,0.0,0.0,0.0,1,2,0
10392000,10392000,0.0,0.0,0.0,0.0,0.0,0.0,0.0,0.0,0.0,0.0,0.0,1,2,0
10596000,10596000,0.0,0.0,0.0,0.0,0.0,0.0,0.0,0.0,0.0,0.0,0.0,1,2,0
10808000,10808000,0.0,0.0,0.0,0.0,0.0,0.0,0.0,0.0,0.0,0.0,0.0,1,2,0
11000000,11000000,0.0,0.0,0.177,0.0,0.0,0.0,0.0,0.0,0.0,0.0,0.0,1,2,1
11192000,11192000,0.0,0.0,0.47900003,0.0,0.0,0.0,0.0,0.0,0.0,0.0,0.0,1,2,1
11412000,11412000,0.0,0.0,0.656,0.041,0.0,0.0,0.0,0.0,0.0,0.0,0.0,1,2,1
11620000,11620000,0.0,0.0,0.67700005,0.062000003,0.0,0.0,0.0,0.0,0.0,0.0,0.0,1,2,1
11788000,11788000,0.0,0.0,0.77000004,-0.208,0.0,0.0,0.0,0.0,0.0,0.0,0.0,1,2,1
11988000,11988000,0.0,0.0,0.781,-0.208,0.0,0.0,0.0,0.0,0.0,0.0,0.0,1,2,1
12192000,12192000,0.0,0.0,0.791,-0.125,0.0,0.0,0.0,0.0,0.0,0.0,0.0,1,2,0
12388000,12388000,0.0,0.0,0.81200004,-0.062000003,0.0,0.0,0.0,0.0,0.0,0.0,0.0,1,2,0
12624000,12624000,0.0,0.0,0.822,-0.041,0.0,0.0,0.0,0.0,0.0,0.0,0.0,1,2,0
12820000,12820000,0.0,0.0,0.822,-0.041,0.0,0.0,0.0,0.0,0.0,0.0,0.0,1,2,0
12988000,12988000,0.0,0.0,0.822,-0.041,0.0,0.0,0.0,0.0,0.0,0.0,0.0,1,2,0
13220000,13220000,0.0,0.0,0.822,-0.041,0.0,0.0,0.0,0.0,0.0,0.0,0.0,1,2,0
13396000,13396000,0.0,0.0,0.822,-0.041,0.0,0.0,0.0,0.0,0.0,0.0,0.0,1,2,0
13596000,13596000,0.0,0.0,0.822,-0.041,0.0,0.0,0.0,0.0,0.0,0.0,0.0,1,2,0
13800000,13800000,0.0,0.0,0.822,-0.041,0.0,0.0,0.0,0.0,0.0,0.0,0.0,1,2,0
14020000,14020000,0.0,0.0,0.822,-0.041,0.0,0.0,0.0,0.0,0.0,0.0,0.0,1,2,0
14220000,14220000,0.0,0.0,0.822,-0.041,0.0,0.0,0.0,0.0,0.0,0.0,0.0,1,2,0
14400000,14400000,0.0,0.0,0.822,-0.041,0.0,0.0,0.0,0.0,0.0,0.0,0.0,1,2,0
14580000,14580000,0.0,0.0,0.822,-0.041,0.0,0.0,0.0,0.0,0.0,0.0,0.0,1,2,0
14820000,14820000,0.0,0.0,0.822,-0.041,0.0,0.0,0.0,0.0,0.0,0.0,0.0,1,2,0
15008000,15008000,0.0,0.0,0.822,-0.041,0.0,0.0,0.0,0.0,0.0,0.0,0.0,1,2,0
15208000,15208000,0.0,0.0,0.822,-0.041,0.0,0.0,0.0,0.0,0.0,0.0,0.0,1,2,0
15392000,15392000,0.0,0.0,0.822,-0.041,0.0,0.0,0.0,0.0,0.0,0.0,0.0,1,2,0
15600000,15600000,0.0,0.0,0.822,-0.041,0.0,0.0,0.0,0.0,0.0,0.0,0.0,1,2,0
15804000,15804000,0.0,0.0,0.822,-0.041,0.0,0.0,0.0,0.0,0.0,0.0,0.0,1,2,0
16004000,16004000,0.0,0.0,0.822,-0.041,0.0,0.0,0.0,0.0,0.0,0.0,0.0,1,2,0
16208000,16208000,0.0,0.0,0.822,-0.041,0.0,0.0,0.0,0.0,0.0,0.0,0.0,1,2,0
16400000,16400000,0.0,0.0,0.822,-0.041,0.0,0.0,0.0,0.0,0.0,0.0,0.0,1,2,0
16596000,16596000,0.0,0.0,0.822,-0.041,0.0,0.0,0.0,0.0,0.0,0.0,0.0,1,2,0
16808000,16808000,0.0,0.0,0.822,-0.041,0.0,0.0,0.0,0.0,0.0,0.0,0.0,1,2,0
17004000,17004000,0.0,0.0,0.822,-0.041,0.0,0.0,0.0,0.0,0.0,0.0,0.0,1,2,0
17200000,17200000,0.0,0.0,0.822,-0.041,0.0,0.0,0.0,0.0,0.0,0.0,0.0,1,2,0
17412000,17412000,0.0,0.0,0.822,-0.041,0.0,0.0,0.0,0.0,0.0,0.0,0.0,1,2,0
17604000,17604000,0.0,0.0,0.822,-0.041,0.0,0.0,0.0,0.0,0.0,0.0,0.0,1,2,0
17800000,17800000,0.0,0.0,0.822,-0.041,0.0,0.0,0.0,0.0,0.0,0.0,0.0,1,2,0
17992000,17992000,0.0,0.0,0.822,-0.041,0.0,0.0,0.0,0.0,0.0,0.0,0.0,1,2,0
18216000,18216000,0.0,0.0,0.822,-0.041,0.0,0.0,0.0,0.0,0.0,0.0,0.0,1,2,0
18388000,18388000,0.0,0.0,0.822,-0.041,0.0,0.0,0.0,0.0,0.0,0.0,0.0,1,2,0
18620000,18620000,0.0,0.0,0.822,-0.041,0.0,0.0,0.0,0.0,0.0,0.0,0.0,1,2,0
18792000,18792000,0.0,0.0,0.822,-0.041,0.0,0.0,0.0,0.0,0.0,0.0,0.0,1,2,0
18996000,18996000,0.0,0.0,0.822,-0.041,0.0,0.0,0.0,0.0,0.0,0.0,0.0,1,2,0
19220000,19220000,0.0,0.0,0.822,-0.041,0.0,0.0,0.0,0.0,0.0,0.0,0.0,1,2,0
19376000,19376000,0.0,0.0,0.822,-0.041,0.0,0.0,0.0,0.0,0.0,0.0,0.0,1,2,0
19624000,19624000,0.0,0.0,0.822,-0.041,0.0,0.0,0.0,0.0,0.0,0.0,0.0,1,2,0
19784000,19784000,0.0,0.0,0.822,-0.041,0.0,0.0,0.0,0.0,0.0,0.0,0.0,1,2,0
19988000,19988000,0.0,0.0,0.822,-0.041,0.0,0.0,0.0,0.0,0.0,0.0,0.0,1,2,0
20192000,20192000,0.0,0.0,0.822,-0.041,0.0,0.0,0.0,0.0,0.0,0.0,0.0,1,2,0
20388000,20388000,0.0,0.0,0.822,-0.041,0.0,0.0,0.0,0.0,0.0,0.0,0.0,1,2,0
20588000,20588000,0.0,0.0,0.822,-0.041,0.0,0.0,0.0,0.0,0.0,0.0,0.0,1,2,0
20788000,20788000,0.0,0.0,0.822,-0.041,0.0,0.0,0.0,0.0,0.0,0.0,0.0,1,2,0
20984000,20984000,0.0,0.0,0.822,-0.041,0.0,0.0,0.0,0.0,0.0,0.0,0.0,1,2,0
21216000,21216000,0.0,0.0,0.71800005,-0.062000003,0.0,0.0,0.0,0.0,0.0,0.0,0.0,1,2,1
21420000,21420000,0.0,0.0,0.625,-0.083000004,0.0,0.0,0.0,0.0,0.0,0.0,0.0,1,2,1
21592000,21592000,0.0,0.0,0.614,-0.104,0.0,0.0,0.0,0.0,0.0,0.0,0.0,1,2,1
21820000,21820000,0.0,0.0,0.541,-0.104,0.0,0.0,0.0,0.0,0.0,0.0,0.0,1,2,1
21984000,21984000,0.0,0.0,0.541,0.0,0.0,0.0,0.0,0.0,0.0,0.0,0.0,1,2,1
22200000,22200000,0.0,0.0,0.541,0.0,0.0,0.0,0.0,0.0,0.0,0.0,0.0,1,2,0
22396000,22396000,0.0,0.0,0.541,0.0,0.0,0.0,0.0,0.0,0.0,0.0,0.0,1,2,0
22596000,22596000,0.0,0.0,0.541,0.0,0.0,0.0,0.0,0.0,0.0,0.0,0.0,1,2,0
22792000,22792000,0.0,0.0,0.541,0.0,0.0,0.0,0.0,0.0,0.0,0.0,0.0,1,2,0
22988000,22988000,0.0,0.0,0.541,0.0,0.0,0.0,0.0,0.0,0.0,0.0,0.0,1,2,0
23180000,23180000,0.0,0.0,0.541,0.0,0.0,0.0,0.0,0.0,0.0,0.0,0.0,1,2,0
23388000,23388000,0.0,0.0,0.541,0.0,0.0,0.0,0.0,0.0,0.0,0.0,0.0,1,2,0
23620000,23620000,0.0,0.0,0.541,0.0,0.0,0.0,0.0,0.0,0.0,0.0,0.0,1,2,0
23808000,23808000,0.0,0.0,0.541,0.0,0.0,0.0,0.0,0.0,0.0,0.0,0.0,1,2,0
24012000,24012000,0.0,0.0,0.541,0.0,0.0,0.0,0.0,0.0,0.0,0.0,0.0,1,2,0
24204000,24204000,0.0,0.0,0.541,0.0,0.0,0.0,0.0,0.0,0.0,0.0,0.0,1,2,0
24412000,24412000,0.0,0.0,0.541,0.0,0.0,0.0,0.0,0.0,0.0,0.0,0.0,1,2,0
24616000,24616000,0.0,0.0,0.541,0.0,0.0,0.0,0.0,0.0,0.0,0.0,0.0,1,2,0
24816000,24816000,0.0,0.0,0.541,0.0,0.0,0.0,0.0,0.0,0.0,0.0,0.0,1,2,0
25012000,25012000,0.0,0.0,0.541,0.0,0.0,0.0,0.0,0.0,0.0,0.0,0.0,1,2,0
25224000,25220000,0.0,0.0,0.541,0.0,0.0,0.0,0.0,0.0,0.0,0.0,0.0,1,2,0
25412000,25412000,0.0,0.0,0.541,0.0,0.0,0.0,0.0,0.0,0.0,0.0,0.0,1,2,0
25608000,25608000,0.0,0.0,0.541,0.0,0.0,0.0,0.0,0.0,0.0,0.0,0.0,1,2,0
25804000,25804000,0.0,0.0,0.541,0.0,0.0,0.0,0.0,0.0,0.0,0.0,0.0,1,2,0
26012000,26012000,0.0,0.0,0.541,0.0,0.0,0.0,0.0,0.0,0.0,0.0,0.0,1,2,0
26212000,26212000,0.0,0.0,0.541,0.0,0.0,0.0,0.0,0.0,0.0,0.0,0.0,1,2,0
26420000,26420000,0.0,0.0,0.541,0.0,0.0,0.0,0.0,0.0,0.0,0.0,0.0,1,2,0
26620000,26620000,0.0,0.0,0.541,0.0,0.0,0.0,0.0,0.0,0.0,0.0,0.0,1,2,0
26816000,26816000,0.0,0.0,0.541,0.0,0.0,0.0,0.0,0.0,0.0,0.0,0.0,1,2,0
27016000,27016000,0.0,0.0,0.541,0.0,0.0,0.0,0.0,0.0,0.0,0.0,0.0,1,2,0
27172000,27172000,0.0,0.0,0.541,0.0,0.0,0.0,0.0,0.0,0.0,0.0,0.0,1,2,0
27376000,27376000,0.0,0.0,0.541,0.0,0.0,0.0,0.0,0.0,0.0,0.0,0.0,1,2,0
27608000,27608000,0.0,0.0,0.541,0.0,0.0,0.0,0.0,0.0,0.0,0.0,0.0,1,2,0
27796000,27796000,0.0,0.0,0.541,0.0,0.0,0.0,0.0,0.0,0.0,0.0,0.0,1,2,0
28008000,28008000,0.0,0.0,0.541,0.0,0.0,0.0,0.0,0.0,0.0,0.0,0.0,1,2,0
28208000,28208000,0.0,0.0,0.541,0.0,0.0,0.0,0.0,0.0,0.0,0.0,0.0,1,2,0
28412000,28412000,0.0,0.0,0.541,0.0,0.0,0.0,0.0,0.0,0.0,0.0,0.0,1,2,0
28616000,28616000,0.0,0.0,0.541,0.0,0.0,0.0,0.0,0.0,0.0,0.0,0.0,1,2,0
28816000,28816000,0.0,0.0,0.541,0.0,0.0,0.0,0.0,0.0,0.0,0.0,0.0,1,2,0
28996000,28996000,0.0,0.0,0.541,0.0,0.0,0.0,0.0,0.0,0.0,0.0,0.0,1,2,0
29196000,29196000,0.0,0.0,0.541,0.0,0.0,0.0,0.0,0.0,0.0,0.0,0.0,1,2,0
29396000,29396000,0.0,0.0,0.541,0.0,0.0,0.0,0.0,0.0,0.0,0.0,0.0,1,2,0
29604000,29604000,0.0,0.0,0.541,0.0,0.0,0.0,0.0,0.0,0.0,0.0,0.0,1,2,0
29800000,29800000,0.0,0.0,0.541,0.0,0.0,0.0,0.0,0.0,0.0,0.0,0.0,1,2,0
30004000,30004000,0.0,0.0,0.541,0.0,0.0,0.0,0.0,0.0,0.0,0.0,0.0,1,2,0
30204000,30200000,0.0,0.0,0.541,0.0,0.0,0.0,0.0,0.0,0.0,0.0,0.0,1,2,0
30408000,30408000,0.0,0.0,0.541,0.0,0.0,0.0,0.0,0.0,0.0,0.0,0.0,1,2,0
30596000,30596000,0.0,0.0,0.541,0.0,0.0,0.0,0.0,0.0,0.0,0.0,0.0,1,2,0
30804000,30804000,0.0,0.0,0.541,0.0,0.0,0.0,0.0,0.0,0.0,0.0,0.0,1,2,0
30992000,30992000,0.0,0.0,0.541,0.0,0.0,0.0,0.0,0.0,0.0,0.0,0.0,1,2,0
31192000,31192000,0.0,0.0,0.541,0.0,0.0,0.0,0.0,0.0,0.0,0.0,0.0,1,2,0
31420000,31420000,0.0,0.0,0.541,0.0,0.0,0.0,0.0,0.0,0.0,0.0,0.0,1,2,0
31588000,31588000,0.0,0.0,0.541,0.0,0.0,0.0,0.0,0.0,0.0,0.0,0.0,1,2,0
31780000,31780000,0.0,0.0,0.541,0.0,0.0,0.0,0.0,0.0,0.0,0.0,0.0,1,2,0
31984000,31984000,0.0,0.0,0.541,0.0,0.0,0.0,0.0,0.0,0.0,0.0,0.0,1,2,0
32184000,32184000,0.0,0.0,0.541,0.0,0.0,0.0,0.0,0.0,0.0,0.0,0.0,1,2,0
32420000,32420000,0.0,0.0,0.541,0.0,0.0,0.0,0.0,0.0,0.0,0.0,0.0,1,2,0
32596000,32596000,0.0,0.0,0.541,0.0,0.0,0.0,0.0,0.0,0.0,0.0,0.0,1,2,0
32812000,32812000,0.0,0.0,0.541,0.0,0.0,0.0,0.0,0.0,0.0,0.0,0.0,1,2,0
33000000,33000000,0.0,0.0,0.541,0.0,0.0,0.0,0.0,0.0,0.0,0.0,0.0,1,2,0
33200000,33200000,0.0,0.0,0.541,0.0,0.0,0.0,0.0,0.0,0.0,0.0,0.0,1,2,0
33416000,33416000,0.0,0.0,0.541,0.0,0.0,0.0,0.0,0.0,0.0,0.0,0.0,1,2,0
33612000,33612000,0.0,0.0,0.541,0.0,0.0,0.0,0.0,0.0,0.0,0.0,0.0,1,2,0
33820000,33820000,0.0,0.0,0.541,0.0,0.0,0.0,0.0,0.0,0.0,0.0,0.0,1,2,0
34016000,34016000,0.0,0.0,0.541,0.0,0.0,0.0,0.0,0.0,0.0,0.0,0.0,1,2,0
34216000,34216000,0.0,0.0,0.541,0.0,0.0,0.0,0.0,0.0,0.0,0.0,0.0,1,2,0
34408000,34408000,0.0,0.0,0.541,0.0,0.0,0.0,0.0,0.0,0.0,0.0,0.0,1,2,0
34608000,34608000,0.0,0.0,0.541,0.0,0.0,0.0,0.0,0.0,0.0,0.0,0.0,1,2,0
34812000,34812000,0.0,0.0,0.541,0.0,0.0,0.0,0.0,0.0,0.0,0.0,0.0,1,2,0
35008000,35008000,0.0,0.0,0.541,0.0,0.0,0.0,0.0,0.0,0.0,0.0,0.0,1,2,0
35216000,35216000,0.0,0.0,0.541,0.0,0.0,0.0,0.0,0.0,0.0,0.0,0.0,1,2,0
35408000,35408000,0.0,0.0,0.541,0.0,0.0,0.0,0.0,0.0,0.0,0.0,0.0,1,2,0
35608000,35608000,0.0,0.0,0.541,0.0,0.0,0.0,0.0,0.0,0.0,0.0,0.0,1,2,0
35796000,35796000,0.0,0.0,0.541,0.0,0.0,0.0,0.0,0.0,0.0,0.0,0.0,1,2,0
35996000,35996000,0.0,0.0,0.541,0.0,0.0,0.0,0.0,0.0,0.0,0.0,0.0,1,2,0
36212000,36212000,0.0,0.0,0.541,0.0,0.0,0.0,0.0,0.0,0.0,0.0,0.0,1,2,0
36408000,36408000,0.0,0.0,0.541,0.0,0.0,0.0,0.0,0.0,0.0,0.0,0.0,1,2,0
36612000,36612000,0.0,0.0,0.541,0.0,0.0,0.0,0.0,0.0,0.0,0.0,0.0,1,2,0
36808000,36808000,0.0,0.0,0.541,0.0,0.0,0.0,0.0,0.0,0.0,0.0,0.0,1,2,0
37020000,37020000,0.0,0.0,0.541,0.0,0.0,0.0,0.0,0.0,0.0,0.0,0.0,1,2,0
37208000,37208000,0.0,0.0,0.541,0.0,0.0,0.0,0.0,0.0,0.0,0.0,0.0,1,2,0
37400000,37400000,0.0,0.0,0.541,0.0,0.0,0.0,0.0,0.0,0.0,0.0,0.0,1,2,0
37616000,37616000,0.0,0.0,0.541,0.0,0.0,0.0,0.0,0.0,0.0,0.0,0.0,1,2,0
37812000,37812000,0.0,0.0,0.541,0.0,0.0,0.0,0.0,0.0,0.0,0.0,0.0,1,2,0
38012000,38012000,0.0,0.0,0.541,0.0,0.0,0.0,0.0,0.0,0.0,0.0,0.0,1,2,0
38220000,38220000,0.0,0.0,0.541,0.0,0.0,0.0,0.0,0.0,0.0,0.0,0.0,1,2,0
38380000,38380000,0.0,0.0,0.541,0.0,0.0,0.0,0.0,0.0,0.0,0.0,0.0,1,2,0
38572000,38572000,0.0,0.0,0.541,0.0,0.0,0.0,0.0,0.0,0.0,0.0,0.0,1,2,0
38820000,38820000,0.0,0.0,0.541,0.0,0.0,0.0,0.0,0.0,0.0,0.0,0.0,1,2,0
39016000,39016000,0.0,0.0,0.541,0.0,0.0,0.0,0.0,0.0,0.0,0.0,0.0,1,2,0
39216000,39216000,0.0,0.0,0.541,0.0,0.0,0.0,0.0,0.0,0.0,0.0,0.0,1,2,0
39380000,39380000,0.0,0.0,0.541,0.0,0.0,0.0,0.0,0.0,0.0,0.0,0.0,1,2,0
39584000,39584000,0.0,0.0,0.541,0.0,0.0,0.0,0.0,0.0,0.0,0.0,0.0,1,2,0
39792000,39792000,0.0,0.0,0.541,0.0,0.0,0.0,0.0,0.0,0.0,0.0,0.0,1,2,0
40012000,40012000,0.0,0.0,0.541,0.0,0.0,0.0,0.0,0.0,0.0,0.0,0.0,1,2,0
40212000,40212000,0.0,0.0,0.541,0.0,0.0,0.0,0.0,0.0,0.0,0.0,0.0,1,2,0
40292000,40292000,0.0,0.0,0.541,0.0,0.0,0.0,0.0,0.0,0.0,0.0,0.0,1,2,0
40612000,40612000,0.0,0.0,0.541,0.0,0.0,0.0,0.0,0.0,0.0,0.0,0.0,1,2,0
40820000,40820000,0.0,0.0,0.541,0.0,0.0,0.0,0.0,0.0,0.0,0.0,0.0,1,2,0
41012000,41012000,0.0,0.0,0.541,0.0,0.0,0.0,0.0,0.0,0.0,0.0,0.0,1,2,0
41204000,41204000,0.0,0.0,0.541,0.0,0.0,0.0,0.0,0.0,0.0,0.0,0.0,1,2,0
41420000,41420000,0.0,0.0,0.541,0.0,0.0,0.0,0.0,0.0,0.0,0.0,0.0,1,2,0
41608000,41608000,0.0,0.0,0.541,0.0,0.0,0.0,0.0,0.0,0.0,0.0,0.0,1,2,0
41776000,41776000,0.0,0.0,0.541,0.0,0.0,0.0,0.0,0.0,0.0,0.0,0.0,1,2,0
42012000,42012000,0.0,0.0,0.541,0.0,0.0,0.0,0.0,0.0,0.0,0.0,0.0,1,2,0
42212000,42212000,0.0,0.0,0.541,0.0,0.0,0.0,0.0,0.0,0.0,0.0,0.0,1,2,0
42416000,42416000,0.0,0.0,0.541,0.0,0.0,0.0,0.0,0.0,0.0,0.0,0.0,1,2,0
42592000,42592000,0.0,0.0,0.541,0.0,0.0,0.0,0.0,0.0,0.0,0.0,0.0,1,2,0
42768000,42768000,0.0,0.0,0.541,0.0,0.0,0.0,0.0,0.0,0.0,0.0,0.0,1,2,0
43016000,43016000,0.0,0.0,0.541,0.0,0.0,0.0,0.0,0.0,0.0,0.0,0.0,1,2,0
43204000,43204000,0.0,0.0,0.541,0.0,0.0,0.0,0.0,0.0,0.0,0.0,0.0,1,2,0
43408000,43408000,0.0,0.0,0.541,0.0,0.0,0.0,0.0,0.0,0.0,0.0,0.0,1,2,0
43612000,43612000,0.0,0.0,0.541,0.0,0.0,0.0,0.0,0.0,0.0,0.0,0.0,1,2,0
43816000,43816000,0.0,0.0,0.541,0.0,0.0,0.0,0.0,0.0,0.0,0.0,0.0,1,2,0
44004000,44004000,0.0,0.0,0.541,0.0,0.0,0.0,0.0,0.0,0.0,0.0,0.0,1,2,0
44208000,44208000,0.0,0.0,0.541,0.0,0.0,0.0,0.0,0.0,0.0,0.0,0.0,1,2,0
44404000,44404000,0.0,0.0,0.541,0.0,0.0,0.0,0.0,0.0,0.0,0.0,0.0,1,2,0
44596000,44596000,0.0,0.0,0.541,0.0,0.0,0.0,0.0,0.0,0.0,0.0,0.0,1,2,0
44812000,44812000,0.0,0.0,0.541,0.0,0.0,0.0,0.0,0.0,0.0,0.0,0.0,1,2,0
45000000,45000000,0.0,0.0,0.541,0.0,0.0,0.0,0.0,0.0,0.0,0.0,0.0,1,2,0
45204000,45204000,0.0,0.0,0.541,0.0,0.0,0.0,0.0,0.0,0.0,0.0,0.0,1,2,0
45412000,45412000,0.0,0.0,0.541,0.0,0.0,0.0,0.0,0.0,0.0,0.0,0.0,1,2,0
45616000,45616000,0.0,0.0,0.541,0.0,0.0,0.0,0.0,0.0,0.0,0.0,0.0,1,2,0
45816000,45816000,0.0,0.0,0.541,0.0,0.0,0.0,0.0,0.0,0.0,0.0,0.0,1,2,0
46000000,46000000,0.0,0.0,0.541,0.0,0.0,0.0,0.0,0.0,0.0,0.0,0.0,1,2,0
46196000,46196000,0.0,0.0,0.541,0.0,0.0,0.0,0.0,0.0,0.0,0.0,0.0,1,2,0
46404000,46404000,0.0,0.0,0.541,0.0,0.0,0.0,0.0,0.0,0.0,0.0,0.0,1,2,0
46612000,46612000,0.0,0.0,0.541,0.0,0.0,0.0,0.0,0.0,0.0,0.0,0.0,1,2,0
46820000,46820000,0.0,0.0,0.541,0.0,0.0,0.0,0.0,0.0,0.0,0.0,0.0,1,2,0
47000000,47000000,0.0,0.0,0.541,0.0,0.0,0.0,0.0,0.0,0.0,0.0,0.0,1,2,0
47196000,47196000,0.0,0.0,0.541,0.0,0.0,0.0,0.0,0.0,0.0,0.0,0.0,1,2,0
47392000,47392000,0.0,0.0,0.541,0.0,0.0,0.0,0.0,0.0,0.0,0.0,0.0,1,2,0
47600000,47600000,0.0,0.0,0.541,0.0,0.0,0.0,0.0,0.0,0.0,0.0,0.0,1,2,0
47808000,47808000,0.0,0.0,0.541,0.0,0.0,0.0,0.0,0.0,0.0,0.0,0.0,1,2,0
47992000,47992000,0.0,0.0,0.541,0.0,0.0,0.0,0.0,0.0,0.0,0.0,0.0,1,2,0
48192000,48192000,0.0,0.0,0.541,0.0,0.0,0.0,0.0,0.0,0.0,0.0,0.0,1,2,0
48396000,48396000,0.0,0.0,0.541,0.0,0.0,0.0,0.0,0.0,0.0,0.0,0.0,1,2,0
48592000,48592000,0.0,0.0,0.541,0.0,0.0,0.0,0.0,0.0,0.0,0.0,0.0,1,2,0
48796000,48796000,0.0,0.0,0.541,0.0,0.0,0.0,0.0,0.0,0.0,0.0,0.0,1,2,0
48988000,48988000,0.0,0.0,0.541,0.0,0.0,0.0,0.0,0.0,0.0,0.0,0.0,1,2,0
49196000,49196000,0.0,0.0,0.541,0.0,0.0,0.0,0.0,0.0,0.0,0.0,0.0,1,2,0
49412000,49412000,0.0,0.0,0.541,0.0,0.0,0.0,0.0,0.0,0.0,0.0,0.0,1,2,0
49620000,49620000,0.0,0.0,0.541,0.0,0.0,0.0,0.0,0.0,0.0,0.0,0.0,1,2,0
49820000,49820000,0.0,0.0,0.541,0.0,0.0,0.0,0.0,0.0,0.0,0.0,0.0,1,2,0
50020000,50020000,0.0,0.0,0.541,0.0,0.0,0.0,0.0,0.0,0.0,0.0,0.0,1,2,0
50220000,50220000,0.0,0.0,0.541,0.0,0.0,0.0,0.0,0.0,0.0,0.0,0.0,1,2,0
50408000,50408000,0.0,0.0,0.541,0.0,0.0,0.0,0.0,0.0,0.0,0.0,0.0,1,2,0
50620000,50620000,0.0,0.0,0.541,0.0,0.0,0.0,0.0,0.0,0.0,0.0,0.0,1,2,0
50816000,50816000,0.0,0.0,0.541,0.0,0.0,0.0,0.0,0.0,0.0,0.0,0.0,1,2,0
50988000,50988000,0.0,0.0,0.541,0.0,0.0,0.0,0.0,0.0,0.0,0.0,0.0,1,2,0
51212000,51212000,0.0,0.0,0.541,0.0,0.0,0.0,0.0,0.0,0.0,0.0,0.0,1,2,0
51420000,51420000,0.0,0.0,0.541,0.0,0.0,0.0,0.0,0.0,0.0,0.0,0.0,1,2,0
51616000,51616000,0.0,0.0,0.541,0.0,0.0,0.0,0.0,0.0,0.0,0.0,0.0,1,2,0
51792000,51792000,0.0,0.0,0.541,0.0,0.0,0.0,0.0,0.0,0.0,0.0,0.0,1,2,0
52008000,52008000,0.0,0.0,0.541,0.0,0.0,0.0,0.0,0.0,0.0,0.0,0.0,1,2,0
52212000,52212000,0.0,0.0,0.541,0.0,0.0,0.0,0.0,0.0,0.0,0.0,0.0,1,2,0
52420000,52420000,0.0,0.0,0.541,0.0,0.0,0.0,0.0,0.0,0.0,0.0,0.0,1,2,0
52616000,52616000,0.0,0.0,0.541,0.0,0.0,0.0,0.0,0.0,0.0,0.0,0.0,1,2,0
52816000,52816000,0.0,0.0,0.541,0.0,0.0,0.0,0.0,0.0,0.0,0.0,0.0,1,2,0
53020000,53020000,0.0,0.0,0.541,0.0,0.0,0.0,0.0,0.0,0.0,0.0,0.0,1,2,0
53180000,53180000,0.0,0.0,0.541,0.0,0.0,0.0,0.0,0.0,0.0,0.0,0.0,1,2,0
53384000,53384000,0.0,0.0,0.541,0.0,0.0,0.0,0.0,0.0,0.0,0.0,0.0,1,2,0
53596000,53596000,0.0,0.0,0.541,0.0,0.0,0.0,0.0,0.0,0.0,0.0,0.0,1,2,0
53804000,53804000,0.0,0.0,0.541,0.0,0.0,0.0,0.0,0.0,0.0,0.0,0.0,1,2,0
54016000,54016000,0.0,0.0,0.541,0.0,0.0,0.0,0.0,0.0,0.0,0.0,0.0,1,2,0
54188000,54188000,0.0,0.0,0.541,0.0,0.0,0.0,0.0,0.0,0.0,0.0,0.0,1,2,0
54416000,54416000,0.0,0.0,0.541,0.0,0.0,0.0,0.0,0.0,0.0,0.0,0.0,1,2,0
54608000,54608000,0.0,0.0,0.541,0.0,0.0,0.0,0.0,0.0,0.0,0.0,0.0,1,2,0
54808000,54808000,0.0,0.0,0.541,0.0,0.0,0.0,0.0,0.0,0.0,0.0,0.0,1,2,0
54976000,54976000,0.0,0.0,0.541,0.0,0.0,0.0,0.0,0.0,0.0,0.0,0.0,1,2,0
55216000,55216000,0.0,0.0,0.541,0.0,0.0,0.0,0.0,0.0,0.0,0.0,0.0,1,2,0
55404000,55404000,0.0,0.0,0.541,0.0,0.0,0.0,0.0,0.0,0.0,0.0,0.0,1,2,0
55600000,55600000,0.0,0.0,0.541,0.0,0.0,0.0,0.0,0.0,0.0,0.0,0.0,1,2,0
55808000,55808000,0.0,0.0,0.541,0.0,0.0,0.0,0.0,0.0,0.0,0.0,0.0,1,2,0
56012000,56012000,0.0,0.0,0.541,0.0,0.0,0.0,0.0,0.0,0.0,0.0,0.0,1,2,0
56212000,56212000,0.0,0.0,0.541,0.0,0.0,0.0,0.0,0.0,0.0,0.0,0.0,1,2,0
56408000,56408000,0.0,0.0,0.541,0.0,0.0,0.0,0.0,0.0,0.0,0.0,0.0,1,2,0
56608000,56608000,0.0,0.0,0.541,0.0,0.0,0.0,0.0,0.0,0.0,0.0,0.0,1,2,0
56804000,56804000,0.0,0.0,0.541,0.0,0.0,0.0,0.0,0.0,0.0,0.0,0.0,1,2,0
57012000,57012000,0.0,0.0,0.541,0.0,0.0,0.0,0.0,0.0,0.0,0.0,0.0,1,2,0
57212000,57208000,0.0,0.0,0.541,0.0,0.0,0.0,0.0,0.0,0.0,0.0,0.0,1,2,0
57376000,57376000,0.0,0.0,0.541,0.0,0.0,0.0,0.0,0.0,0.0,0.0,0.0,1,2,0
57612000,57612000,0.0,0.0,0.541,0.0,0.0,0.0,0.0,0.0,0.0,0.0,0.0,1,2,0
57812000,57812000,0.0,0.0,0.541,0.0,0.0,0.0,0.0,0.0,0.0,0.0,0.0,1,2,0
58008000,58008000,0.0,0.0,0.541,0.0,0.0,0.0,0.0,0.0,0.0,0.0,0.0,1,2,0
58200000,58200000,0.0,0.0,0.541,0.0,0.0,0.0,0.0,0.0,0.0,0.0,0.0,1,2,0
58408000,58408000,0.0,0.0,0.541,0.0,0.0,0.0,0.0,0.0,0.0,0.0,0.0,1,2,0
58600000,58600000,0.0,0.0,0.541,0.0,0.0,0.0,0.0,0.0,0.0,0.0,0.0,1,2,0
58804000,58804000,0.0,0.0,0.541,0.0,0.0,0.0,0.0,0.0,0.0,0.0,0.0,1,2,0
58996000,58996000,0.0,0.0,0.541,0.0,0.0,0.0,0.0,0.0,0.0,0.0,0.0,1,2,0
59200000,59200000,0.0,0.0,0.541,0.0,0.0,0.0,0.0,0.0,0.0,0.0,0.0,1,2,0
59388000,59388000,0.0,0.0,0.541,0.0,0.0,0.0,0.0,0.0,0.0,0.0,0.0,1,2,0
59620000,59620000,0.0,0.0,0.541,0.0,0.0,0.0,0.0,0.0,0.0,0.0,0.0,1,2,0
59816000,59816000,0.0,0.0,0.541,0.0,0.0,0.0,0.0,0.0,0.0,0.0,0.0,1,2,0
59988000,59988000,0.0,0.0,0.541,0.0,0.0,0.0,0.0,0.0,0.0,0.0,0.0,1,2,0
60188000,60188000,0.0,0.0,0.541,0.0,0.0,0.0,0.0,0.0,0.0,0.0,0.0,1,2,0
60392000,60392000,0.0,0.0,0.541,0.0,0.0,0.0,0.0,0.0,0.0,0.0,0.0,1,2,0
60592000,60592000,0.0,0.0,0.541,0.0,0.0,0.0,0.0,0.0,0.0,0.0,0.0,1,2,0
60800000,60800000,0.0,0.0,0.541,0.0,0.0,0.0,0.0,0.0,0.0,0.0,0.0,1,2,0
60992000,60992000,0.0,0.0,0.541,0.0,0.0,0.0,0.0,0.0,0.0,0.0,0.0,1,2,0
61208000,61208000,0.0,0.0,0.541,0.0,0.0,0.0,0.0,0.0,0.0,0.0,0.0,1,2,0
61392000,61392000,0.0,0.0,0.541,0.0,0.0,0.0,0.0,0.0,0.0,0.0,0.0,1,2,0
61584000,61584000,0.0,0.0,0.541,0.0,0.0,0.0,0.0,0.0,0.0,0.0,0.0,1,2,0
61788000,61788000,0.0,0.0,0.541,0.0,0.0,0.0,0.0,0.0,0.0,0.0,0.0,1,2,0
62016000,62016000,0.0,0.0,0.541,0.0,0.0,0.0,0.0,0.0,0.0,0.0,0.0,1,2,0
62208000,62208000,0.0,0.0,0.541,0.0,0.0,0.0,0.0,0.0,0.0,0.0,0.0,1,2,0
62420000,62420000,0.0,0.0,0.541,0.0,0.0,0.0,0.0,0.0,0.0,0.0,0.0,1,2,0
62620000,62620000,0.0,0.0,0.541,0.0,0.0,0.0,0.0,0.0,0.0,0.0,0.0,1,2,0
62820000,62820000,0.0,0.0,0.541,0.0,0.0,0.0,0.0,0.0,0.0,0.0,0.0,1,2,0
63016000,63016000,0.0,0.0,0.541,0.0,0.0,0.0,0.0,0.0,0.0,0.0,0.0,1,2,0
63176000,63176000,0.0,0.0,0.541,0.0,0.0,0.0,0.0,0.0,0.0,0.0,0.0,1,2,0
63416000,63416000,0.0,0.0,0.541,0.0,0.0,0.0,0.0,0.0,0.0,0.0,0.0,1,2,0
63612000,63612000,0.0,0.0,0.541,0.0,0.0,0.0,0.0,0.0,0.0,0.0,0.0,1,2,0
63812000,63812000,0.0,0.0,0.541,0.0,0.0,0.0,0.0,0.0,0.0,0.0,0.0,1,2,0
63984000,63984000,0.0,0.0,0.541,0.0,0.0,0.0,0.0,0.0,0.0,0.0,0.0,1,2,0
64184000,64184000,0.0,0.0,0.541,0.0,0.0,0.0,0.0,0.0,0.0,0.0,0.0,1,2,0
64392000,64392000,0.0,0.0,0.541,0.0,0.0,0.0,0.0,0.0,0.0,0.0,0.0,1,2,0
64616000,64616000,0.0,0.0,0.541,0.0,0.0,0.0,0.0,0.0,0.0,0.0,0.0,1,2,0
64812000,64812000,0.0,0.0,0.541,0.0,0.0,0.0,0.0,0.0,0.0,0.0,0.0,1,2,0
65012000,65012000,0.0,0.0,0.541,0.0,0.0,0.0,0.0,0.0,0.0,0.0,0.0,1,2,0
65176000,65176000,0.0,0.0,0.541,0.0,0.0,0.0,0.0,0.0,0.0,0.0,0.0,1,2,0
65408000,65408000,0.0,0.0,0.541,0.0,0.0,0.0,0.0,0.0,0.0,0.0,0.0,1,2,0
65612000,65612000,0.0,0.0,0.541,0.0,0.0,0.0,0.0,0.0,0.0,0.0,0.0,1,2,0
65816000,65816000,0.0,0.0,0.541,0.0,0.0,0.0,0.0,0.0,0.0,0.0,0.0,1,2,0
66004000,66004000,0.0,0.0,0.541,0.0,0.0,0.0,0.0,0.0,0.0,0.0,0.0,1,2,0
66208000,66208000,0.0,0.0,0.541,0.0,0.0,0.0,0.0,0.0,0.0,0.0,0.0,1,2,0
66404000,66404000,0.0,0.0,0.541,0.0,0.0,0.0,0.0,0.0,0.0,0.0,0.0,1,2,0
66604000,66604000,0.0,0.0,0.541,0.0,0.0,0.0,0.0,0.0,0.0,0.0,0.0,1,2,0
66812000,66812000,0.0,0.0,0.541,0.0,0.0,0.0,0.0,0.0,0.0,0.0,0.0,1,2,0
67012000,67012000,0.0,0.0,0.541,0.0,0.0,0.0,0.0,0.0,0.0,0.0,0.0,1,2,0
67212000,67212000,0.0,0.0,0.541,0.0,0.0,0.0,0.0,0.0,0.0,0.0,0.0,1,2,0
67416000,67416000,0.0,0.0,0.541,0.0,0.0,0.0,0.0,0.0,0.0,0.0,0.0,1,2,0
67608000,67608000,0.0,0.0,0.541,0.0,0.0,0.0,0.0,0.0,0.0,0.0,0.0,1,2,0
67808000,67808000,0.0,0.0,0.541,0.0,0.0,0.0,0.0,0.0,0.0,0.0,0.0,1,2,0
68000000,68000000,0.0,0.0,0.541,0.0,0.0,0.0,0.0,0.0,0.0,0.0,0.0,1,2,0
68196000,68196000,0.0,0.0,0.541,0.0,0.0,0.0,0.0,0.0,0.0,0.0,0.0,1,2,0
68396000,68396000,0.0,0.0,0.541,0.0,0.0,0.0,0.0,0.0,0.0,0.0,0.0,1,2,0
68604000,68604000,0.0,0.0,0.541,0.0,0.0,0.0,0.0,0.0,0.0,0.0,0.0,1,2,0
68808000,68808000,0.0,0.0,0.541,0.0,0.0,0.0,0.0,0.0,0.0,0.0,0.0,1,2,0
69004000,69004000,0.0,0.0,0.541,0.0,0.0,0.0,0.0,0.0,0.0,0.0,0.0,1,2,0
69208000,69208000,0.0,0.0,0.541,0.0,0.0,0.0,0.0,0.0,0.0,0.0,0.0,1,2,0
69412000,69412000,0.0,0.0,0.541,0.0,0.0,0.0,0.0,0.0,0.0,0.0,0.0,1,2,0
69612000,69612000,0.0,0.0,0.541,0.0,0.0,0.0,0.0,0.0,0.0,0.0,0.0,1,2,0
69796000,69796000,0.0,0.0,0.541,0.0,0.0,0.0,0.0,0.0,0.0,0.0,0.0,1,2,0
70008000,70008000,0.0,0.0,0.541,0.0,0.0,0.0,0.0,0.0,0.0,0.0,0.0,1,2,0
70200000,70200000,0.0,0.0,0.541,0.0,0.0,0.0,0.0,0.0,0.0,0.0,0.0,1,2,0
70412000,70412000,0.0,0.0,0.541,0.0,0.0,0.0,0.0,0.0,0.0,0.0,0.0,1,2,0
70608000,70608000,0.0,0.0,0.541,0.0,0.0,0.0,0.0,0.0,0.0,0.0,0.0,1,2,0
70804000,70804000,0.0,0.0,0.541,0.0,0.0,0.0,0.0,0.0,0.0,0.0,0.0,1,2,0
71004000,71004000,0.0,0.0,0.541,0.0,0.0,0.0,0.0,0.0,0.0,0.0,0.0,1,2,0
71208000,71208000,0.0,0.0,0.541,0.0,0.0,0.0,0.0,0.0,0.0,0.0,0.0,1,2,0
71408000,71408000,0.0,0.0,0.541,0.0,0.0,0.0,0.0,0.0,0.0,0.0,0.0,1,2,0
71600000,71600000,0.0,0.0,0.541,0.0,0.0,0.0,0.0,0.0,0.0,0.0,0.0,1,2,0
71808000,71808000,0.0,0.0,0.541,0.0,0.0,0.0,0.0,0.0,0.0,0.0,0.0,1,2,0
72008000,72008000,0.0,0.0,0.541,0.0,0.0,0.0,0.0,0.0,0.0,0.0,0.0,1,2,0
72204000,72204000,0.0,0.0,0.541,0.0,0.0,0.0,0.0,0.0,0.0,0.0,0.0,1,2,0
72392000,72392000,0.0,0.0,0.541,0.0,0.0,0.0,0.0,0.0,0.0,0.0,0.0,1,2,0
72596000,72596000,0.0,0.0,0.541,0.0,0.0,0.0,0.0,0.0,0.0,0.0,0.0,1,2,0
72796000,72796000,0.0,0.0,0.541,0.0,0.0,0.0,0.0,0.0,0.0,0.0,0.0,1,2,0
72988000,72988000,0.0,0.0,0.541,0.0,0.0,0.0,0.0,0.0,0.0,0.0,0.0,1,2,0
73204000,73204000,0.0,0.0,0.541,0.0,0.0,0.0,0.0,0.0,0.0,0.0,0.0,1,2,0
73400000,73400000,0.0,0.0,0.541,0.0,0.0,0.0,0.0,0.0,0.0,0.0,0.0,1,2,0
73612000,73612000,0.0,0.0,0.541,0.0,0.0,0.0,0.0,0.0,0.0,0.0,0.0,1,2,0
73812000,73812000,0.0,0.0,0.541,0.0,0.0,0.0,0.0,0.0,0.0,0.0,0.0,1,2,0
74012000,74012000,0.0,0.0,0.541,0.0,0.0,0.0,0.0,0.0,0.0,0.0,0.0,1,2,0
74208000,74208000,0.0,0.0,0.541,0.0,0.0,0.0,0.0,0.0,0.0,0.0,0.0,1,2,0
74392000,74392000,0.0,0.0,0.541,0.0,0.0,0.0,0.0,0.0,0.0,0.0,0.0,1,2,0
74604000,74604000,0.0,0.0,0.541,0.0,0.0,0.0,0.0,0.0,0.0,0.0,0.0,1,2,0
74792000,74792000,0.0,0.0,0.541,0.0,0.0,0.0,0.0,0.0,0.0,0.0,0.0,1,2,0
75000000,75000000,0.0,0.0,0.541,0.0,0.0,0.0,0.0,0.0,0.0,0.0,0.0,1,2,0
75196000,75196000,0.0,0.0,0.541,0.0,0.0,0.0,0.0,0.0,0.0,0.0,0.0,1,2,0
75388000,75388000,0.0,0.0,0.541,0.0,0.0,0.0,0.0,0.0,0.0,0.0,0.0,1,2,0
75592000,75592000,0.0,0.0,0.541,0.0,0.0,0.0,0.0,0.0,0.0,0.0,0.0,1,2,0
75792000,75792000,0.0,0.0,0.541,0.0,0.0,0.0,0.0,0.0,0.0,0.0,0.0,1,2,0
75996000,75996000,0.0,0.0,0.541,0.0,0.0,0.0,0.0,0.0,0.0,0.0,0.0,1,2,0
76220000,76220000,0.0,0.0,0.541,0.0,0.0,0.0,0.0,0.0,0.0,0.0,0.0,1,2,0
76384000,76384000,0.0,0.0,0.541,0.0,0.0,0.0,0.0,0.0,0.0,0.0,0.0,1,2,0
76596000,76592000,0.0,0.0,0.541,0.0,0.0,0.0,0.0,0.0,0.0,0.0,0.0,1,2,0
76796000,76796000,0.0,0.0,0.541,0.0,0.0,0.0,0.0,0.0,0.0,0.0,0.0,1,2,0
76992000,76992000,0.0,0.0,0.541,0.0,0.0,0.0,0.0,0.0,0.0,0.0,0.0,1,2,0
77196000,77196000,0.0,0.0,0.541,0.0,0.0,0.0,0.0,0.0,0.0,0.0,0.0,1,2,0
77412000,77412000,0.0,0.0,0.541,0.0,0.0,0.0,0.0,0.0,0.0,0.0,0.0,1,2,0
77608000,77608000,0.0,0.0,0.541,0.0,0.0,0.0,0.0,0.0,0.0,0.0,0.0,1,2,0
77804000,77804000,0.0,0.0,0.541,0.0,0.0,0.0,0.0,0.0,0.0,0.0,0.0,1,2,0
78004000,78004000,0.0,0.0,0.541,0.0,0.0,0.0,0.0,0.0,0.0,0.0,0.0,1,2,0
78204000,78204000,0.0,0.0,0.541,0.0,0.0,0.0,0.0,0.0,0.0,0.0,0.0,1,2,0
78412000,78412000,0.0,0.0,0.541,0.0,0.0,0.0,0.0,0.0,0.0,0.0,0.0,1,2,0
78604000,78604000,0.0,0.0,0.541,0.0,0.0,0.0,0.0,0.0,0.0,0.0,0.0,1,2,0
78796000,78796000,0.0,0.0,0.541,0.0,0.0,0.0,0.0,0.0,0.0,0.0,0.0,1,2,0
78996000,78996000,0.0,0.0,0.541,0.0,0.0,0.0,0.0,0.0,0.0,0.0,0.0,1,2,0
79196000,79196000,0.0,0.0,0.541,0.0,0.0,0.0,0.0,0.0,0.0,0.0,0.0,1,2,0
79384000,79384000,0.0,0.0,0.541,0.0,0.0,0.0,0.0,0.0,0.0,0.0,0.0,1,2,0
79580000,79580000,0.0,0.0,0.541,0.0,0.0,0.0,0.0,0.0,0.0,0.0,0.0,1,2,0
79784000,79784000,0.0,0.0,0.541,0.0,0.0,0.0,0.0,0.0,0.0,0.0,0.0,1,2,0
80012000,80012000,0.0,0.0,0.541,0.0,0.0,0.0,0.0,0.0,0.0,0.0,0.0,1,2,0
80176000,80176000,0.0,0.0,0.541,0.0,0.0,0.0,0.0,0.0,0.0,0.0,0.0,1,2,0
80384000,80384000,0.0,0.0,0.541,0.0,0.0,0.0,0.0,0.0,0.0,0.0,0.0,1,2,0
80584000,80584000,0.0,0.0,0.541,0.0,0.0,0.0,0.0,0.0,0.0,0.0,0.0,1,2,0
80788000,80788000,0.0,0.0,0.541,0.0,0.0,0.0,0.0,0.0,0.0,0.0,0.0,1,2,0
80984000,80984000,0.0,0.0,0.541,0.0,0.0,0.0,0.0,0.0,0.0,0.0,0.0,1,2,0
81192000,81192000,0.0,0.0,0.541,0.0,0.0,0.0,0.0,0.0,0.0,0.0,0.0,1,2,0
81372000,81372000,0.0,0.0,0.541,0.0,0.0,0.0,0.0,0.0,0.0,0.0,0.0,1,2,0
81620000,81620000,0.0,0.0,0.541,0.0,0.0,0.0,0.0,0.0,0.0,0.0,0.0,1,2,0
81784000,81784000,0.0,0.0,0.541,0.0,0.0,0.0,0.0,0.0,0.0,0.0,0.0,1,2,0
81988000,81988000,0.0,0.0,0.541,0.0,0.0,0.0,0.0,0.0,0.0,0.0,0.0,1,2,0
82212000,82212000,0.0,0.0,0.541,0.0,0.0,0.0,0.0,0.0,0.0,0.0,0.0,1,2,0
82420000,82420000,0.0,0.0,0.541,0.0,0.0,0.0,0.0,0.0,0.0,0.0,0.0,1,2,0
82588000,82588000,0.0,0.0,0.541,0.0,0.0,0.0,0.0,0.0,0.0,0.0,0.0,1,2,0
82784000,82784000,0.0,0.0,0.541,0.0,0.0,0.0,0.0,0.0,0.0,0.0,0.0,1,2,0
82992000,82992000,0.0,0.0,0.541,0.0,0.0,0.0,0.0,0.0,0.0,0.0,0.0,1,2,0
83220000,83220000,0.0,0.0,0.541,0.0,0.0,0.0,0.0,0.0,0.0,0.0,0.0,1,2,0
83416000,83416000,0.0,0.0,0.541,0.0,0.0,0.0,0.0,0.0,0.0,0.0,0.0,1,2,0
83616000,83616000,0.0,0.0,0.541,0.0,0.0,0.0,0.0,0.0,0.0,0.0,0.0,1,2,0
83820000,83816000,0.0,0.0,0.541,0.0,0.0,0.0,0.0,0.0,0.0,0.0,0.0,1,2,0
84008000,84008000,0.0,0.0,0.541,0.0,0.0,0.0,0.0,0.0,0.0,0.0,0.0,1,2,0
84204000,84204000,0.0,0.0,0.541,0.0,0.0,0.0,0.0,0.0,0.0,0.0,0.0,1,2,0
84404000,84404000,0.0,0.0,0.541,0.0,0.0,0.0,0.0,0.0,0.0,0.0,0.0,1,2,0
84612000,84612000,0.0,0.0,0.541,0.0,0.0,0.0,0.0,0.0,0.0,0.0,0.0,1,2,0
84812000,84812000,0.0,0.0,0.541,0.0,0.0,0.0,0.0,0.0,0.0,0.0,0.0,1,2,0
85012000,85012000,0.0,0.0,0.541,0.0,0.0,0.0,0.0,0.0,0.0,0.0,0.0,1,2,0
85196000,85196000,0.0,0.0,0.541,0.0,0.0,0.0,0.0,0.0,0.0,0.0,0.0,1,2,0
85420000,85420000,0.0,0.0,0.541,0.0,0.0,0.0,0.0,0.0,0.0,0.0,0.0,1,2,0
85592000,85592000,0.0,0.0,0.541,0.0,0.0,0.0,0.0,0.0,0.0,0.0,0.0,1,2,0
85784000,85784000,0.0,0.0,0.541,0.0,0.0,0.0,0.0,0.0,0.0,0.0,0.0,1,2,0
85996000,85996000,0.0,0.0,0.541,0.0,0.0,0.0,0.0,0.0,0.0,0.0,0.0,1,2,0
86196000,86196000,0.0,0.0,0.541,0.0,0.0,0.0,0.0,0.0,0.0,0.0,0.0,1,2,0
86408000,86408000,0.0,0.0,0.541,0.0,0.0,0.0,0.0,0.0,0.0,0.0,0.0,1,2,0
86608000,86608000,0.0,0.0,0.541,0.0,0.0,0.0,0.0,0.0,0.0,0.0,0.0,1,2,0
86800000,86800000,0.0,0.0,0.541,0.0,0.0,0.0,0.0,0.0,0.0,0.0,0.0,1,2,0
86988000,86988000,0.0,0.0,0.541,0.0,0.0,0.0,0.0,0.0,0.0,0.0,0.0,1,2,0
87196000,87196000,0.0,0.0,0.541,0.0,0.0,0.0,0.0,0.0,0.0,0.0,0.0,1,2,0
87404000,87404000,0.0,0.0,0.541,0.0,0.0,0.0,0.0,0.0,0.0,0.0,0.0,1,2,0
87600000,87600000,0.0,0.0,0.541,0.0,0.0,0.0,0.0,0.0,0.0,0.0,0.0,1,2,0
87796000,87796000,0.0,0.0,0.541,0.0,0.0,0.0,0.0,0.0,0.0,0.0,0.0,1,2,0
87996000,87996000,0.0,0.0,0.541,0.0,0.0,0.0,0.0,0.0,0.0,0.0,0.0,1,2,0
88200000,88200000,0.0,0.0,0.541,0.0,0.0,0.0,0.0,0.0,0.0,0.0,0.0,1,2,0
88400000,88400000,0.0,0.0,0.541,0.0,0.0,0.0,0.0,0.0,0.0,0.0,0.0,1,2,0
88584000,88584000,0.0,0.0,0.541,0.0,0.0,0.0,0.0,0.0,0.0,0.0,0.0,1,2,0
88784000,88784000,0.0,0.0,0.541,0.0,0.0,0.0,0.0,0.0,0.0,0.0,0.0,1,2,0
88988000,88988000,0.0,0.0,0.541,0.0,0.0,0.0,0.0,0.0,0.0,0.0,0.0,1,2,0
89192000,89192000,0.0,0.0,0.541,0.0,0.0,0.0,0.0,0.0,0.0,0.0,0.0,1,2,0
89388000,89388000,0.0,0.0,0.541,0.0,0.0,0.0,0.0,0.0,0.0,0.0,0.0,1,2,0
89588000,89588000,0.0,0.0,0.541,0.0,0.0,0.0,0.0,0.0,0.0,0.0,0.0,1,2,0
89792000,89792000,0.0,0.0,0.541,0.0,0.0,0.0,0.0,0.0,0.0,0.0,0.0,1,2,0
90020000,90020000,0.0,0.0,0.541,0.0,0.0,0.0,0.0,0.0,0.0,0.0,0.0,1,2,0
90184000,90184000,0.0,0.0,0.541,0.0,0.0,0.0,0.0,0.0,0.0,0.0,0.0,1,2,0
90396000,90396000,0.0,0.0,0.541,0.0,0.0,0.0,0.0,0.0,0.0,0.0,0.0,1,2,0
90604000,90600000,0.0,0.0,0.541,0.0,0.0,0.0,0.0,0.0,0.0,0.0,0.0,1,2,0
90792000,90792000,0.0,0.0,0.541,0.0,0.0,0.0,0.0,0.0,0.0,0.0,0.0,1,2,0
90996000,90996000,0.0,0.0,0.541,0.0,0.0,0.0,0.0,0.0,0.0,0.0,0.0,1,2,0
91192000,91192000,0.0,0.0,0.541,0.0,0.0,0.0,0.0,0.0,0.0,0.0,0.0,1,2,0
91388000,91388000,0.0,0.0,0.541,0.0,0.0,0.0,0.0,0.0,0.0,0.0,0.0,1,2,0
91592000,91592000,0.0,0.0,0.541,0.0,0.0,0.0,0.0,0.0,0.0,0.0,0.0,1,2,0
91788000,91788000,0.0,0.0,0.541,0.0,0.0,0.0,0.0,0.0,0.0,0.0,0.0,1,2,0
91992000,91992000,0.0,0.0,0.541,0.0,0.0,0.0,0.0,0.0,0.0,0.0,0.0,1,2,0
92188000,92188000,0.0,0.0,0.541,0.0,0.0,0.0,0.0,0.0,0.0,0.0,0.0,1,2,0
92416000,92416000,0.0,0.0,0.541,0.0,0.0,0.0,0.0,0.0,0.0,0.0,0.0,1,2,0
92588000,92588000,0.0,0.0,0.541,0.0,0.0,0.0,0.0,0.0,0.0,0.0,0.0,1,2,0
92780000,92780000,0.0,0.0,0.541,0.0,0.0,0.0,0.0,0.0,0.0,0.0,0.0,1,2,0
92988000,92988000,0.0,0.0,0.541,0.0,0.0,0.0,0.0,0.0,0.0,0.0,0.0,1,2,0
93220000,93220000,0.0,0.0,0.541,0.0,0.0,0.0,0.0,0.0,0.0,0.0,0.0,1,2,0
93420000,93420000,0.0,0.0,0.541,0.0,0.0,0.0,0.0,0.0,0.0,0.0,0.0,1,2,0
93612000,93612000,0.0,0.0,0.541,0.0,0.0,0.0,0.0,0.0,0.0,0.0,0.0,1,2,0
93812000,93812000,0.0,0.0,0.541,0.0,0.0,0.0,0.0,0.0,0.0,0.0,0.0,1,2,0
94012000,94012000,0.0,0.0,0.541,0.0,0.0,0.0,0.0,0.0,0.0,0.0,0.0,1,2,0
94212000,94212000,0.0,0.0,0.541,0.0,0.0,0.0,0.0,0.0,0.0,0.0,0.0,1,2,0
94388000,94388000,0.0,0.0,0.541,0.0,0.0,0.0,0.0,0.0,0.0,0.0,0.0,1,2,0
94580000,94580000,0.0,0.0,0.541,0.0,0.0,0.0,0.0,0.0,0.0,0.0,0.0,1,2,0
94788000,94788000,0.0,0.0,0.541,0.0,0.0,0.0,0.0,0.0,0.0,0.0,0.0,1,2,0
94984000,94984000,0.0,0.0,0.541,0.0,0.0,0.0,0.0,0.0,0.0,0.0,0.0,1,2,0
95192000,95192000,0.0,0.0,0.541,0.0,0.0,0.0,0.0,0.0,0.0,0.0,0.0,1,2,0
95384000,95384000,0.0,0.0,0.541,0.0,0.0,0.0,0.0,0.0,0.0,0.0,0.0,1,2,0
95580000,95580000,0.0,0.0,0.541,0.0,0.0,0.0,0.0,0.0,0.0,0.0,0.0,1,2,0
95816000,95816000,0.0,0.0,0.541,0.0,0.0,0.0,0.0,0.0,0.0,0.0,0.0,1,2,0
95988000,95988000,0.0,0.0,0.541,0.0,0.0,0.0,0.0,0.0,0.0,0.0,0.0,1,2,0
96192000,96192000,0.0,0.0,0.541,0.0,0.0,0.0,0.0,0.0,0.0,0.0,0.0,1,2,0
96384000,96384000,0.0,0.0,0.541,0.0,0.0,0.0,0.0,0.0,0.0,0.0,0.0,1,2,0
96588000,96588000,0.0,0.0,0.541,0.0,0.0,0.0,0.0,0.0,0.0,0.0,0.0,1,2,0
96784000,96784000,0.0,0.0,0.541,0.0,0.0,0.0,0.0,0.0,0.0,0.0,0.0,1,2,0
97020000,97020000,0.0,0.0,0.541,0.0,0.0,0.0,0.0,0.0,0.0,0.0,0.0,1,2,0
97212000,97212000,0.0,0.0,0.541,0.0,0.0,0.0,0.0,0.0,0.0,0.0,0.0,1,2,0
97388000,97388000,0.0,0.0,0.541,0.0,0.0,0.0,0.0,0.0,0.0,0.0,0.0,1,2,0
97608000,97608000,0.0,0.0,0.541,0.0,0.0,0.0,0.0,0.0,0.0,0.0,0.0,1,2,0
97812000,97812000,0.0,0.0,0.541,0.0,0.0,0.0,0.0,0.0,0.0,0.0,0.0,1,2,0
98016000,98016000,0.0,0.0,0.541,0.0,0.0,0.0,0.0,0.0,0.0,0.0,0.0,1,2,0
98216000,98216000,0.0,0.0,0.541,0.0,0.0,0.0,0.0,0.0,0.0,0.0,0.0,1,2,0
98416000,98416000,0.0,0.0,0.541,0.0,0.0,0.0,0.0,0.0,0.0,0.0,0.0,1,2,0
98608000,98608000,0.0,0.0,0.541,0.0,0.0,0.0,0.0,0.0,0.0,0.0,0.0,1,2,0
98812000,98812000,0.0,0.0,0.541,0.0,0.0,0.0,0.0,0.0,0.0,0.0,0.0,1,2,0
98992000,98992000,0.0,0.0,0.541,0.0,0.0,0.0,0.0,0.0,0.0,0.0,0.0,1,2,0
99184000,99184000,0.0,0.0,0.541,0.0,0.0,0.0,0.0,0.0,0.0,0.0,0.0,1,2,0
99412000,99412000,0.0,0.0,0.541,0.0,0.0,0.0,0.0,0.0,0.0,0.0,0.0,1,2,0
99616000,99616000,0.0,0.0,0.541,0.0,0.0,0.0,0.0,0.0,0.0,0.0,0.0,1,2,0
99816000,99816000,0.0,0.0,0.541,0.0,0.0,0.0,0.0,0.0,0.0,0.0,0.0,1,2,0
100008000,100008000,0.0,0.0,0.541,0.0,0.0,0.0,0.0,0.0,0.0,0.0,0.0,1,2,0
100132000,100132000,0.0,0.0,0.541,0.0,0.0,0.0,0.0,0.0,0.0,0.0,0.0,1,2,0
100380000,100380000,0.0,0.0,0.541,0.0,0.0,0.0,0.0,0.0,0.0,0.0,0.0,1,2,0
100612000,100612000,0.0,0.0,0.541,0.0,0.0,0.0,0.0,0.0,0.0,0.0,0.0,1,2,0
100812000,100812000,0.0,0.0,0.541,0.0,0.0,0.0,0.0,0.0,0.0,0.0,0.0,1,2,0
101016000,101016000,0.0,0.0,0.541,0.0,0.0,0.0,0.0,0.0,0.0,0.0,0.0,1,2,0
101168000,101168000,0.0,0.0,0.541,0.0,0.0,0.0,0.0,0.0,0.0,0.0,0.0,1,2,0
101408000,101408000,0.0,0.0,0.541,0.0,0.0,0.0,0.0,0.0,0.0,0.0,0.0,1,2,0
101608000,101608000,0.0,0.0,0.541,0.0,0.0,0.0,0.0,0.0,0.0,0.0,0.0,1,2,0
101796000,101796000,0.0,0.0,0.541,0.0,0.0,0.0,0.0,0.0,0.0,0.0,0.0,1,2,0
102004000,102004000,0.0,0.0,0.541,0.0,0.0,0.0,0.0,0.0,0.0,0.0,0.0,1,2,0
102188000,102188000,0.0,0.0,0.541,0.0,0.0,0.0,0.0,0.0,0.0,0.0,0.0,1,2,0
102392000,102392000,0.0,0.0,0.541,0.0,0.0,0.0,0.0,0.0,0.0,0.0,0.0,1,2,0
102604000,102604000,0.0,0.0,0.541,0.0,0.0,0.0,0.0,0.0,0.0,0.0,0.0,1,2,0
102804000,102804000,0.0,0.0,0.541,0.0,0.0,0.0,0.0,0.0,0.0,0.0,0.0,1,2,0
103012000,103012000,0.0,0.0,0.541,0.0,0.0,0.0,0.0,0.0,0.0,0.0,0.0,1,2,0
103176000,103176000,0.0,0.0,0.541,0.0,0.0,0.0,0.0,0.0,0.0,0.0,0.0,1,2,0
103416000,103416000,0.0,0.0,0.541,0.0,0.0,0.0,0.0,0.0,0.0,0.0,0.0,1,2,0
103612000,103612000,0.0,0.0,0.541,0.0,0.0,0.0,0.0,0.0,0.0,0.0,0.0,1,2,0
103804000,103804000,0.0,0.0,0.541,0.0,0.0,0.0,0.0,0.0,0.0,0.0,0.0,1,2,0
104004000,104004000,0.0,0.0,0.541,0.0,0.0,0.0,0.0,0.0,0.0,0.0,0.0,1,2,0
104204000,104204000,0.0,0.0,0.541,0.0,0.0,0.0,0.0,0.0,0.0,0.0,0.0,1,2,0
104404000,104404000,0.0,0.0,0.541,0.0,0.0,0.0,0.0,0.0,0.0,0.0,0.0,1,2,0
104592000,104592000,0.0,0.0,0.541,0.0,0.0,0.0,0.0,0.0,0.0,0.0,0.0,1,2,0
104792000,104792000,0.0,0.0,0.541,0.0,0.0,0.0,0.0,0.0,0.0,0.0,0.0,1,2,0
104992000,104992000,0.0,0.0,0.541,0.0,0.0,0.0,0.0,0.0,0.0,0.0,0.0,1,2,0
105188000,105188000,0.0,0.0,0.541,0.0,0.0,0.0,0.0,0.0,0.0,0.0,0.0,1,2,0
105392000,105392000,0.0,0.0,0.541,0.0,0.0,0.0,0.0,0.0,0.0,0.0,0.0,1,2,0
105588000,105588000,0.0,0.0,0.541,0.0,0.0,0.0,0.0,0.0,0.0,0.0,0.0,1,2,0
105780000,105780000,0.0,0.0,0.541,0.0,0.0,0.0,0.0,0.0,0.0,0.0,0.0,1,2,0
105988000,105988000,0.0,0.0,0.541,0.0,0.0,0.0,0.0,0.0,0.0,0.0,0.0,1,2,0
106192000,106192000,0.0,0.0,0.541,0.0,0.0,0.0,0.0,0.0,0.0,0.0,0.0,1,2,0
106380000,106380000,0.0,0.0,0.541,0.0,0.0,0.0,0.0,0.0,0.0,0.0,0.0,1,2,0
106584000,106584000,0.0,0.0,0.541,0.0,0.0,0.0,0.0,0.0,0.0,0.0,0.0,1,2,0
106784000,106784000,0.0,0.0,0.541,0.0,0.0,0.0,0.0,0.0,0.0,0.0,0.0,1,2,0
107000000,107000000,0.0,0.0,0.541,0.0,0.0,0.0,0.0,0.0,0.0,0.0,0.0,1,2,0
107192000,107192000,0.0,0.0,0.541,0.0,0.0,0.0,0.0,0.0,0.0,0.0,0.0,1,2,0
107388000,107388000,0.0,0.0,0.541,0.0,0.0,0.0,0.0,0.0,0.0,0.0,0.0,1,2,0
107592000,107592000,0.0,0.0,0.541,0.0,0.0,0.0,0.0,0.0,0.0,0.0,0.0,1,2,0
107788000,107788000,0.0,0.0,0.541,0.0,0.0,0.0,0.0,0.0,0.0,0.0,0.0,1,2,0
107988000,107988000,0.0,0.0,0.541,0.0,0.0,0.0,0.0,0.0,0.0,0.0,0.0,1,2,0
108188000,108188000,0.0,0.0,0.541,0.0,0.0,0.0,0.0,0.0,0.0,0.0,0.0,1,2,0
108392000,108392000,0.0,0.0,0.541,0.0,0.0,0.0,0.0,0.0,0.0,0.0,0.0,1,2,0
108588000,108588000,0.0,0.0,0.541,0.0,0.0,0.0,0.0,0.0,0.0,0.0,0.0,1,2,0
108796000,108796000,0.0,0.0,0.541,0.0,0.0,0.0,0.0,0.0,0.0,0.0,0.0,1,2,0
108984000,108984000,0.0,0.0,0.541,0.0,0.0,0.0,0.0,0.0,0.0,0.0,0.0,1,2,0
109224000,109224000,0.0,0.0,0.541,0.0,0.0,0.0,0.0,0.0,0.0,0.0,0.0,1,2,0
109388000,109388000,0.0,0.0,0.541,0.0,0.0,0.0,0.0,0.0,0.0,0.0,0.0,1,2,0
109588000,109588000,0.0,0.0,0.541,0.0,0.0,0.0,0.0,0.0,0.0,0.0,0.0,1,2,0
109788000,109788000,0.0,0.0,0.541,0.0,0.0,0.0,0.0,0.0,0.0,0.0,0.0,1,2,0
109988000,109988000,0.0,0.0,0.541,0.0,0.0,0.0,0.0,0.0,0.0,0.0,0.0,1,2,0
110188000,110188000,0.0,0.0,0.541,0.0,0.0,0.0,0.0,0.0,0.0,0.0,0.0,1,2,0
110388000,110388000,0.0,0.0,0.541,0.0,0.0,0.0,0.0,0.0,0.0,0.0,0.0,1,2,0
110584000,110584000,0.0,0.0,0.541,0.0,0.0,0.0,0.0,0.0,0.0,0.0,0.0,1,2,0
110784000,110784000,0.0,0.0,0.541,0.0,0.0,0.0,0.0,0.0,0.0,0.0,0.0,1,2,0
111016000,111016000,0.0,0.0,0.541,0.0,0.0,0.0,0.0,0.0,0.0,0.0,0.0,1,2,0
111212000,111212000,0.0,0.0,0.541,0.0,0.0,0.0,0.0,0.0,0.0,0.0,0.0,1,2,0
111384000,111384000,0.0,0.0,0.541,0.0,0.0,0.0,0.0,0.0,0.0,0.0,0.0,1,2,0
111572000,111572000,0.0,0.0,0.541,0.0,0.0,0.0,0.0,0.0,0.0,0.0,0.0,1,2,0
111820000,111820000,0.0,0.0,0.541,0.0,0.0,0.0,0.0,0.0,0.0,0.0,0.0,1,2,0
111988000,111988000,0.0,0.0,0.541,0.0,0.0,0.0,0.0,0.0,0.0,0.0,0.0,1,2,0
112180000,112180000,0.0,0.0,0.541,0.0,0.0,0.0,0.0,0.0,0.0,0.0,0.0,1,2,0
112388000,112388000,0.0,0.0,0.541,0.0,0.0,0.0,0.0,0.0,0.0,0.0,0.0,1,2,0
112588000,112588000,0.0,0.0,0.541,0.0,0.0,0.0,0.0,0.0,0.0,0.0,0.0,1,2,0
112820000,112820000,0.0,0.0,0.541,0.0,0.0,0.0,0.0,0.0,0.0,0.0,0.0,1,2,0
112980000,112980000,0.0,0.0,0.541,0.0,0.0,0.0,0.0,0.0,0.0,0.0,0.0,1,2,0
113184000,113184000,0.0,0.0,0.541,0.0,0.0,0.0,0.0,0.0,0.0,0.0,0.0,1,2,0
113416000,113416000,0.0,0.0,0.541,0.0,0.0,0.0,0.0,0.0,0.0,0.0,0.0,1,2,0
113576000,113576000,0.0,0.0,0.541,0.0,0.0,0.0,0.0,0.0,0.0,0.0,0.0,1,2,0
113816000,113816000,0.0,0.0,0.541,0.0,0.0,0.0,0.0,0.0,0.0,0.0,0.0,1,2,0
113980000,113980000,0.0,0.0,0.541,0.0,0.0,0.0,0.0,0.0,0.0,0.0,0.0,1,2,0
114184000,114184000,0.0,0.0,0.541,0.0,0.0,0.0,0.0,0.0,0.0,0.0,0.0,1,2,0
114412000,114412000,0.0,0.0,0.541,0.0,0.0,0.0,0.0,0.0,0.0,0.0,0.0,1,2,0
114576000,114576000,0.0,0.0,0.541,0.0,0.0,0.0,0.0,0.0,0.0,0.0,0.0,1,2,0
114816000,114816000,0.0,0.0,0.541,0.0,0.0,0.0,0.0,0.0,0.0,0.0,0.0,1,2,0
115016000,115016000,0.0,0.0,0.541,0.0,0.0,0.0,0.0,0.0,0.0,0.0,0.0,1,2,0
115212000,115212000,0.0,0.0,0.541,0.0,0.0,0.0,0.0,0.0,0.0,0.0,0.0,1,2,0
115416000,115416000,0.0,0.0,0.541,0.0,0.0,0.0,0.0,0.0,0.0,0.0,0.0,1,2,0
115616000,115616000,0.0,0.0,0.541,0.0,0.0,0.0,0.0,0.0,0.0,0.0,0.0,1,2,0
115772000,115772000,0.0,0.0,0.541,0.0,0.0,0.0,0.0,0.0,0.0,0.0,0.0,1,2,0
116016000,116016000,0.0,0.0,0.541,0.0,0.0,0.0,0.0,0.0,0.0,0.0,0.0,1,2,0
116212000,116212000,0.0,0.0,0.541,0.0,0.0,0.0,0.0,0.0,0.0,0.0,0.0,1,2,0
116412000,116412000,0.0,0.0,0.541,0.0,0.0,0.0,0.0,0.0,0.0,0.0,0.0,1,2,0
116576000,116576000,0.0,0.0,0.541,0.0,0.0,0.0,0.0,0.0,0.0,0.0,0.0,1,2,0
116804000,116804000,0.0,0.0,0.541,0.0,0.0,0.0,0.0,0.0,0.0,0.0,0.0,1,2,0
117004000,117004000,0.0,0.0,0.541,0.0,0.0,0.0,0.0,0.0,0.0,0.0,0.0,1,2,0
117204000,117204000,0.0,0.0,0.541,0.0,0.0,0.0,0.0,0.0,0.0,0.0,0.0,1,2,0
117392000,117392000,0.0,0.0,0.541,0.0,0.0,0.0,0.0,0.0,0.0,0.0,0.0,1,2,0
117612000,117608000,0.0,0.0,0.541,0.0,0.0,0.0,0.0,0.0,0.0,0.0,0.0,1,2,0
117804000,117804000,0.0,0.0,0.541,0.0,0.0,0.0,0.0,0.0,0.0,0.0,0.0,1,2,0
118004000,118004000,0.0,0.0,0.541,0.0,0.0,0.0,0.0,0.0,0.0,0.0,0.0,1,2,0
118200000,118200000,0.0,0.0,0.541,0.0,0.0,0.0,0.0,0.0,0.0,0.0,0.0,1,2,0
118400000,118400000,0.0,0.0,0.541,0.0,0.0,0.0,0.0,0.0,0.0,0.0,0.0,1,2,0
118608000,118608000,0.0,0.0,0.541,0.0,0.0,0.0,0.0,0.0,0.0,0.0,0.0,1,2,0
118804000,118804000,0.0,0.0,0.541,0.0,0.0,0.0,0.0,0.0,0.0,0.0,0.0,1,2,0
119012000,119012000,0.0,0.0,0.541,0.0,0.0,0.0,0.0,0.0,0.0,0.0,0.0,1,2,0
119220000,119220000,0.0,0.0,0.541,0.0,0.0,0.0,0.0,0.0,0.0,0.0,0.0,1,2,0
119408000,119408000,0.0,0.0,0.541,0.0,0.0,0.0,0.0,0.0,0.0,0.0,0.0,1,2,0
119616000,119616000,0.0,0.0,0.541,0.0,0.0,0.0,0.0,0.0,0.0,0.0,0.0,1,2,0
119812000,119812000,0.0,0.0,0.541,0.0,0.0,0.0,0.0,0.0,0.0,0.0,0.0,1,2,0
119996000,119996000,0.0,0.0,0.541,0.0,0.0,0.0,0.0,0.0,0.0,0.0,0.0,1,2,0
120216000,120216000,0.0,0.0,0.541,0.0,0.0,0.0,0.0,0.0,0.0,0.0,0.0,1,2,0
120408000,120408000,0.0,0.0,0.541,0.0,0.0,0.0,0.0,0.0,0.0,0.0,0.0,1,2,0
120620000,120620000,0.0,0.0,0.541,0.0,0.0,0.0,0.0,0.0,0.0,0.0,0.0,1,2,0
120812000,120812000,0.0,0.0,0.541,0.0,0.0,0.0,0.0,0.0,0.0,0.0,0.0,1,2,0
121004000,121004000,0.0,0.0,0.541,0.0,0.0,0.0,0.0,0.0,0.0,0.0,0.0,1,2,0
121216000,121216000,0.0,0.0,0.541,0.0,0.0,0.0,0.0,0.0,0.0,0.0,0.0,1,2,0
121400000,121396000,0.0,0.0,0.541,0.0,0.0,0.0,0.0,0.0,0.0,0.0,0.0,1,2,0
121612000,121612000,0.0,0.0,0.541,0.0,0.0,0.0,0.0,0.0,0.0,0.0,0.0,1,2,0
121784000,121784000,0.0,0.0,0.541,0.0,0.0,0.0,0.0,0.0,0.0,0.0,0.0,1,2,0
122000000,122000000,0.0,0.0,0.541,0.0,0.0,0.0,0.0,0.0,0.0,0.0,0.0,1,2,0
122196000,122196000,0.0,0.0,0.541,0.0,0.0,0.0,0.0,0.0,0.0,0.0,0.0,1,2,0
122396000,122396000,0.0,0.0,0.541,0.0,0.0,0.0,0.0,0.0,0.0,0.0,0.0,1,2,0
122608000,122608000,0.0,0.0,0.541,0.0,0.0,0.0,0.0,0.0,0.0,0.0,0.0,1,2,0
122792000,122792000,0.0,0.0,0.541,0.0,0.0,0.0,0.0,0.0,0.0,0.0,0.0,1,2,0
123012000,123012000,0.0,0.0,0.541,0.0,0.0,0.0,0.0,0.0,0.0,0.0,0.0,1,2,0
123216000,123216000,0.0,0.0,0.541,0.0,0.0,0.0,0.0,0.0,0.0,0.0,0.0,1,2,0
123420000,123420000,0.0,0.0,0.541,0.0,0.0,0.0,0.0,0.0,0.0,0.0,0.0,1,2,0
123612000,123612000,0.0,0.0,0.541,0.0,0.0,0.0,0.0,0.0,0.0,0.0,0.0,1,2,0
123796000,123796000,0.0,0.0,0.541,0.0,0.0,0.0,0.0,0.0,0.0,0.0,0.0,1,2,0
124016000,124016000,0.0,0.0,0.541,0.0,0.0,0.0,0.0,0.0,0.0,0.0,0.0,1,2,0
124196000,124196000,0.0,0.0,0.541,0.0,0.0,0.0,0.0,0.0,0.0,0.0,0.0,1,2,0
124388000,124388000,0.0,0.0,0.541,0.0,0.0,0.0,0.0,0.0,0.0,0.0,0.0,1,2,0
124612000,124612000,0.0,0.0,0.541,0.0,0.0,0.0,0.0,0.0,0.0,0.0,0.0,1,2,0
124812000,124812000,0.0,0.0,0.541,0.0,0.0,0.0,0.0,0.0,0.0,0.0,0.0,1,2,0
125020000,125020000,0.0,0.0,0.541,0.0,0.0,0.0,0.0,0.0,0.0,0.0,0.0,1,2,0
125216000,125216000,0.0,0.0,0.541,0.0,0.0,0.0,0.0,0.0,0.0,0.0,0.0,1,2,0
125416000,125416000,0.0,0.0,0.541,0.0,0.0,0.0,0.0,0.0,0.0,0.0,0.0,1,2,0
125616000,125616000,0.0,0.0,0.541,0.0,0.0,0.0,0.0,0.0,0.0,0.0,0.0,1,2,0
125812000,125812000,0.0,0.0,0.541,0.0,0.0,0.0,0.0,0.0,0.0,0.0,0.0,1,2,0
126008000,126008000,0.0,0.0,0.541,0.0,0.0,0.0,0.0,0.0,0.0,0.0,0.0,1,2,0
126212000,126212000,0.0,0.0,0.541,0.0,0.0,0.0,0.0,0.0,0.0,0.0,0.0,1,2,0
126420000,126420000,0.0,0.0,0.541,0.0,0.0,0.0,0.0,0.0,0.0,0.0,0.0,1,2,0
126596000,126596000,0.0,0.0,0.541,0.0,0.0,0.0,0.0,0.0,0.0,0.0,0.0,1,2,0
126788000,126788000,0.0,0.0,0.541,0.0,0.0,0.0,0.0,0.0,0.0,0.0,0.0,1,2,0
126988000,126988000,0.0,0.0,0.541,0.0,0.0,0.0,0.0,0.0,0.0,0.0,0.0,1,2,0
127220000,127220000,0.0,0.0,0.541,0.0,0.0,0.0,0.0,0.0,0.0,0.0,0.0,1,2,0
127388000,127388000,0.0,0.0,0.541,0.0,0.0,0.0,0.0,0.0,0.0,0.0,0.0,1,2,0
127600000,127600000,0.0,0.0,0.541,0.0,0.0,0.0,0.0,0.0,0.0,0.0,0.0,1,2,0
127800000,127800000,0.0,0.0,0.541,0.0,0.0,0.0,0.0,0.0,0.0,0.0,0.0,1,2,0
127988000,127988000,0.0,0.0,0.541,0.0,0.0,0.0,0.0,0.0,0.0,0.0,0.0,1,2,0
128212000,128212000,0.0,0.0,0.541,0.0,0.0,0.0,0.0,0.0,0.0,0.0,0.0,1,2,0
128416000,128416000,0.0,0.0,0.541,0.0,0.0,0.0,0.0,0.0,0.0,0.0,0.0,1,2,0
128608000,128608000,0.0,0.0,0.541,0.0,0.0,0.0,0.0,0.0,0.0,0.0,0.0,1,2,0
128804000,128804000,0.0,0.0,0.541,0.0,0.0,0.0,0.0,0.0,0.0,0.0,0.0,1,2,0
129012000,129012000,0.0,0.0,0.541,0.0,0.0,0.0,0.0,0.0,0.0,0.0,0.0,1,2,0
129212000,129212000,0.0,0.0,0.541,0.0,0.0,0.0,0.0,0.0,0.0,0.0,0.0,1,2,0
129408000,129408000,0.0,0.0,0.541,0.0,0.0,0.0,0.0,0.0,0.0,0.0,0.0,1,2,0
129616000,129616000,0.0,0.0,0.541,0.0,0.0,0.0,0.0,0.0,0.0,0.0,0.0,1,2,0
129820000,129820000,0.0,0.0,0.541,0.0,0.0,0.0,0.0,0.0,0.0,0.0,0.0,1,2,0
130012000,130012000,0.0,0.0,0.541,0.0,0.0,0.0,0.0,0.0,0.0,0.0,0.0,1,2,0
130048000,130048000,0.0,0.0,0.541,0.0,0.0,0.0,0.0,0.0,0.0,0.0,0.0,1,2,0
130392000,130392000,0.0,0.0,0.541,0.0,0.0,0.0,0.0,0.0,0.0,0.0,0.0,1,2,0
130616000,130616000,0.0,0.0,0.541,0.0,0.0,0.0,0.0,0.0,0.0,0.0,0.0,1,2,0
130820000,130820000,0.0,0.0,0.541,0.0,0.0,0.0,0.0,0.0,0.0,0.0,0.0,1,2,0
131016000,131016000,0.0,0.0,0.541,0.0,0.0,0.0,0.0,0.0,0.0,0.0,0.0,1,2,0
131196000,131196000,0.0,0.0,0.541,0.0,0.0,0.0,0.0,0.0,0.0,0.0,0.0,1,2,0
131408000,131408000,0.0,0.0,0.541,0.0,0.0,0.0,0.0,0.0,0.0,0.0,0.0,1,2,0
131616000,131616000,0.0,0.0,0.541,0.0,0.0,0.0,0.0,0.0,0.0,0.0,0.0,1,2,0
131804000,131804000,0.0,0.0,0.541,0.0,0.0,0.0,0.0,0.0,0.0,0.0,0.0,1,2,0
131996000,131996000,0.0,0.0,0.541,0.0,0.0,0.0,0.0,0.0,0.0,0.0,0.0,1,2,0
132200000,132200000,0.0,0.0,0.541,0.0,0.0,0.0,0.0,0.0,0.0,0.0,0.0,1,2,0
132396000,132396000,0.0,0.0,0.541,0.0,0.0,0.0,0.0,0.0,0.0,0.0,0.0,1,2,0
132608000,132608000,0.0,0.0,0.541,0.0,0.0,0.0,0.0,0.0,0.0,0.0,0.0,1,2,0
132800000,132800000,0.0,0.0,0.541,0.0,0.0,0.0,0.0,0.0,0.0,0.0,0.0,1,2,0
133004000,133004000,0.0,0.0,0.541,0.0,0.0,0.0,0.0,0.0,0.0,0.0,0.0,1,2,0
133196000,133196000,0.0,0.0,0.541,0.0,0.0,0.0,0.0,0.0,0.0,0.0,0.0,1,2,0
133408000,133408000,0.0,0.0,0.541,0.0,0.0,0.0,0.0,0.0,0.0,0.0,0.0,1,2,0
133612000,133612000,0.0,0.0,0.541,0.0,0.0,0.0,0.0,0.0,0.0,0.0,0.0,1,2,0
133808000,133808000,0.0,0.0,0.541,0.0,0.0,0.0,0.0,0.0,0.0,0.0,0.0,1,2,0
134000000,134000000,0.0,0.0,0.541,0.0,0.0,0.0,0.0,0.0,0.0,0.0,0.0,1,2,0
134196000,134196000,0.0,0.0,0.541,0.0,0.0,0.0,0.0,0.0,0.0,0.0,0.0,1,2,0
134392000,134392000,0.0,0.0,0.541,0.0,0.0,0.0,0.0,0.0,0.0,0.0,0.0,1,2,0
134600000,134600000,0.0,0.0,0.541,0.0,0.0,0.0,0.0,0.0,0.0,0.0,0.0,1,2,0
134784000,134784000,0.0,0.0,0.541,0.0,0.0,0.0,0.0,0.0,0.0,0.0,0.0,1,2,0
135000000,135000000,0.0,0.0,0.541,0.0,0.0,0.0,0.0,0.0,0.0,0.0,0.0,1,2,0
135184000,135184000,0.0,0.0,0.541,0.0,0.0,0.0,0.0,0.0,0.0,0.0,0.0,1,2,0
135392000,135392000,0.0,0.0,0.541,0.0,0.0,0.0,0.0,0.0,0.0,0.0,0.0,1,2,0
135596000,135596000,0.0,0.0,0.541,0.0,0.0,0.0,0.0,0.0,0.0,0.0,0.0,1,2,0
135788000,135788000,0.0,0.0,0.541,0.0,0.0,0.0,0.0,0.0,0.0,0.0,0.0,1,2,0
135988000,135988000,0.0,0.0,0.541,0.0,0.0,0.0,0.0,0.0,0.0,0.0,0.0,1,2,0
136192000,136192000,0.0,0.0,0.541,0.0,0.0,0.0,0.0,0.0,0.0,0.0,0.0,1,2,0
136420000,136420000,0.0,0.0,0.541,0.0,0.0,0.0,0.0,0.0,0.0,0.0,0.0,1,2,0
136588000,136588000,0.0,0.0,0.541,0.0,0.0,0.0,0.0,0.0,0.0,0.0,0.0,1,2,0
136816000,136816000,0.0,0.0,0.541,0.0,0.0,0.0,0.0,0.0,0.0,0.0,0.0,1,2,0
137016000,137016000,0.0,0.0,0.541,0.0,0.0,0.0,0.0,0.0,0.0,0.0,0.0,1,2,0
137184000,137184000,0.0,0.0,0.541,0.0,0.0,0.0,0.0,0.0,0.0,0.0,0.0,1,2,0
137420000,137420000,0.0,0.0,0.541,0.0,0.0,0.0,0.0,0.0,0.0,0.0,0.0,1,2,0
137620000,137620000,0.0,0.0,0.541,0.0,0.0,0.0,0.0,0.0,0.0,0.0,0.0,1,2,0
137820000,137820000,0.0,0.0,0.541,0.0,0.0,0.0,0.0,0.0,0.0,0.0,0.0,1,2,0
138008000,138008000,0.0,0.0,0.541,0.0,0.0,0.0,0.0,0.0,0.0,0.0,0.0,1,2,0
138180000,138180000,0.0,0.0,0.541,0.0,0.0,0.0,0.0,0.0,0.0,0.0,0.0,1,2,0
138380000,138380000,0.0,0.0,0.541,0.0,0.0,0.0,0.0,0.0,0.0,0.0,0.0,1,2,0
138608000,138608000,0.0,0.0,0.541,0.0,0.0,0.0,0.0,0.0,0.0,0.0,0.0,1,2,0
138812000,138812000,0.0,0.0,0.541,0.0,0.0,0.0,0.0,0.0,0.0,0.0,0.0,1,2,0
139020000,139020000,0.0,0.0,0.541,0.0,0.0,0.0,0.0,0.0,0.0,0.0,0.0,1,2,0
139208000,139208000,0.0,0.0,0.541,0.0,0.0,0.0,0.0,0.0,0.0,0.0,0.0,1,2,0
139404000,139404000,0.0,0.0,0.541,0.0,0.0,0.0,0.0,0.0,0.0,0.0,0.0,1,2,0
139608000,139608000,0.0,0.0,0.541,0.0,0.0,0.0,0.0,0.0,0.0,0.0,0.0,1,2,0
139804000,139804000,0.0,0.0,0.541,0.0,0.0,0.0,0.0,0.0,0.0,0.0,0.0,1,2,0
140008000,140008000,0.0,0.0,0.541,0.0,0.0,0.0,0.0,0.0,0.0,0.0,0.0,1,2,0
140216000,140216000,0.0,0.0,0.541,0.0,0.0,0.0,0.0,0.0,0.0,0.0,0.0,1,2,0
140420000,140420000,0.0,0.0,0.541,0.0,0.0,0.0,0.0,0.0,0.0,0.0,0.0,1,2,0
140608000,140608000,0.0,0.0,0.541,0.0,0.0,0.0,0.0,0.0,0.0,0.0,0.0,1,2,0
140796000,140796000,0.0,0.0,0.541,0.0,0.0,0.0,0.0,0.0,0.0,0.0,0.0,1,2,0
141012000,141012000,0.0,0.0,0.541,0.0,0.0,0.0,0.0,0.0,0.0,0.0,0.0,1,2,0
141212000,141212000,0.0,0.0,0.541,0.0,0.0,0.0,0.0,0.0,0.0,0.0,0.0,1,2,0
141408000,141408000,0.0,0.0,0.541,0.0,0.0,0.0,0.0,0.0,0.0,0.0,0.0,1,2,0
141608000,141608000,0.0,0.0,0.541,0.0,0.0,0.0,0.0,0.0,0.0,0.0,0.0,1,2,0
141804000,141804000,0.0,0.0,0.541,0.0,0.0,0.0,0.0,0.0,0.0,0.0,0.0,1,2,0
142012000,142012000,0.0,0.0,0.541,0.0,0.0,0.0,0.0,0.0,0.0,0.0,0.0,1,2,0
142208000,142208000,0.0,0.0,0.541,0.0,0.0,0.0,0.0,0.0,0.0,0.0,0.0,1,2,0
142408000,142408000,0.0,0.0,0.541,0.0,0.0,0.0,0.0,0.0,0.0,0.0,0.0,1,2,0
142608000,142608000,0.0,0.0,0.541,0.0,0.0,0.0,0.0,0.0,0.0,0.0,0.0,1,2,0
142804000,142804000,0.0,0.0,0.541,0.0,0.0,0.0,0.0,0.0,0.0,0.0,0.0,1,2,0
143004000,143004000,0.0,0.0,0.541,0.0,0.0,0.0,0.0,0.0,0.0,0.0,0.0,1,2,0
143216000,143216000,0.0,0.0,0.541,0.0,0.0,0.0,0.0,0.0,0.0,0.0,0.0,1,2,0
143408000,143408000,0.0,0.0,0.541,0.0,0.0,0.0,0.0,0.0,0.0,0.0,0.0,1,2,0
143588000,143588000,0.0,0.0,0.541,0.0,0.0,0.0,0.0,0.0,0.0,0.0,0.0,1,2,0
143804000,143804000,0.0,0.0,0.541,0.0,0.0,0.0,0.0,0.0,0.0,0.0,0.0,1,2,0
144008000,144008000,0.0,0.0,0.541,0.0,0.0,0.0,0.0,0.0,0.0,0.0,0.0,1,2,0
144192000,144192000,0.0,0.0,0.541,0.0,0.0,0.0,0.0,0.0,0.0,0.0,0.0,1,2,0
144400000,144400000,0.0,0.0,0.541,0.0,0.0,0.0,0.0,0.0,0.0,0.0,0.0,1,2,0
144612000,144612000,0.0,0.0,0.541,0.0,0.0,0.0,0.0,0.0,0.0,0.0,0.0,1,2,0
144804000,144804000,0.0,0.0,0.541,0.0,0.0,0.0,0.0,0.0,0.0,0.0,0.0,1,2,0
145000000,145000000,0.0,0.0,0.541,0.0,0.0,0.0,0.0,0.0,0.0,0.0,0.0,1,2,0
145208000,145208000,0.0,0.0,0.541,0.0,0.0,0.0,0.0,0.0,0.0,0.0,0.0,1,2,0
145404000,145404000,0.0,0.0,0.541,0.0,0.0,0.0,0.0,0.0,0.0,0.0,0.0,1,2,0
145604000,145604000,0.0,0.0,0.541,0.0,0.0,0.0,0.0,0.0,0.0,0.0,0.0,1,2,0
145800000,145800000,0.0,0.0,0.541,0.0,0.0,0.0,0.0,0.0,0.0,0.0,0.0,1,2,0
146016000,146016000,0.0,0.0,0.541,0.0,0.0,0.0,0.0,0.0,0.0,0.0,0.0,1,2,0
146208000,146208000,0.0,0.0,0.541,0.0,0.0,0.0,0.0,0.0,0.0,0.0,0.0,1,2,0
146396000,146396000,0.0,0.0,0.541,0.0,0.0,0.0,0.0,0.0,0.0,0.0,0.0,1,2,0
146592000,146592000,0.0,0.0,0.541,0.0,0.0,0.0,0.0,0.0,0.0,0.0,0.0,1,2,0
146792000,146792000,0.0,0.0,0.541,0.0,0.0,0.0,0.0,0.0,0.0,0.0,0.0,1,2,0
146992000,146992000,0.0,0.0,0.541,0.0,0.0,0.0,0.0,0.0,0.0,0.0,0.0,1,2,0
147196000,147196000,0.0,0.0,0.541,0.0,0.0,0.0,0.0,0.0,0.0,0.0,0.0,1,2,0
147396000,147396000,0.0,0.0,0.541,0.0,0.0,0.0,0.0,0.0,0.0,0.0,0.0,1,2,0
147604000,147604000,0.0,0.0,0.541,0.0,0.0,0.0,0.0,0.0,0.0,0.0,0.0,1,2,0
147796000,147796000,0.0,0.0,0.541,0.0,0.0,0.0,0.0,0.0,0.0,0.0,0.0,1,2,0
147996000,147996000,0.0,0.0,0.541,0.0,0.0,0.0,0.0,0.0,0.0,0.0,0.0,1,2,0
148192000,148192000,0.0,0.0,0.541,0.0,0.0,0.0,0.0,0.0,0.0,0.0,0.0,1,2,0
148392000,148392000,0.0,0.0,0.541,0.0,0.0,0.0,0.0,0.0,0.0,0.0,0.0,1,2,0
148596000,148596000,0.0,0.0,0.541,0.0,0.0,0.0,0.0,0.0,0.0,0.0,0.0,1,2,0
148796000,148796000,0.0,0.0,0.541,0.0,0.0,0.0,0.0,0.0,0.0,0.0,0.0,1,2,0
148992000,148992000,0.0,0.0,0.541,0.0,0.0,0.0,0.0,0.0,0.0,0.0,0.0,1,2,0
149220000,149220000,0.0,0.0,0.541,0.0,0.0,0.0,0.0,0.0,0.0,0.0,0.0,1,2,0
149420000,149420000,0.0,0.0,0.541,0.0,0.0,0.0,0.0,0.0,0.0,0.0,0.0,1,2,0
149612000,149612000,0.0,0.0,0.541,0.0,0.0,0.0,0.0,0.0,0.0,0.0,0.0,1,2,0
149816000,149816000,0.0,0.0,0.541,0.0,0.0,0.0,0.0,0.0,0.0,0.0,0.0,1,2,0
150016000,150016000,0.0,0.0,0.541,0.0,0.0,0.0,0.0,0.0,0.0,0.0,0.0,1,2,0
150216000,150216000,0.0,0.0,0.541,0.0,0.0,0.0,0.0,0.0,0.0,0.0,0.0,1,2,0
150420000,150420000,0.0,0.0,0.541,0.0,0.0,0.0,0.0,0.0,0.0,0.0,0.0,1,2,0
150616000,150616000,0.0,0.0,0.541,0.0,0.0,0.0,0.0,0.0,0.0,0.0,0.0,1,2,0
150816000,150816000,0.0,0.0,0.541,0.0,0.0,0.0,0.0,0.0,0.0,0.0,0.0,1,2,0
151016000,151016000,0.0,0.0,0.541,0.0,0.0,0.0,0.0,0.0,0.0,0.0,0.0,1,2,0
151216000,151216000,0.0,0.0,0.541,0.0,0.0,0.0,0.0,0.0,0.0,0.0,0.0,1,2,0
151416000,151416000,0.0,0.0,0.541,0.0,0.0,0.0,0.0,0.0,0.0,0.0,0.0,1,2,0
151612000,151612000,0.0,0.0,0.541,0.0,0.0,0.0,0.0,0.0,0.0,0.0,0.0,1,2,0
151820000,151820000,0.0,0.0,0.541,0.0,0.0,0.0,0.0,0.0,0.0,0.0,0.0,1,2,0
152012000,152012000,0.0,0.0,0.541,0.0,0.0,0.0,0.0,0.0,0.0,0.0,0.0,1,2,0
152212000,152212000,0.0,0.0,0.541,0.0,0.0,0.0,0.0,0.0,0.0,0.0,0.0,1,2,0
152372000,152372000,0.0,0.0,0.541,0.0,0.0,0.0,0.0,0.0,0.0,0.0,0.0,1,2,0
152608000,152608000,0.0,0.0,0.541,0.0,0.0,0.0,0.0,0.0,0.0,0.0,0.0,1,2,0
152808000,152808000,0.0,0.0,0.541,0.0,0.0,0.0,0.0,0.0,0.0,0.0,0.0,1,2,0
153012000,153012000,0.0,0.0,0.541,0.0,0.0,0.0,0.0,0.0,0.0,0.0,0.0,1,2,0
153208000,153208000,0.0,0.0,0.541,0.0,0.0,0.0,0.0,0.0,0.0,0.0,0.0,1,2,0
153380000,153380000,0.0,0.0,0.541,0.0,0.0,0.0,0.0,0.0,0.0,0.0,0.0,1,2,0
153616000,153616000,0.0,0.0,0.541,0.0,0.0,0.0,0.0,0.0,0.0,0.0,0.0,1,2,0
153788000,153784000,0.0,0.0,0.541,0.0,0.0,0.0,0.0,0.0,0.0,0.0,0.0,1,2,0
154016000,154016000,0.0,0.0,0.541,0.0,0.0,0.0,0.0,0.0,0.0,0.0,0.0,1,2,0
154192000,154192000,0.0,0.0,0.541,0.0,0.0,0.0,0.0,0.0,0.0,0.0,0.0,1,2,0
154400000,154400000,0.0,0.0,0.541,0.0,0.0,0.0,0.0,0.0,0.0,0.0,0.0,1,2,0
154616000,154616000,0.0,0.0,0.541,0.0,0.0,0.0,0.0,0.0,0.0,0.0,0.0,1,2,0
154808000,154808000,0.0,0.0,0.541,0.0,0.0,0.0,0.0,0.0,0.0,0.0,0.0,1,2,0
155000000,155000000,0.0,0.0,0.541,0.0,0.0,0.0,0.0,0.0,0.0,0.0,0.0,1,2,0
155208000,155208000,0.0,0.0,0.541,0.0,0.0,0.0,0.0,0.0,0.0,0.0,0.0,1,2,0
155416000,155416000,0.0,0.0,0.541,0.0,0.0,0.0,0.0,0.0,0.0,0.0,0.0,1,2,0
155620000,155620000,0.0,0.0,0.541,0.0,0.0,0.0,0.0,0.0,0.0,0.0,0.0,1,2,0
155812000,155812000,0.0,0.0,0.541,0.0,0.0,0.0,0.0,0.0,0.0,0.0,0.0,1,2,0
155976000,155976000,0.0,0.0,0.541,0.0,0.0,0.0,0.0,0.0,0.0,0.0,0.0,1,2,0
156216000,156216000,0.0,0.0,0.541,0.0,0.0,0.0,0.0,0.0,0.0,0.0,0.0,1,2,0
156416000,156416000,0.0,0.0,0.541,0.0,0.0,0.0,0.0,0.0,0.0,0.0,0.0,1,2,0
156608000,156608000,0.0,0.0,0.541,0.0,0.0,0.0,0.0,0.0,0.0,0.0,0.0,1,2,0
156816000,156812000,0.0,0.0,0.541,0.0,0.0,0.0,0.0,0.0,0.0,0.0,0.0,1,2,0
157012000,157012000,0.0,0.0,0.541,0.0,0.0,0.0,0.0,0.0,0.0,0.0,0.0,1,2,0
157212000,157212000,0.0,0.0,0.541,0.0,0.0,0.0,0.0,0.0,0.0,0.0,0.0,1,2,0
157408000,157408000,0.0,0.0,0.541,0.0,0.0,0.0,0.0,0.0,0.0,0.0,0.0,1,2,0
157608000,157608000,0.0,0.0,0.541,0.0,0.0,0.0,0.0,0.0,0.0,0.0,0.0,1,2,0
157804000,157804000,0.0,0.0,0.541,0.0,0.0,0.0,0.0,0.0,0.0,0.0,0.0,1,2,0
157988000,157988000,0.0,0.0,0.541,0.0,0.0,0.0,0.0,0.0,0.0,0.0,0.0,1,2,0
158200000,158200000,0.0,0.0,0.541,0.0,0.0,0.0,0.0,0.0,0.0,0.0,0.0,1,2,0
158416000,158416000,0.0,0.0,0.541,0.0,0.0,0.0,0.0,0.0,0.0,0.0,0.0,1,2,0
158608000,158608000,0.0,0.0,0.541,0.0,0.0,0.0,0.0,0.0,0.0,0.0,0.0,1,2,0
158796000,158796000,0.0,0.0,0.541,0.0,0.0,0.0,0.0,0.0,0.0,0.0,0.0,1,2,0
158996000,158996000,0.0,0.0,0.541,0.0,0.0,0.0,0.0,0.0,0.0,0.0,0.0,1,2,0
159192000,159192000,0.0,0.0,0.541,0.0,0.0,0.0,0.0,0.0,0.0,0.0,0.0,1,2,0
159396000,159396000,0.0,0.0,0.541,0.0,0.0,0.0,0.0,0.0,0.0,0.0,0.0,1,2,0
159600000,159600000,0.0,0.0,0.541,0.0,0.0,0.0,0.0,0.0,0.0,0.0,0.0,1,2,0
159792000,159792000,0.0,0.0,0.541,0.0,0.0,0.0,0.0,0.0,0.0,0.0,0.0,1,2,0
159956000,159956000,0.0,0.0,0.541,0.0,0.0,0.0,0.0,0.0,0.0,0.0,0.0,1,2,0
160212000,160208000,0.0,0.0,0.541,0.0,0.0,0.0,0.0,0.0,0.0,0.0,0.0,1,2,0
160408000,160408000,0.0,0.0,0.541,0.0,0.0,0.0,0.0,0.0,0.0,0.0,0.0,1,2,0
160608000,160608000,0.0,0.0,0.541,0.0,0.0,0.0,0.0,0.0,0.0,0.0,0.0,1,2,0
160804000,160804000,0.0,0.0,0.541,0.0,0.0,0.0,0.0,0.0,0.0,0.0,0.0,1,2,0
161004000,161004000,0.0,0.0,0.541,0.0,0.0,0.0,0.0,0.0,0.0,0.0,0.0,1,2,0
161204000,161204000,0.0,0.0,0.541,0.0,0.0,0.0,0.0,0.0,0.0,0.0,0.0,1,2,0
161408000,161408000,0.0,0.0,0.541,0.0,0.0,0.0,0.0,0.0,0.0,0.0,0.0,1,2,0
161612000,161612000,0.0,0.0,0.541,0.0,0.0,0.0,0.0,0.0,0.0,0.0,0.0,1,2,0
161808000,161808000,0.0,0.0,0.541,0.0,0.0,0.0,0.0,0.0,0.0,0.0,0.0,1,2,0
161996000,161996000,0.0,0.0,0.541,0.0,0.0,0.0,0.0,0.0,0.0,0.0,0.0,1,2,0
162184000,162184000,0.0,0.0,0.541,0.0,0.0,0.0,0.0,0.0,0.0,0.0,0.0,1,2,0
162384000,162384000,0.0,0.0,0.541,0.0,0.0,0.0,0.0,0.0,0.0,0.0,0.0,1,2,0
162592000,162592000,0.0,0.0,0.541,0.0,0.0,0.0,0.0,0.0,0.0,0.0,0.0,1,2,0
162792000,162792000,0.0,0.0,0.541,0.0,0.0,0.0,0.0,0.0,0.0,0.0,0.0,1,2,0
162988000,162988000,0.0,0.0,0.541,0.0,0.0,0.0,0.0,0.0,0.0,0.0,0.0,1,2,0
163180000,163180000,0.0,0.0,0.541,0.0,0.0,0.0,0.0,0.0,0.0,0.0,0.0,1,2,0
163416000,163416000,0.0,0.0,0.541,0.0,0.0,0.0,0.0,0.0,0.0,0.0,0.0,1,2,0
163620000,163620000,0.0,0.0,0.541,0.0,0.0,0.0,0.0,0.0,0.0,0.0,0.0,1,2,0
163784000,163784000,0.0,0.0,0.541,0.0,0.0,0.0,0.0,0.0,0.0,0.0,0.0,1,2,0
163992000,163992000,0.0,0.0,0.541,0.0,0.0,0.0,0.0,0.0,0.0,0.0,0.0,1,2,0
164196000,164196000,0.0,0.0,0.541,0.0,0.0,0.0,0.0,0.0,0.0,0.0,0.0,1,2,0
164396000,164396000,0.0,0.0,0.541,0.0,0.0,0.0,0.0,0.0,0.0,0.0,0.0,1,2,0
164604000,164604000,0.0,0.0,0.541,0.0,0.0,0.0,0.0,0.0,0.0,0.0,0.0,1,2,0
164804000,164804000,0.0,0.0,0.541,0.0,0.0,0.0,0.0,0.0,0.0,0.0,0.0,1,2,0
165008000,165008000,0.0,0.0,0.541,0.0,0.0,0.0,0.0,0.0,0.0,0.0,0.0,1,2,0
165184000,165184000,0.0,0.0,0.541,0.0,0.0,0.0,0.0,0.0,0.0,0.0,0.0,1,2,0
165388000,165388000,0.0,0.0,0.541,0.0,0.0,0.0,0.0,0.0,0.0,0.0,0.0,1,2,0
165584000,165584000,0.0,0.0,0.541,0.0,0.0,0.0,0.0,0.0,0.0,0.0,0.0,1,2,0
165780000,165780000,0.0,0.0,0.541,0.0,0.0,0.0,0.0,0.0,0.0,0.0,0.0,1,2,0
165988000,165988000,0.0,0.0,0.541,0.0,0.0,0.0,0.0,0.0,0.0,0.0,0.0,1,2,0
166196000,166196000,0.0,0.0,0.541,0.0,0.0,0.0,0.0,0.0,0.0,0.0,0.0,1,2,0
166384000,166384000,0.0,0.0,0.541,0.0,0.0,0.0,0.0,0.0,0.0,0.0,0.0,1,2,0
166584000,166584000,0.0,0.0,0.541,0.0,0.0,0.0,0.0,0.0,0.0,0.0,0.0,1,2,0
166788000,166788000,0.0,0.0,0.541,0.0,0.0,0.0,0.0,0.0,0.0,0.0,0.0,1,2,0
166996000,166996000,0.0,0.0,0.541,0.0,0.0,0.0,0.0,0.0,0.0,0.0,0.0,1,2,0
167184000,167184000,0.0,0.0,0.541,0.0,0.0,0.0,0.0,0.0,0.0,0.0,0.0,1,2,0
167380000,167380000,0.0,0.0,0.541,0.0,0.0,0.0,0.0,0.0,0.0,0.0,0.0,1,2,0
167592000,167592000,0.0,0.0,0.541,0.0,0.0,0.0,0.0,0.0,0.0,0.0,0.0,1,2,0
167816000,167816000,0.0,0.0,0.541,0.0,0.0,0.0,0.0,0.0,0.0,0.0,0.0,1,2,0
168024000,168020000,0.0,0.0,0.541,0.0,0.0,0.0,0.0,0.0,0.0,0.0,0.0,1,2,0
168184000,168184000,0.0,0.0,0.541,0.0,0.0,0.0,0.0,0.0,0.0,0.0,0.0,1,2,0
168384000,168384000,0.0,0.0,0.541,0.0,0.0,0.0,0.0,0.0,0.0,0.0,0.0,1,2,0
168592000,168592000,0.0,0.0,0.541,0.0,0.0,0.0,0.0,0.0,0.0,0.0,0.0,1,2,0
168784000,168784000,0.0,0.0,0.541,0.0,0.0,0.0,0.0,0.0,0.0,0.0,0.0,1,2,0
169020000,169020000,0.0,0.0,0.541,0.0,0.0,0.0,0.0,0.0,0.0,0.0,0.0,1,2,0
169176000,169176000,0.0,0.0,0.541,0.0,0.0,0.0,0.0,0.0,0.0,0.0,0.0,1,2,0
169424000,169424000,0.0,0.0,0.541,0.0,0.0,0.0,0.0,0.0,0.0,0.0,0.0,1,2,0
169616000,169616000,0.0,0.0,0.541,0.0,0.0,0.0,0.0,0.0,0.0,0.0,0.0,1,2,0
169816000,169816000,0.0,0.0,0.541,0.0,0.0,0.0,0.0,0.0,0.0,0.0,0.0,1,2,0
170012000,170012000,0.0,0.0,0.541,0.0,0.0,0.0,0.0,0.0,0.0,0.0,0.0,1,2,0
170204000,170204000,0.0,0.0,0.541,0.0,0.0,0.0,0.0,0.0,0.0,0.0,0.0,1,2,0
170400000,170400000,0.0,0.0,0.541,0.0,0.0,0.0,0.0,0.0,0.0,0.0,0.0,1,2,0
170620000,170620000,0.0,0.0,0.541,0.0,0.0,0.0,0.0,0.0,0.0,0.0,0.0,1,2,0
170812000,170812000,0.0,0.0,0.541,0.0,0.0,0.0,0.0,0.0,0.0,0.0,0.0,1,2,0
171016000,171016000,0.0,0.0,0.541,0.0,0.0,0.0,0.0,0.0,0.0,0.0,0.0,1,2,0
171212000,171212000,0.0,0.0,0.541,0.0,0.0,0.0,0.0,0.0,0.0,0.0,0.0,1,2,0
171412000,171412000,0.0,0.0,0.541,0.0,0.0,0.0,0.0,0.0,0.0,0.0,0.0,1,2,0
171604000,171604000,0.0,0.0,0.541,0.0,0.0,0.0,0.0,0.0,0.0,0.0,0.0,1,2,0
171808000,171808000,0.0,0.0,0.541,0.0,0.0,0.0,0.0,0.0,0.0,0.0,0.0,1,2,0
172012000,172012000,0.0,0.0,0.541,0.0,0.0,0.0,0.0,0.0,0.0,0.0,0.0,1,2,0
172216000,172216000,0.0,0.0,0.541,0.0,0.0,0.0,0.0,0.0,0.0,0.0,0.0,1,2,0
172380000,172380000,0.0,0.0,0.541,0.0,0.0,0.0,0.0,0.0,0.0,0.0,0.0,1,2,0
172588000,172588000,0.0,0.0,0.541,0.0,0.0,0.0,0.0,0.0,0.0,0.0,0.0,1,2,0
172820000,172820000,0.0,0.0,0.541,0.0,0.0,0.0,0.0,0.0,0.0,0.0,0.0,1,2,0
172988000,172984000,0.0,0.0,0.541,0.0,0.0,0.0,0.0,0.0,0.0,0.0,0.0,1,2,0
173208000,173208000,0.0,0.0,0.541,0.0,0.0,0.0,0.0,0.0,0.0,0.0,0.0,1,2,0
173412000,173412000,0.0,0.0,0.541,0.0,0.0,0.0,0.0,0.0,0.0,0.0,0.0,1,2,0
173612000,173612000,0.0,0.0,0.541,0.0,0.0,0.0,0.0,0.0,0.0,0.0,0.0,1,2,0
173812000,173812000,0.0,0.0,0.541,0.0,0.0,0.0,0.0,0.0,0.0,0.0,0.0,1,2,0
174012000,174012000,0.0,0.0,0.541,0.0,0.0,0.0,0.0,0.0,0.0,0.0,0.0,1,2,0
174220000,174220000,0.0,0.0,0.541,0.0,0.0,0.0,0.0,0.0,0.0,0.0,0.0,1,2,0
174380000,174380000,0.0,0.0,0.541,0.0,0.0,0.0,0.0,0.0,0.0,0.0,0.0,1,2,0
174612000,174612000,0.0,0.0,0.541,0.0,0.0,0.0,0.0,0.0,0.0,0.0,0.0,1,2,0
174808000,174808000,0.0,0.0,0.541,0.0,0.0,0.0,0.0,0.0,0.0,0.0,0.0,1,2,0
175016000,175012000,0.0,0.0,0.541,0.0,0.0,0.0,0.0,0.0,0.0,0.0,0.0,1,2,0
175212000,175212000,0.0,0.0,0.541,0.0,0.0,0.0,0.0,0.0,0.0,0.0,0.0,1,2,0
175412000,175412000,0.0,0.0,0.541,0.0,0.0,0.0,0.0,0.0,0.0,0.0,0.0,1,2,0
175604000,175604000,0.0,0.0,0.541,0.0,0.0,0.0,0.0,0.0,0.0,0.0,0.0,1,2,0
175804000,175804000,0.0,0.0,0.541,0.0,0.0,0.0,0.0,0.0,0.0,0.0,0.0,1,2,0
176004000,176004000,0.0,0.0,0.541,0.0,0.0,0.0,0.0,0.0,0.0,0.0,0.0,1,2,0
176200000,176200000,0.0,0.0,0.541,0.0,0.0,0.0,0.0,0.0,0.0,0.0,0.0,1,2,0
176400000,176400000,0.0,0.0,0.541,0.0,0.0,0.0,0.0,0.0,0.0,0.0,0.0,1,2,0
176604000,176604000,0.0,0.0,0.541,0.0,0.0,0.0,0.0,0.0,0.0,0.0,0.0,1,2,0
176808000,176808000,0.0,0.0,0.541,0.0,0.0,0.0,0.0,0.0,0.0,0.0,0.0,1,2,0
177016000,177016000,0.0,0.0,0.541,0.0,0.0,0.0,0.0,0.0,0.0,0.0,0.0,1,2,0
177208000,177208000,0.0,0.0,0.541,0.0,0.0,0.0,0.0,0.0,0.0,0.0,0.0,1,2,0
177400000,177400000,0.0,0.0,0.541,0.0,0.0,0.0,0.0,0.0,0.0,0.0,0.0,1,2,0
177608000,177608000,0.0,0.0,0.541,0.0,0.0,0.0,0.0,0.0,0.0,0.0,0.0,1,2,0
177812000,177812000,0.0,0.0,0.541,0.0,0.0,0.0,0.0,0.0,0.0,0.0,0.0,1,2,0
178008000,178008000,0.0,0.0,0.541,0.0,0.0,0.0,0.0,0.0,0.0,0.0,0.0,1,2,0
178192000,178192000,0.0,0.0,0.541,0.0,0.0,0.0,0.0,0.0,0.0,0.0,0.0,1,2,0
178392000,178392000,0.0,0.0,0.541,0.0,0.0,0.0,0.0,0.0,0.0,0.0,0.0,1,2,0
178596000,178596000,0.0,0.0,0.541,0.0,0.0,0.0,0.0,0.0,0.0,0.0,0.0,1,2,0
178792000,178792000,0.0,0.0,0.541,0.0,0.0,0.0,0.0,0.0,0.0,0.0,0.0,1,2,0
178996000,178996000,0.0,0.0,0.541,0.0,0.0,0.0,0.0,0.0,0.0,0.0,0.0,1,2,0
179192000,179192000,0.0,0.0,0.541,0.0,0.0,0.0,0.0,0.0,0.0,0.0,0.0,1,2,0
179396000,179396000,0.0,0.0,0.541,0.0,0.0,0.0,0.0,0.0,0.0,0.0,0.0,1,2,0
179596000,179596000,0.0,0.0,0.541,0.0,0.0,0.0,0.0,0.0,0.0,0.0,0.0,1,2,0
179788000,179788000,0.0,0.0,0.541,0.0,0.0,0.0,0.0,0.0,0.0,0.0,0.0,1,2,0
179996000,179996000,0.0,0.0,0.541,0.0,0.0,0.0,0.0,0.0,0.0,0.0,0.0,1,2,0
180208000,180208000,0.0,0.0,0.541,0.0,0.0,0.0,0.0,0.0,0.0,0.0,0.0,1,2,0
180408000,180408000,0.0,0.0,0.541,0.0,0.0,0.0,0.0,0.0,0.0,0.0,0.0,1,2,0
180604000,180604000,0.0,0.0,0.541,0.0,0.0,0.0,0.0,0.0,0.0,0.0,0.0,1,2,0
180792000,180792000,0.0,0.0,0.541,0.0,0.0,0.0,0.0,0.0,0.0,0.0,0.0,1,2,0
181000000,181000000,0.0,0.0,0.541,0.0,0.0,0.0,0.0,0.0,0.0,0.0,0.0,1,2,0
181220000,181220000,0.0,0.0,0.541,0.0,0.0,0.0,0.0,0.0,0.0,0.0,0.0,1,2,0
181392000,181392000,0.0,0.0,0.541,0.0,0.0,0.0,0.0,0.0,0.0,0.0,0.0,1,2,0
181584000,181584000,0.0,0.0,0.541,0.0,0.0,0.0,0.0,0.0,0.0,0.0,0.0,1,2,0
181816000,181816000,0.0,0.0,0.541,0.0,0.0,0.0,0.0,0.0,0.0,0.0,0.0,1,2,0
181984000,181984000,0.0,0.0,0.541,0.0,0.0,0.0,0.0,0.0,0.0,0.0,0.0,1,2,0
182188000,182188000,0.0,0.0,0.541,0.0,0.0,0.0,0.0,0.0,0.0,0.0,0.0,1,2,0
182392000,182392000,0.0,0.0,0.541,0.0,0.0,0.0,0.0,0.0,0.0,0.0,0.0,1,2,0
182588000,182584000,0.0,0.0,0.541,0.0,0.0,0.0,0.0,0.0,0.0,0.0,0.0,1,2,0
182776000,182776000,0.0,0.0,0.541,0.0,0.0,0.0,0.0,0.0,0.0,0.0,0.0,1,2,0
182988000,182988000,0.0,0.0,0.541,0.0,0.0,0.0,0.0,0.0,0.0,0.0,0.0,1,2,0
183216000,183216000,0.0,0.0,0.541,0.0,0.0,0.0,0.0,0.0,0.0,0.0,0.0,1,2,0
183420000,183420000,0.0,0.0,0.541,0.0,0.0,0.0,0.0,0.0,0.0,0.0,0.0,1,2,0
183616000,183616000,0.0,0.0,0.541,0.0,0.0,0.0,0.0,0.0,0.0,0.0,0.0,1,2,0
183808000,183808000,0.0,0.0,0.541,0.0,0.0,0.0,0.0,0.0,0.0,0.0,0.0,1,2,0
184012000,184012000,0.0,0.0,0.541,0.0,0.0,0.0,0.0,0.0,0.0,0.0,0.0,1,2,0
184212000,184212000,0.0,0.0,0.541,0.0,0.0,0.0,0.0,0.0,0.0,0.0,0.0,1,2,0
184424000,184424000,0.0,0.0,0.541,0.0,0.0,0.0,0.0,0.0,0.0,0.0,0.0,1,2,0
184624000,184624000,0.0,0.0,0.541,0.0,0.0,0.0,0.0,0.0,0.0,0.0,0.0,1,2,0
184820000,184820000,0.0,0.0,0.541,0.0,0.0,0.0,0.0,0.0,0.0,0.0,0.0,1,2,0
185012000,185012000,0.0,0.0,0.541,0.0,0.0,0.0,0.0,0.0,0.0,0.0,0.0,1,2,0
185176000,185176000,0.0,0.0,0.541,0.0,0.0,0.0,0.0,0.0,0.0,0.0,0.0,1,2,0
185376000,185376000,0.0,0.0,0.541,0.0,0.0,0.0,0.0,0.0,0.0,0.0,0.0,1,2,0
185612000,185612000,0.0,0.0,0.541,0.0,0.0,0.0,0.0,0.0,0.0,0.0,0.0,1,2,0
185824000,185824000,0.0,0.0,0.541,0.0,0.0,0.0,0.0,0.0,0.0,0.0,0.0,1,2,0
186016000,186016000,0.0,0.0,0.541,0.0,0.0,0.0,0.0,0.0,0.0,0.0,0.0,1,2,0
186216000,186216000,0.0,0.0,0.541,0.0,0.0,0.0,0.0,0.0,0.0,0.0,0.0,1,2,0
186380000,186380000,0.0,0.0,0.541,0.0,0.0,0.0,0.0,0.0,0.0,0.0,0.0,1,2,0
186612000,186612000,0.0,0.0,0.541,0.0,0.0,0.0,0.0,0.0,0.0,0.0,0.0,1,2,0
186816000,186816000,0.0,0.0,0.541,0.0,0.0,0.0,0.0,0.0,0.0,0.0,0.0,1,2,0
187016000,187016000,0.0,0.0,0.541,0.0,0.0,0.0,0.0,0.0,0.0,0.0,0.0,1,2,0
187212000,187212000,0.0,0.0,0.541,0.0,0.0,0.0,0.0,0.0,0.0,0.0,0.0,1,2,0
187420000,187420000,0.0,0.0,0.541,0.0,0.0,0.0,0.0,0.0,0.0,0.0,0.0,1,2,0
187608000,187608000,0.0,0.0,0.541,0.0,0.0,0.0,0.0,0.0,0.0,0.0,0.0,1,2,0
187812000,187812000,0.0,0.0,0.541,0.0,0.0,0.0,0.0,0.0,0.0,0.0,0.0,1,2,0
188016000,188016000,0.0,0.0,0.541,0.0,0.0,0.0,0.0,0.0,0.0,0.0,0.0,1,2,0
188216000,188216000,0.0,0.0,0.541,0.0,0.0,0.0,0.0,0.0,0.0,0.0,0.0,1,2,0
188372000,188372000,0.0,0.0,0.541,0.0,0.0,0.0,0.0,0.0,0.0,0.0,0.0,1,2,0
188608000,188608000,0.0,0.0,0.541,0.0,0.0,0.0,0.0,0.0,0.0,0.0,0.0,1,2,0
188796000,188796000,0.0,0.0,0.541,0.0,0.0,0.0,0.0,0.0,0.0,0.0,0.0,1,2,0
188992000,188992000,0.0,0.0,0.541,0.0,0.0,0.0,0.0,0.0,0.0,0.0,0.0,1,2,0
189212000,189212000,0.0,0.0,0.541,0.0,0.0,0.0,0.0,0.0,0.0,0.0,0.0,1,2,0
189420000,189420000,0.0,0.0,0.541,0.0,0.0,0.0,0.0,0.0,0.0,0.0,0.0,1,2,0
189608000,189608000,0.0,0.0,0.541,0.0,0.0,0.0,0.0,0.0,0.0,0.0,0.0,1,2,0
189812000,189812000,0.0,0.0,0.541,0.0,0.0,0.0,0.0,0.0,0.0,0.0,0.0,1,2,0
189888000,189888000,0.0,0.0,0.541,0.0,0.0,0.0,0.0,0.0,0.0,0.0,0.0,1,2,0
190216000,190216000,0.0,0.0,0.541,0.0,0.0,0.0,0.0,0.0,0.0,0.0,0.0,1,2,0
190424000,190424000,0.0,0.0,0.541,0.0,0.0,0.0,0.0,0.0,0.0,0.0,0.0,1,2,0
190612000,190612000,0.0,0.0,0.541,0.0,0.0,0.0,0.0,0.0,0.0,0.0,0.0,1,2,0
190816000,190816000,0.0,0.0,0.541,0.0,0.0,0.0,0.0,0.0,0.0,0.0,0.0,1,2,0
191012000,191012000,0.0,0.0,0.541,0.0,0.0,0.0,0.0,0.0,0.0,0.0,0.0,1,2,0
191200000,191200000,0.0,0.0,0.541,0.0,0.0,0.0,0.0,0.0,0.0,0.0,0.0,1,2,0
191416000,191416000,0.0,0.0,0.541,0.0,0.0,0.0,0.0,0.0,0.0,0.0,0.0,1,2,0
191616000,191616000,0.0,0.0,0.541,0.0,0.0,0.0,0.0,0.0,0.0,0.0,0.0,1,2,0
191816000,191816000,0.0,0.0,0.541,0.0,0.0,0.0,0.0,0.0,0.0,0.0,0.0,1,2,0
192016000,192016000,0.0,0.0,0.541,0.0,0.0,0.0,0.0,0.0,0.0,0.0,0.0,1,2,0
192188000,192188000,0.0,0.0,0.541,0.0,0.0,0.0,0.0,0.0,0.0,0.0,0.0,1,2,0
192400000,192400000,0.0,0.0,0.541,0.0,0.0,0.0,0.0,0.0,0.0,0.0,0.0,1,2,0
192592000,192592000,0.0,0.0,0.541,0.0,0.0,0.0,0.0,0.0,0.0,0.0,0.0,1,2,0
192796000,192796000,0.0,0.0,0.541,0.0,0.0,0.0,0.0,0.0,0.0,0.0,0.0,1,2,0
193008000,193008000,0.0,0.0,0.541,0.0,0.0,0.0,0.0,0.0,0.0,0.0,0.0,1,2,0
193192000,193192000,0.0,0.0,0.541,0.0,0.0,0.0,0.0,0.0,0.0,0.0,0.0,1,2,0
193404000,193404000,0.0,0.0,0.541,0.0,0.0,0.0,0.0,0.0,0.0,0.0,0.0,1,2,0
193596000,193596000,0.0,0.0,0.541,0.0,0.0,0.0,0.0,0.0,0.0,0.0,0.0,1,2,0
193792000,193792000,0.0,0.0,0.541,0.0,0.0,0.0,0.0,0.0,0.0,0.0,0.0,1,2,0
194000000,193996000,0.0,0.0,0.541,0.0,0.0,0.0,0.0,0.0,0.0,0.0,0.0,1,2,0
194200000,194200000,0.0,0.0,0.541,0.0,0.0,0.0,0.0,0.0,0.0,0.0,0.0,1,2,0
194408000,194408000,0.0,0.0,0.541,0.0,0.0,0.0,0.0,0.0,0.0,0.0,0.0,1,2,0
194608000,194608000,0.0,0.0,0.541,0.0,0.0,0.0,0.0,0.0,0.0,0.0,0.0,1,2,0
194792000,194792000,0.0,0.0,0.541,0.0,0.0,0.0,0.0,0.0,0.0,0.0,0.0,1,2,0
195000000,195000000,0.0,0.0,0.541,0.0,0.0,0.0,0.0,0.0,0.0,0.0,0.0,1,2,0
195216000,195216000,0.0,0.0,0.541,0.0,0.0,0.0,0.0,0.0,0.0,0.0,0.0,1,2,0
195412000,195412000,0.0,0.0,0.541,0.0,0.0,0.0,0.0,0.0,0.0,0.0,0.0,1,2,0
195592000,195592000,0.0,0.0,0.541,0.0,0.0,0.0,0.0,0.0,0.0,0.0,0.0,1,2,0
195792000,195792000,0.0,0.0,0.541,0.0,0.0,0.0,0.0,0.0,0.0,0.0,0.0,1,2,0
196000000,196000000,0.0,0.0,0.541,0.0,0.0,0.0,0.0,0.0,0.0,0.0,0.0,1,2,0
196196000,196196000,0.0,0.0,0.541,0.0,0.0,0.0,0.0,0.0,0.0,0.0,0.0,1,2,0
196420000,196420000,0.0,0.0,0.541,0.0,0.0,0.0,0.0,0.0,0.0,0.0,0.0,1,2,0
196596000,196596000,0.0,0.0,0.541,0.0,0.0,0.0,0.0,0.0,0.0,0.0,0.0,1,2,0
196784000,196784000,0.0,0.0,0.541,0.0,0.0,0.0,0.0,0.0,0.0,0.0,0.0,1,2,0
196992000,196992000,0.0,0.0,0.541,0.0,0.0,0.0,0.0,0.0,0.0,0.0,0.0,1,2,0
197200000,197200000,0.0,0.0,0.541,0.0,0.0,0.0,0.0,0.0,0.0,0.0,0.0,1,2,0
197408000,197408000,0.0,0.0,0.541,0.0,0.0,0.0,0.0,0.0,0.0,0.0,0.0,1,2,0
197592000,197592000,0.0,0.0,0.541,0.0,0.0,0.0,0.0,0.0,0.0,0.0,0.0,1,2,0
197796000,197796000,0.0,0.0,0.541,0.0,0.0,0.0,0.0,0.0,0.0,0.0,0.0,1,2,0
198000000,198000000,0.0,0.0,0.541,0.0,0.0,0.0,0.0,0.0,0.0,0.0,0.0,1,2,0
198204000,198204000,0.0,0.0,0.541,0.0,0.0,0.0,0.0,0.0,0.0,0.0,0.0,1,2,0
198408000,198408000,0.0,0.0,0.541,0.0,0.0,0.0,0.0,0.0,0.0,0.0,0.0,1,2,0
198596000,198596000,0.0,0.0,0.541,0.0,0.0,0.0,0.0,0.0,0.0,0.0,0.0,1,2,0
198792000,198792000,0.0,0.0,0.541,0.0,0.0,0.0,0.0,0.0,0.0,0.0,0.0,1,2,0
198996000,198996000,0.0,0.0,0.541,0.0,0.0,0.0,0.0,0.0,0.0,0.0,0.0,1,2,0
199196000,199196000,0.0,0.0,0.541,0.0,0.0,0.0,0.0,0.0,0.0,0.0,0.0,1,2,0
199400000,199400000,0.0,0.0,0.541,0.0,0.0,0.0,0.0,0.0,0.0,0.0,0.0,1,2,0
199588000,199588000,0.0,0.0,0.541,0.0,0.0,0.0,0.0,0.0,0.0,0.0,0.0,1,2,0
199820000,199820000,0.0,0.0,0.541,0.0,0.0,0.0,0.0,0.0,0.0,0.0,0.0,1,2,0
199984000,199984000,0.0,0.0,0.541,0.0,0.0,0.0,0.0,0.0,0.0,0.0,0.0,1,2,0
200188000,200188000,0.0,0.0,0.541,0.0,0.0,0.0,0.0,0.0,0.0,0.0,0.0,1,2,0
200416000,200416000,0.0,0.0,0.541,0.0,0.0,0.0,0.0,0.0,0.0,0.0,0.0,1,2,0
200620000,200620000,0.0,0.0,0.541,0.0,0.0,0.0,0.0,0.0,0.0,0.0,0.0,1,2,0
200788000,200788000,0.0,0.0,0.541,0.0,0.0,0.0,0.0,0.0,0.0,0.0,0.0,1,2,0
200988000,200988000,0.0,0.0,0.541,0.0,0.0,0.0,0.0,0.0,0.0,0.0,0.0,1,2,0
201184000,201184000,0.0,0.0,0.541,0.0,0.0,0.0,0.0,0.0,0.0,0.0,0.0,1,2,0
201396000,201396000,0.0,0.0,0.541,0.0,0.0,0.0,0.0,0.0,0.0,0.0,0.0,1,2,0
201580000,201580000,0.0,0.0,0.541,0.0,0.0,0.0,0.0,0.0,0.0,0.0,0.0,1,2,0
201772000,201772000,0.0,0.0,0.541,0.0,0.0,0.0,0.0,0.0,0.0,0.0,0.0,1,2,0
201980000,201980000,0.0,0.0,0.541,0.0,0.0,0.0,0.0,0.0,0.0,0.0,0.0,1,2,0
202184000,202184000,0.0,0.0,0.541,0.0,0.0,0.0,0.0,0.0,0.0,0.0,0.0,1,2,0
202400000,202400000,0.0,0.0,0.541,0.0,0.0,0.0,0.0,0.0,0.0,0.0,0.0,1,2,0
202592000,202592000,0.0,0.0,0.541,0.0,0.0,0.0,0.0,0.0,0.0,0.0,0.0,1,2,0
202796000,202796000,0.0,0.0,0.541,0.0,0.0,0.0,0.0,0.0,0.0,0.0,0.0,1,2,0
202984000,202980000,0.0,0.0,0.541,0.0,0.0,0.0,0.0,0.0,0.0,0.0,0.0,1,2,0
203216000,203216000,0.0,0.0,0.541,0.0,0.0,0.0,0.0,0.0,0.0,0.0,0.0,1,2,0
203412000,203412000,0.0,0.0,0.541,0.0,0.0,0.0,0.0,0.0,0.0,0.0,0.0,1,2,0
203612000,203612000,0.0,0.0,0.541,0.0,0.0,0.0,0.0,0.0,0.0,0.0,0.0,1,2,0
203816000,203816000,0.0,0.0,0.541,0.0,0.0,0.0,0.0,0.0,0.0,0.0,0.0,1,2,0
203992000,203992000,0.0,0.0,0.541,0.0,0.0,0.0,0.0,0.0,0.0,0.0,0.0,1,2,0
204188000,204188000,0.0,0.0,0.541,0.0,0.0,0.0,0.0,0.0,0.0,0.0,0.0,1,2,0
204400000,204400000,0.0,0.0,0.541,0.0,0.0,0.0,0.0,0.0,0.0,0.0,0.0,1,2,0
204620000,204620000,0.0,0.0,0.541,0.0,0.0,0.0,0.0,0.0,0.0,0.0,0.0,1,2,0
204816000,204816000,0.0,0.0,0.541,0.0,0.0,0.0,0.0,0.0,0.0,0.0,0.0,1,2,0
205004000,205004000,0.0,0.0,0.541,0.0,0.0,0.0,0.0,0.0,0.0,0.0,0.0,1,2,0
205212000,205212000,0.0,0.0,0.541,0.0,0.0,0.0,0.0,0.0,0.0,0.0,0.0,1,2,0
205412000,205412000,0.0,0.0,0.541,0.0,0.0,0.0,0.0,0.0,0.0,0.0,0.0,1,2,0
205608000,205608000,0.0,0.0,0.541,0.0,0.0,0.0,0.0,0.0,0.0,0.0,0.0,1,2,0
205812000,205812000,0.0,0.0,0.541,0.0,0.0,0.0,0.0,0.0,0.0,0.0,0.0,1,2,0
206012000,206012000,0.0,0.0,0.541,0.0,0.0,0.0,0.0,0.0,0.0,0.0,0.0,1,2,0
206176000,206176000,0.0,0.0,0.541,0.0,0.0,0.0,0.0,0.0,0.0,0.0,0.0,1,2,0
206400000,206400000,0.0,0.0,0.541,0.0,0.0,0.0,0.0,0.0,0.0,0.0,0.0,1,2,0
206592000,206592000,0.0,0.0,0.541,0.0,0.0,0.0,0.0,0.0,0.0,0.0,0.0,1,2,0
206816000,206816000,0.0,0.0,0.541,0.0,0.0,0.0,0.0,0.0,0.0,0.0,0.0,1,2,0
207008000,207008000,0.0,0.0,0.541,0.0,0.0,0.0,0.0,0.0,0.0,0.0,0.0,1,2,0
207212000,207212000,0.0,0.0,0.541,0.020000001,0.0,0.0,0.0,0.0,0.0,0.0,0.0,1,2,0
207392000,207392000,0.0,0.0,0.26000002,0.25,0.0,0.0,0.0,0.0,0.0,0.0,0.0,1,2,1
207584000,207584000,0.0,0.0,0.0,0.22900002,0.0,0.0,0.0,0.0,0.0,0.0,0.0,1,2,1
207780000,207780000,0.0,0.0,0.0,0.208,0.0,0.0,0.0,0.0,0.0,0.0,0.0,1,2,1
208020000,208020000,0.0,0.0,0.0,0.0,0.0,0.0,0.0,0.0,0.0,0.0,0.0,1,2,1
208216000,208216000,0.0,0.0,0.0,0.0,0.0,0.0,0.0,0.0,0.0,0.0,0.0,1,2,0
208388000,208388000,0.0,0.0,0.0,0.0,0.0,0.0,0.0,0.0,0.0,0.0,0.0,1,2,0
208616000,208616000,0.0,0.0,0.0,0.0,0.0,0.0,0.0,0.0,0.0,0.0,0.0,1,2,0
208812000,208812000,0.0,0.0,0.0,0.0,0.0,0.0,0.0,0.0,0.0,0.0,0.0,1,2,0
209012000,209012000,0.0,0.0,0.0,0.0,0.0,0.0,0.0,0.0,0.0,0.0,0.0,1,2,0
209184000,209184000,0.0,0.0,0.0,0.0,0.0,0.0,0.0,0.0,0.0,0.0,0.0,1,2,0
209412000,209412000,0.0,0.0,0.0,0.0,0.0,0.0,0.0,0.0,0.0,0.0,0.0,1,2,0
209608000,209608000,0.0,0.0,0.0,0.0,0.0,0.0,0.0,0.0,0.0,0.0,0.0,1,2,0
209796000,209796000,0.0,0.0,0.0,0.0,0.0,0.0,0.0,0.0,0.0,0.0,0.0,1,2,0
209996000,209992000,0.0,0.0,0.0,0.0,0.0,0.0,0.0,0.0,0.0,0.0,0.0,1,2,0
210196000,210196000,0.0,0.0,0.0,0.0,0.0,0.0,0.0,0.0,0.0,0.0,0.0,1,2,0
210404000,210404000,0.0,0.0,0.0,0.0,0.0,0.0,0.0,0.0,0.0,0.0,0.0,1,2,0
210608000,210608000,0.0,0.0,0.0,0.0,0.0,0.0,0.0,0.0,0.0,0.0,0.0,1,2,0
210800000,210800000,0.0,0.0,0.0,0.0,0.0,0.0,0.0,0.0,0.0,0.0,0.0,1,2,0
211008000,211008000,0.0,0.0,0.0,0.0,0.0,0.0,0.0,0.0,0.0,0.0,0.0,1,2,0
211212000,211212000,0.0,0.0,0.0,0.0,0.0,0.0,0.0,0.0,0.0,0.0,0.0,1,2,0
211416000,211416000,0.0,0.0,0.0,0.0,0.0,0.0,0.0,0.0,0.0,0.0,0.0,1,2,0
211616000,211616000,0.0,0.0,0.0,0.0,0.0,0.0,0.0,0.0,0.0,0.0,0.0,1,2,0
211800000,211800000,0.0,0.0,0.0,0.0,0.0,0.0,0.0,0.0,0.0,0.0,0.0,1,2,0
212004000,212004000,0.0,0.0,0.0,0.0,0.0,0.0,0.0,0.0,0.0,0.0,0.0,1,2,0
212216000,212216000,0.0,0.0,0.0,0.0,0.0,0.0,0.0,0.0,0.0,0.0,0.0,1,2,0
212412000,212412000,0.0,0.0,0.0,0.0,0.0,0.0,0.0,0.0,0.0,0.0,0.0,1,2,0
212592000,212592000,0.0,0.0,0.0,0.0,0.0,0.0,0.0,0.0,0.0,0.0,0.0,1,2,0
212792000,212792000,0.0,0.0,0.0,0.0,0.0,0.0,0.0,0.0,0.0,0.0,0.0,1,2,0
212988000,212988000,0.0,0.0,0.0,0.0,0.0,0.0,0.0,0.0,0.0,0.0,0.0,1,2,0
213220000,213220000,0.0,0.0,0.0,0.0,0.0,0.0,0.0,0.0,0.0,0.0,0.0,1,2,0
213392000,213392000,0.0,0.0,0.0,0.0,0.0,0.0,0.0,0.0,0.0,0.0,0.0,1,2,0
213604000,213604000,0.0,0.0,0.0,0.0,0.0,0.0,0.0,0.0,0.0,0.0,0.0,1,2,0
213796000,213796000,0.0,0.0,0.0,0.0,0.0,0.0,0.0,0.0,0.0,0.0,0.0,1,2,0
213992000,213992000,0.0,0.0,0.0,0.0,0.0,0.0,0.0,0.0,0.0,0.0,0.0,1,2,0
214196000,214196000,0.0,0.0,0.0,0.0,0.0,0.0,0.0,0.0,0.0,0.0,0.0,1,2,0
214392000,214392000,0.0,0.0,0.0,0.0,0.0,0.0,0.0,0.0,0.0,0.0,0.0,1,2,0
214596000,214596000,0.0,0.0,0.0,0.0,0.0,0.0,0.0,0.0,0.0,0.0,0.0,1,2,0
214796000,214796000,0.0,0.0,0.0,0.0,0.0,0.0,0.0,0.0,0.0,0.0,0.0,1,2,0
214996000,214996000,0.0,0.0,0.0,0.0,0.0,0.0,0.0,0.0,0.0,0.0,0.0,1,2,0
215200000,215200000,0.0,0.0,0.0,0.0,0.0,0.0,0.0,0.0,0.0,0.0,0.0,1,2,0
215388000,215388000,0.0,0.0,0.0,0.0,0.0,0.0,0.0,0.0,0.0,0.0,0.0,1,2,0
215616000,215616000,0.0,0.0,0.0,0.0,0.0,0.0,0.0,0.0,0.0,0.0,0.0,1,2,0
215788000,215788000,0.0,0.0,0.0,0.0,0.0,0.0,0.0,0.0,0.0,0.0,0.0,1,2,0
215992000,215992000,0.0,0.0,0.0,0.0,0.0,0.0,0.0,0.0,0.0,0.0,0.0,1,2,0
216192000,216192000,0.0,0.0,0.0,0.0,0.0,0.0,0.0,0.0,0.0,0.0,0.0,1,2,0
216384000,216384000,0.0,0.0,0.0,0.0,0.0,0.0,0.0,0.0,0.0,0.0,0.0,1,2,0
216588000,216588000,0.0,0.0,0.0,0.0,0.0,0.0,0.0,0.0,0.0,0.0,0.0,1,2,0
216776000,216776000,0.0,0.0,0.0,0.0,0.0,0.0,0.0,0.0,0.0,0.0,0.0,1,2,0
217020000,217020000,0.0,0.0,0.0,0.0,0.0,0.0,0.0,0.0,0.0,0.0,0.0,1,2,0
217220000,217220000,0.0,0.0,0.0,0.0,0.0,0.0,0.0,0.0,0.0,0.0,0.0,1,2,0
217396000,217396000,0.0,0.0,0.0,0.0,0.0,0.0,0.0,0.0,0.0,0.0,0.0,1,2,0
217612000,217612000,0.0,0.0,0.0,0.0,0.0,0.0,0.0,0.0,0.0,0.0,0.0,1,2,0
217820000,217820000,0.0,0.0,0.0,0.0,0.0,0.0,0.0,0.0,0.0,0.0,0.0,1,2,0
218016000,218012000,0.0,0.0,0.0,0.0,0.0,0.0,0.0,0.0,0.0,0.0,0.0,1,2,0
218180000,218180000,0.0,0.0,0.0,0.0,0.0,0.0,0.0,0.0,0.0,0.0,0.0,1,2,0
218404000,218404000,0.0,0.0,0.0,0.0,0.0,0.0,0.0,0.0,0.0,0.0,0.0,1,2,0
218612000,218612000,0.0,0.0,0.0,0.0,0.0,0.0,0.0,0.0,0.0,0.0,0.0,1,2,0
218800000,218800000,0.0,0.0,0.0,0.0,0.0,0.0,0.0,0.0,0.0,0.0,0.0,1,2,0
219004000,219004000,0.0,0.0,0.0,0.0,0.0,0.0,0.0,0.0,0.0,0.0,0.0,1,2,0
219216000,219216000,0.0,0.0,0.0,0.0,0.0,0.0,0.0,0.0,0.0,0.0,0.0,1,2,0
219420000,219420000,0.0,0.0,0.0,0.0,0.0,0.0,0.0,0.0,0.0,0.0,0.0,1,2,0
219600000,219600000,0.0,0.0,0.0,0.0,0.0,0.0,0.0,0.0,0.0,0.0,0.0,1,2,0
219792000,219792000,0.0,0.0,0.0,0.0,0.0,0.0,0.0,0.0,0.0,0.0,0.0,1,2,0
220016000,220016000,0.0,0.0,0.0,0.0,0.0,0.0,0.0,0.0,0.0,0.0,0.0,1,2,0
220196000,220196000,0.0,0.0,0.0,0.0,0.0,0.0,0.0,0.0,0.0,0.0,0.0,1,2,0
220420000,220420000,0.0,0.0,0.0,0.0,0.0,0.0,0.0,0.0,0.0,0.0,0.0,1,2,0
220616000,220616000,0.0,0.0,0.0,0.0,0.0,0.0,0.0,0.0,0.0,0.0,0.0,1,2,0
220816000,220816000,0.0,0.0,0.0,0.0,0.0,0.0,0.0,0.0,0.0,0.0,0.0,1,2,0
221004000,221004000,0.0,0.0,0.0,0.0,0.0,0.0,0.0,0.0,0.0,0.0,0.0,1,2,0
221204000,221204000,0.0,0.0,0.0,0.0,0.0,0.0,0.0,0.0,0.0,0.0,0.0,1,2,0
221404000,221404000,0.0,0.0,0.0,0.0,0.0,0.0,0.0,0.0,0.0,0.0,0.0,1,2,0
221592000,221592000,0.0,0.0,0.0,0.0,0.0,0.0,0.0,0.0,0.0,0.0,0.0,1,2,0
221792000,221792000,0.0,0.0,0.0,0.0,0.0,0.0,0.0,0.0,0.0,0.0,0.0,1,2,0
221992000,221992000,0.0,0.0,0.0,0.0,0.0,0.0,0.0,0.0,0.0,0.0,0.0,1,2,0
222196000,222196000,0.0,0.0,0.0,0.0,0.0,0.0,0.0,0.0,0.0,0.0,0.0,1,2,0
222420000,222420000,0.0,0.0,0.0,0.0,0.0,0.0,0.0,0.0,0.0,0.0,0.0,1,2,0
222620000,222620000,0.0,0.0,0.0,0.0,0.0,0.0,0.0,0.0,0.0,0.0,0.0,1,2,0
222788000,222788000,0.0,0.0,0.0,0.0,0.0,0.0,0.0,0.0,0.0,0.0,0.0,1,2,0
