timestamp,data_rate,rate_multiplier,tx_rate_avg,tx_error_rate_avg,tx_message_count,tx_buffer_overruns,rx_rate_avg,rx_message_count,rx_message_lost_count,rx_buffer_overruns,rx_parse_errors,rx_packet_drop_count,rx_message_lost_rate,type,mode,flow_control,forwarding,mavlink_v2,ftp,streams,heartbeat_type_antenna_tracker,heartbeat_type_gcs,heartbeat_type_onboard_controller,heartbeat_type_gimbal,heartbeat_type_adsb,heartbeat_type_camera,heartbeat_type_parachute,heartbeat_component_telemetry_radio,heartbeat_component_log,heartbeat_component_osd,heartbeat_component_obstacle_avoidance,heartbeat_component_vio,heartbeat_component_pairing_manager,heartbeat_component_udp_bridge,heartbeat_component_uart_bridge,avoidance_system_healthy,parachute_system_healthy
8804000,4000.0,0.14069158,2545.817,0.0,400,0,0.0,0,0,0,0,0,0.0,0,2,0,1,0,1,56,0,0,0,0,0,0,0,0,0,0,0,0,0,0,0,0,0
10060000,4000.0,0.14069158,2192.2312,0.0,470,0,0.0,0,0,0,0,0,0.0,0,2,0,1,0,1,56,0,0,0,0,0,0,0,0,0,0,0,0,0,0,0,0,0
11320000,4000.0,0.14069158,2304.781,0.0,535,0,0.0,0,0,0,0,0,0.0,0,2,0,1,0,1,56,0,0,0,0,0,0,0,0,0,0,0,0,0,0,0,0,0
12564000,4000.0,0.14069158,2280.8765,0.0,604,0,0.0,0,0,0,0,0,0.0,0,2,0,1,0,1,56,0,0,0,0,0,0,0,0,0,0,0,0,0,0,0,0,0
13564000,4000.0,0.14069158,2340.6375,0.0,659,0,0.0,0,0,0,0,0,0.0,0,2,0,1,0,1,56,0,0,0,0,0,0,0,0,0,0,0,0,0,0,0,0,0
13816000,4000.0,0.14069158,2340.6375,0.0,675,0,0.0,0,0,0,0,0,0.0,0,2,0,1,0,1,56,0,0,0,0,0,0,0,0,0,0,0,0,0,0,0,0,0
15068000,4000.0,0.14069158,2584.6614,0.0,751,0,0.0,0,0,0,0,0,0.0,0,2,0,1,0,1,56,0,0,0,0,0,0,0,0,0,0,0,0,0,0,0,0,0
16328000,4000.0,0.14069158,2137.4502,0.0,821,0,0.0,0,0,0,0,0,0.0,0,2,0,1,0,1,56,0,0,0,0,0,0,0,0,0,0,0,0,0,0,0,0,0
17580000,4000.0,0.14069158,2190.239,0.0,887,0,0.0,0,0,0,0,0,0.0,0,2,0,1,0,1,56,0,0,0,0,0,0,0,0,0,0,0,0,0,0,0,0,0
18580000,4000.0,0.14069158,2306.773,0.0,940,0,0.0,0,0,0,0,0,0.0,0,2,0,1,0,1,56,0,0,0,0,0,0,0,0,0,0,0,0,0,0,0,0,0
18836000,4000.0,0.14069158,2306.773,0.0,958,0,0.0,0,0,0,0,0,0.0,0,2,0,1,0,1,56,0,0,0,0,0,0,0,0,0,0,0,0,0,0,0,0,0
20096000,4000.0,0.14069158,2365.5378,0.0,1028,0,0.0,0,0,0,0,0,0.0,0,2,0,1,0,1,56,0,0,0,0,0,0,0,0,0,0,0,0,0,0,0,0,0
21352000,4000.0,0.14069158,2086.6536,0.0,1095,0,0.0,0,0,0,0,0,0.0,0,2,0,1,0,1,56,0,0,0,0,0,0,0,0,0,0,0,0,0,0,0,0,0
22608000,4000.0,0.14069158,2354.5818,0.0,1167,0,0.0,0,0,0,0,0,0.0,0,2,0,1,0,1,56,0,0,0,0,0,0,0,0,0,0,0,0,0,0,0,0,0
23608000,4000.0,0.14069158,2268.9243,0.0,1226,0,0.0,0,0,0,0,0,0.0,0,2,0,1,0,1,56,0,0,0,0,0,0,0,0,0,0,0,0,0,0,0,0,0
23864000,4000.0,0.14069158,2268.9243,0.0,1237,0,0.0,0,0,0,0,0,0.0,0,2,0,1,0,1,56,0,0,0,0,0,0,0,0,0,0,0,0,0,0,0,0,0
25124000,4000.0,0.14069158,2304.781,0.0,1309,0,0.0,0,0,0,0,0,0.0,0,2,0,1,0,1,56,0,0,0,0,0,0,0,0,0,0,0,0,0,0,0,0,0
26380000,4000.0,0.14069158,2137.4502,0.0,1375,0,0.0,0,0,0,0,0,0.0,0,2,0,1,0,1,56,0,0,0,0,0,0,0,0,0,0,0,0,0,0,0,0,0
27636000,4000.0,0.14069158,2228.0876,0.0,1445,0,0.0,0,0,0,0,0,0.0,0,2,0,1,0,1,56,0,0,0,0,0,0,0,0,0,0,0,0,0,0,0,0,0
28636000,4000.0,0.14069158,2344.6216,0.0,1509,0,0.0,0,0,0,0,0,0.0,0,2,0,1,0,1,56,0,0,0,0,0,0,0,0,0,0,0,0,0,0,0,0,0
28888000,4000.0,0.14069158,2344.6216,0.0,1521,0,0.0,0,0,0,0,0,0.0,0,2,0,1,0,1,56,0,0,0,0,0,0,0,0,0,0,0,0,0,0,0,0,0
30140000,4000.0,0.14069158,2268.9243,0.0,1591,0,0.0,0,0,0,0,0,0.0,0,2,0,1,0,1,56,0,0,0,0,0,0,0,0,0,0,0,0,0,0,0,0,0
31396000,4000.0,0.14069158,2133.4663,0.0,1662,0,0.0,0,0,0,0,0,0.0,0,2,0,1,0,1,56,0,0,0,0,0,0,0,0,0,0,0,0,0,0,0,0,0
32648000,4000.0,0.14069158,2327.6892,0.0,1725,0,0.0,0,0,0,0,0,0.0,0,2,0,1,0,1,56,0,0,0,0,0,0,0,0,0,0,0,0,0,0,0,0,0
33648000,4000.0,0.14069158,2137.4502,0.0,1785,0,0.0,0,0,0,0,0,0.0,0,2,0,1,0,1,56,0,0,0,0,0,0,0,0,0,0,0,0,0,0,0,0,0
33900000,4000.0,0.14069158,2137.4502,0.0,1795,0,0.0,0,0,0,0,0,0.0,0,2,0,1,0,1,56,0,0,0,0,0,0,0,0,0,0,0,0,0,0,0,0,0
35152000,4000.0,0.14069158,2342.6296,0.0,1866,0,0.0,0,0,0,0,0,0.0,0,2,0,1,0,1,56,0,0,0,0,0,0,0,0,0,0,0,0,0,0,0,0,0
36408000,4000.0,0.14069158,2257.9683,0.0,1941,0,0.0,0,0,0,0,0,0.0,0,2,0,1,0,1,56,0,0,0,0,0,0,0,0,0,0,0,0,0,0,0,0,0
37664000,4000.0,0.14069158,2365.5378,0.0,2008,0,0.0,0,0,0,0,0,0.0,0,2,0,1,0,1,56,0,0,0,0,0,0,0,0,0,0,0,0,0,0,0,0,0
38664000,4000.0,0.14069158,2086.6536,0.0,2065,0,0.0,0,0,0,0,0,0.0,0,2,0,1,0,1,56,0,0,0,0,0,0,0,0,0,0,0,0,0,0,0,0,0
38916000,4000.0,0.14069158,2086.6536,0.0,2078,0,0.0,0,0,0,0,0,0.0,0,2,0,1,0,1,56,0,0,0,0,0,0,0,0,0,0,0,0,0,0,0,0,0
40172000,4000.0,0.14069158,2338.6455,0.0,2147,0,0.0,0,0,0,0,0,0.0,0,2,0,1,0,1,56,0,0,0,0,0,0,0,0,0,0,0,0,0,0,0,0,0
41432000,4000.0,0.14069158,2192.2312,0.0,2219,0,0.0,0,0,0,0,0,0.0,0,2,0,1,0,1,56,0,0,0,0,0,0,0,0,0,0,0,0,0,0,0,0,0
42684000,4000.0,0.14069158,2343.6255,0.0,2282,0,0.0,0,0,0,0,0,0.0,0,2,0,1,0,1,56,0,0,0,0,0,0,0,0,0,0,0,0,0,0,0,0,0
43684000,4000.0,0.14069158,2430.279,0.0,2346,0,0.0,0,0,0,0,0,0.0,0,2,0,1,0,1,56,0,0,0,0,0,0,0,0,0,0,0,0,0,0,0,0,0
43944000,4000.0,0.14069158,2430.279,0.0,2358,0,0.0,0,0,0,0,0,0.0,0,2,0,1,0,1,56,0,0,0,0,0,0,0,0,0,0,0,0,0,0,0,0,0
45200000,4000.0,0.14069158,2137.4502,0.0,2430,0,0.0,0,0,0,0,0,0.0,0,2,0,1,0,1,56,0,0,0,0,0,0,0,0,0,0,0,0,0,0,0,0,0
46456000,4000.0,0.14069158,2239.044,0.0,2502,0,0.0,0,0,0,0,0,0.0,0,2,0,1,0,1,56,0,0,0,0,0,0,0,0,0,0,0,0,0,0,0,0,0
47708000,4000.0,0.14069158,2306.773,0.0,2565,0,0.0,0,0,0,0,0,0.0,0,2,0,1,0,1,56,0,0,0,0,0,0,0,0,0,0,0,0,0,0,0,0,0
48708000,4000.0,0.14069158,2095.6177,0.0,2622,0,0.0,0,0,0,0,0,0.0,0,2,0,1,0,1,56,0,0,0,0,0,0,0,0,0,0,0,0,0,0,0,0,0
48960000,4000.0,0.14069158,2095.6177,0.0,2635,0,0.0,0,0,0,0,0,0.0,0,2,0,1,0,1,56,0,0,0,0,0,0,0,0,0,0,0,0,0,0,0,0,0
50220000,4000.0,0.14069158,2249.0042,0.0,2710,0,0.0,0,0,0,0,0,0.0,0,2,0,1,0,1,56,0,0,0,0,0,0,0,0,0,0,0,0,0,0,0,0,0
51484000,4000.0,0.14069158,2228.0876,0.0,2780,0,0.0,0,0,0,0,0,0.0,0,2,0,1,0,1,56,0,0,0,0,0,0,0,0,0,0,0,0,0,0,0,0,0
52740000,4000.0,0.14069158,2268.9243,0.0,2850,0,0.0,0,0,0,0,0,0.0,0,2,0,1,0,1,56,0,0,0,0,0,0,0,0,0,0,0,0,0,0,0,0,0
53740000,4000.0,0.14069158,2182.271,0.0,2902,0,0.0,0,0,0,0,0,0.0,0,2,0,1,0,1,56,0,0,0,0,0,0,0,0,0,0,0,0,0,0,0,0,0
54000000,4000.0,0.14069158,2182.271,0.0,2917,0,0.0,0,0,0,0,0,0.0,0,2,0,1,0,1,56,0,0,0,0,0,0,0,0,0,0,0,0,0,0,0,0,0
55252000,4000.0,0.14069158,2185.5159,0.0,2985,0,0.0,0,0,0,0,0,0.0,0,2,0,1,0,1,56,0,0,0,0,0,0,0,0,0,0,0,0,0,0,0,0,0
56504000,4000.0,0.14069158,2203.1873,0.0,3056,0,0.0,0,0,0,0,0,0.0,0,2,0,1,0,1,56,0,0,0,0,0,0,0,0,0,0,0,0,0,0,0,0,0
57760000,4000.0,0.14069158,2563.745,0.0,3132,0,0.0,0,0,0,0,0,0.0,0,2,0,1,0,1,56,0,0,0,0,0,0,0,0,0,0,0,0,0,0,0,0,0
58760000,4000.0,0.14069158,2154.3826,0.0,3186,0,0.0,0,0,0,0,0,0.0,0,2,0,1,0,1,56,0,0,0,0,0,0,0,0,0,0,0,0,0,0,0,0,0
59016000,4000.0,0.14069158,2154.3826,0.0,3198,0,0.0,0,0,0,0,0,0.0,0,2,0,1,0,1,56,0,0,0,0,0,0,0,0,0,0,0,0,0,0,0,0,0
60268000,4000.0,0.14069158,2180.279,0.0,3270,0,0.0,0,0,0,0,0,0.0,0,2,0,1,0,1,56,0,0,0,0,0,0,0,0,0,0,0,0,0,0,0,0,0
61532000,4000.0,0.14069158,2316.7332,0.0,3341,0,0.0,0,0,0,0,0,0.0,0,2,0,1,0,1,56,0,0,0,0,0,0,0,0,0,0,0,0,0,0,0,0,0
62784000,4000.0,0.14069158,2099.6016,0.0,3410,0,0.0,0,0,0,0,0,0.0,0,2,0,1,0,1,56,0,0,0,0,0,0,0,0,0,0,0,0,0,0,0,0,0
63784000,4000.0,0.14069158,2276.8926,0.0,3461,0,0.0,0,0,0,0,0,0.0,0,2,0,1,0,1,56,0,0,0,0,0,0,0,0,0,0,0,0,0,0,0,0,0
64044000,4000.0,0.14069158,2276.8926,0.0,3474,0,0.0,0,0,0,0,0,0.0,0,2,0,1,0,1,56,0,0,0,0,0,0,0,0,0,0,0,0,0,0,0,0,0
65304000,4000.0,0.14069158,2133.4663,0.0,3549,0,0.0,0,0,0,0,0,0.0,0,2,0,1,0,1,56,0,0,0,0,0,0,0,0,0,0,0,0,0,0,0,0,0
66564000,4000.0,0.14069158,2327.6892,0.0,3619,0,0.0,0,0,0,0,0,0.0,0,2,0,1,0,1,56,0,0,0,0,0,0,0,0,0,0,0,0,0,0,0,0,0
67564000,4000.0,0.14069158,2209.1633,0.0,3674,0,0.0,0,0,0,0,0,0.0,0,2,0,1,0,1,56,0,0,0,0,0,0,0,0,0,0,0,0,0,0,0,0,0
67820000,4000.0,0.14069158,2209.1633,0.0,3689,0,0.0,0,0,0,0,0,0.0,0,2,0,1,0,1,56,0,0,0,0,0,0,0,0,0,0,0,0,0,0,0,0,0
69072000,4000.0,0.14069158,2154.3826,0.0,3760,0,0.0,0,0,0,0,0,0.0,0,2,0,1,0,1,56,0,0,0,0,0,0,0,0,0,0,0,0,0,0,0,0,0
70328000,4000.0,0.14069158,2203.1873,0.0,3828,0,0.0,0,0,0,0,0,0.0,0,2,0,1,0,1,56,0,0,0,0,0,0,0,0,0,0,0,0,0,0,0,0,0
71584000,4000.0,0.14069158,2669.3228,0.0,3902,0,0.0,0,0,0,0,0,0.0,0,2,0,1,0,1,56,0,0,0,0,0,0,0,0,0,0,0,0,0,0,0,0,0
72584000,4000.0,0.14069158,2050.7969,0.0,3954,0,0.0,0,0,0,0,0,0.0,0,2,0,1,0,1,56,0,0,0,0,0,0,0,0,0,0,0,0,0,0,0,0,0
72840000,4000.0,0.14069158,2050.7969,0.0,3972,0,0.0,0,0,0,0,0,0.0,0,2,0,1,0,1,56,0,0,0,0,0,0,0,0,0,0,0,0,0,0,0,0,0
74096000,4000.0,0.14069158,2241.036,0.0,4043,0,0.0,0,0,0,0,0,0.0,0,2,0,1,0,1,56,0,0,0,0,0,0,0,0,0,0,0,0,0,0,0,0,0
75356000,4000.0,0.14069158,2267.9285,0.0,4109,0,0.0,0,0,0,0,0,0.0,0,2,0,1,0,1,56,0,0,0,0,0,0,0,0,0,0,0,0,0,0,0,0,0
76616000,4000.0,0.14069158,2340.6375,0.0,4179,0,0.0,0,0,0,0,0,0.0,0,2,0,1,0,1,56,0,0,0,0,0,0,0,0,0,0,0,0,0,0,0,0,0
77616000,4000.0,0.14069158,2182.271,0.0,4238,0,0.0,0,0,0,0,0,0.0,0,2,0,1,0,1,56,0,0,0,0,0,0,0,0,0,0,0,0,0,0,0,0,0
77876000,4000.0,0.14069158,2182.271,0.0,4249,0,0.0,0,0,0,0,0,0.0,0,2,0,1,0,1,56,0,0,0,0,0,0,0,0,0,0,0,0,0,0,0,0,0
79128000,4000.0,0.14069158,2316.7332,0.0,4322,0,0.0,0,0,0,0,0,0.0,0,2,0,1,0,1,56,0,0,0,0,0,0,0,0,0,0,0,0,0,0,0,0,0
80380000,4000.0,0.14069158,2276.8926,0.0,4389,0,0.0,0,0,0,0,0,0.0,0,2,0,1,0,1,56,0,0,0,0,0,0,0,0,0,0,0,0,0,0,0,0,0
81636000,4000.0,0.14069158,2268.9243,0.0,4459,0,0.0,0,0,0,0,0,0.0,0,2,0,1,0,1,56,0,0,0,0,0,0,0,0,0,0,0,0,0,0,0,0,0
82636000,4000.0,0.14069158,2133.4663,0.0,4517,0,0.0,0,0,0,0,0,0.0,0,2,0,1,0,1,56,0,0,0,0,0,0,0,0,0,0,0,0,0,0,0,0,0
82888000,4000.0,0.14069158,2133.4663,0.0,4529,0,0.0,0,0,0,0,0,0.0,0,2,0,1,0,1,56,0,0,0,0,0,0,0,0,0,0,0,0,0,0,0,0,0
84148000,4000.0,0.14069158,2363.546,0.0,4600,0,0.0,0,0,0,0,0,0.0,0,2,0,1,0,1,56,0,0,0,0,0,0,0,0,0,0,0,0,0,0,0,0,0
85400000,4000.0,0.14069158,2154.3826,0.0,4671,0,0.0,0,0,0,0,0,0.0,0,2,0,1,0,1,56,0,0,0,0,0,0,0,0,0,0,0,0,0,0,0,0,0
86660000,4000.0,0.14069158,2563.745,0.0,4740,0,0.0,0,0,0,0,0,0.0,0,2,0,1,0,1,56,0,0,0,0,0,0,0,0,0,0,0,0,0,0,0,0,0
87660000,4000.0,0.14069158,2272.9084,0.0,4799,0,0.0,0,0,0,0,0,0.0,0,2,0,1,0,1,56,0,0,0,0,0,0,0,0,0,0,0,0,0,0,0,0,0
87916000,4000.0,0.14069158,2272.9084,0.0,4810,0,0.0,0,0,0,0,0,0.0,0,2,0,1,0,1,56,0,0,0,0,0,0,0,0,0,0,0,0,0,0,0,0,0
89168000,4000.0,0.14069158,2342.6296,0.0,4883,0,0.0,0,0,0,0,0,0.0,0,2,0,1,0,1,56,0,0,0,0,0,0,0,0,0,0,0,0,0,0,0,0,0
90420000,4000.0,0.14069158,2241.036,0.0,4953,0,0.0,0,0,0,0,0,0.0,0,2,0,1,0,1,56,0,0,0,0,0,0,0,0,0,0,0,0,0,0,0,0,0
91680000,4000.0,0.14069158,2344.6216,0.0,5020,0,0.0,0,0,0,0,0,0.0,0,2,0,1,0,1,56,0,0,0,0,0,0,0,0,0,0,0,0,0,0,0,0,0
92680000,4000.0,0.14069158,2263.9443,0.0,5080,0,0.0,0,0,0,0,0,0.0,0,2,0,1,0,1,56,0,0,0,0,0,0,0,0,0,0,0,0,0,0,0,0,0
92936000,4000.0,0.14069158,2263.9443,0.0,5093,0,0.0,0,0,0,0,0,0.0,0,2,0,1,0,1,56,0,0,0,0,0,0,0,0,0,0,0,0,0,0,0,0,0
94188000,4000.0,0.14069158,2382.4702,0.0,5162,0,0.0,0,0,0,0,0,0.0,0,2,0,1,0,1,56,0,0,0,0,0,0,0,0,0,0,0,0,0,0,0,0,0
95444000,4000.0,0.14069158,2278.8845,0.0,5232,0,0.0,0,0,0,0,0,0.0,0,2,0,1,0,1,56,0,0,0,0,0,0,0,0,0,0,0,0,0,0,0,0,0
96696000,4000.0,0.14069158,2137.4502,0.0,5297,0,0.0,0,0,0,0,0,0.0,0,2,0,1,0,1,56,0,0,0,0,0,0,0,0,0,0,0,0,0,0,0,0,0
97696000,4000.0,0.14069158,2239.044,0.0,5355,0,0.0,0,0,0,0,0,0.0,0,2,0,1,0,1,56,0,0,0,0,0,0,0,0,0,0,0,0,0,0,0,0,0
97952000,4000.0,0.14069158,2239.044,0.0,5367,0,0.0,0,0,0,0,0,0.0,0,2,0,1,0,1,56,0,0,0,0,0,0,0,0,0,0,0,0,0,0,0,0,0
99204000,4000.0,0.14069158,2306.773,0.0,5439,0,0.0,0,0,0,0,0,0.0,0,2,0,1,0,1,56,0,0,0,0,0,0,0,0,0,0,0,0,0,0,0,0,0
100460000,4000.0,0.14069158,2622.51,0.0,5515,0,0.0,0,0,0,0,0,0.0,0,2,0,1,0,1,56,0,0,0,0,0,0,0,0,0,0,0,0,0,0,0,0,0
101724000,4000.0,0.14069158,2173.307,0.0,5581,0,0.0,0,0,0,0,0,0.0,0,2,0,1,0,1,56,0,0,0,0,0,0,0,0,0,0,0,0,0,0,0,0,0
102724000,4000.0,0.14069158,2154.3826,0.0,5638,0,0.0,0,0,0,0,0,0.0,0,2,0,1,0,1,56,0,0,0,0,0,0,0,0,0,0,0,0,0,0,0,0,0
102980000,4000.0,0.14069158,2154.3826,0.0,5651,0,0.0,0,0,0,0,0,0.0,0,2,0,1,0,1,56,0,0,0,0,0,0,0,0,0,0,0,0,0,0,0,0,0
104240000,4000.0,0.14069158,2376.4941,0.0,5723,0,0.0,0,0,0,0,0,0.0,0,2,0,1,0,1,56,0,0,0,0,0,0,0,0,0,0,0,0,0,0,0,0,0
105500000,4000.0,0.14069158,2342.6296,0.0,5793,0,0.0,0,0,0,0,0,0.0,0,2,0,1,0,1,56,0,0,0,0,0,0,0,0,0,0,0,0,0,0,0,0,0
106760000,4000.0,0.14069158,2050.7969,0.0,5862,0,0.0,0,0,0,0,0,0.0,0,2,0,1,0,1,56,0,0,0,0,0,0,0,0,0,0,0,0,0,0,0,0,0
107760000,4000.0,0.14069158,2599.6016,0.0,5918,0,0.0,0,0,0,0,0,0.0,0,2,0,1,0,1,56,0,0,0,0,0,0,0,0,0,0,0,0,0,0,0,0,0
108012000,4000.0,0.14069158,2599.6016,0.0,5932,0,0.0,0,0,0,0,0,0.0,0,2,0,1,0,1,56,0,0,0,0,0,0,0,0,0,0,0,0,0,0,0,0,0
109268000,4000.0,0.14069158,2135.4583,0.0,6000,0,0.0,0,0,0,0,0,0.0,0,2,0,1,0,1,56,0,0,0,0,0,0,0,0,0,0,0,0,0,0,0,0,0
110528000,4000.0,0.14069158,2306.773,0.0,6072,0,0.0,0,0,0,0,0,0.0,0,2,0,1,0,1,56,0,0,0,0,0,0,0,0,0,0,0,0,0,0,0,0,0
111780000,4000.0,0.14069158,2144.4224,0.0,6142,0,0.0,0,0,0,0,0,0.0,0,2,0,1,0,1,56,0,0,0,0,0,0,0,0,0,0,0,0,0,0,0,0,0
112780000,4000.0,0.14069158,2316.7332,0.0,6196,0,0.0,0,0,0,0,0,0.0,0,2,0,1,0,1,56,0,0,0,0,0,0,0,0,0,0,0,0,0,0,0,0,0
113036000,4000.0,0.14069158,2316.7332,0.0,6208,0,0.0,0,0,0,0,0,0.0,0,2,0,1,0,1,56,0,0,0,0,0,0,0,0,0,0,0,0,0,0,0,0,0
114288000,4000.0,0.14069158,2135.4583,0.0,6286,0,0.0,0,0,0,0,0,0.0,0,2,0,1,0,1,56,0,0,0,0,0,0,0,0,0,0,0,0,0,0,0,0,0
115540000,4000.0,0.14069158,2268.9243,0.0,6357,0,0.0,0,0,0,0,0,0.0,0,2,0,1,0,1,56,0,0,0,0,0,0,0,0,0,0,0,0,0,0,0,0,0
116792000,4000.0,0.14069158,2133.4663,0.0,6426,0,0.0,0,0,0,0,0,0.0,0,2,0,1,0,1,56,0,0,0,0,0,0,0,0,0,0,0,0,0,0,0,0,0
117792000,4000.0,0.14069158,2327.6892,0.0,6476,0,0.0,0,0,0,0,0,0.0,0,2,0,1,0,1,56,0,0,0,0,0,0,0,0,0,0,0,0,0,0,0,0,0
118044000,4000.0,0.14069158,2327.6892,0.0,6489,0,0.0,0,0,0,0,0,0.0,0,2,0,1,0,1,56,0,0,0,0,0,0,0,0,0,0,0,0,0,0,0,0,0
119296000,4000.0,0.14069158,2173.307,0.0,6561,0,0.0,0,0,0,0,0,0.0,0,2,0,1,0,1,56,0,0,0,0,0,0,0,0,0,0,0,0,0,0,0,0,0
120560000,4000.0,0.14069158,2306.773,0.0,6631,0,0.0,0,0,0,0,0,0.0,0,2,0,1,0,1,56,0,0,0,0,0,0,0,0,0,0,0,0,0,0,0,0,0
121560000,4000.0,0.14069158,2316.7332,0.0,6689,0,0.0,0,0,0,0,0,0.0,0,2,0,1,0,1,56,0,0,0,0,0,0,0,0,0,0,0,0,0,0,0,0,0
121816000,4000.0,0.14069158,2316.7332,0.0,6705,0,0.0,0,0,0,0,0,0.0,0,2,0,1,0,1,56,0,0,0,0,0,0,0,0,0,0,0,0,0,0,0,0,0
123072000,4000.0,0.14069158,2378.486,0.0,6776,0,0.0,0,0,0,0,0,0.0,0,2,0,1,0,1,56,0,0,0,0,0,0,0,0,0,0,0,0,0,0,0,0,0
124320000,4000.0,0.14069158,2135.4583,0.0,6842,0,0.0,0,0,0,0,0,0.0,0,2,0,1,0,1,56,0,0,0,0,0,0,0,0,0,0,0,0,0,0,0,0,0
125580000,4000.0,0.14069158,2099.6016,0.0,6911,0,0.0,0,0,0,0,0,0.0,0,2,0,1,0,1,56,0,0,0,0,0,0,0,0,0,0,0,0,0,0,0,0,0
126580000,4000.0,0.14069158,2228.0876,0.0,6963,0,0.0,0,0,0,0,0,0.0,0,2,0,1,0,1,56,0,0,0,0,0,0,0,0,0,0,0,0,0,0,0,0,0
126832000,4000.0,0.14069158,2228.0876,0.0,6982,0,0.0,0,0,0,0,0,0.0,0,2,0,1,0,1,56,0,0,0,0,0,0,0,0,0,0,0,0,0,0,0,0,0
128088000,4000.0,0.14069158,2268.9243,0.0,7050,0,0.0,0,0,0,0,0,0.0,0,2,0,1,0,1,56,0,0,0,0,0,0,0,0,0,0,0,0,0,0,0,0,0
129340000,4000.0,0.14069158,2439.2432,0.0,7125,0,0.0,0,0,0,0,0,0.0,0,2,0,1,0,1,56,0,0,0,0,0,0,0,0,0,0,0,0,0,0,0,0,0
130596000,4000.0,0.14069158,2209.1633,0.0,7192,0,0.0,0,0,0,0,0,0.0,0,2,0,1,0,1,56,0,0,0,0,0,0,0,0,0,0,0,0,0,0,0,0,0
131596000,4000.0,0.14069158,2241.036,0.0,7248,0,0.0,0,0,0,0,0,0.0,0,2,0,1,0,1,56,0,0,0,0,0,0,0,0,0,0,0,0,0,0,0,0,0
131852000,4000.0,0.14069158,2241.036,0.0,7262,0,0.0,0,0,0,0,0,0.0,0,2,0,1,0,1,56,0,0,0,0,0,0,0,0,0,0,0,0,0,0,0,0,0
133104000,4000.0,0.14069158,2268.9243,0.0,7332,0,0.0,0,0,0,0,0,0.0,0,2,0,1,0,1,56,0,0,0,0,0,0,0,0,0,0,0,0,0,0,0,0,0
134356000,4000.0,0.14069158,2192.2312,0.0,7401,0,0.0,0,0,0,0,0,0.0,0,2,0,1,0,1,56,0,0,0,0,0,0,0,0,0,0,0,0,0,0,0,0,0
135612000,4000.0,0.14069158,2320.7173,0.0,7474,0,0.0,0,0,0,0,0,0.0,0,2,0,1,0,1,56,0,0,0,0,0,0,0,0,0,0,0,0,0,0,0,0,0
136612000,4000.0,0.14069158,2154.3826,0.0,7530,0,0.0,0,0,0,0,0,0.0,0,2,0,1,0,1,56,0,0,0,0,0,0,0,0,0,0,0,0,0,0,0,0,0
136864000,4000.0,0.14069158,2154.3826,0.0,7544,0,0.0,0,0,0,0,0,0.0,0,2,0,1,0,1,56,0,0,0,0,0,0,0,0,0,0,0,0,0,0,0,0,0
138124000,4000.0,0.14069158,2306.773,0.0,7613,0,0.0,0,0,0,0,0,0.0,0,2,0,1,0,1,56,0,0,0,0,0,0,0,0,0,0,0,0,0,0,0,0,0
139380000,4000.0,0.14069158,2239.044,0.0,7679,0,0.0,0,0,0,0,0,0.0,0,2,0,1,0,1,56,0,0,0,0,0,0,0,0,0,0,0,0,0,0,0,0,0
140636000,4000.0,0.14069158,2131.474,0.0,7748,0,0.0,0,0,0,0,0,0.0,0,2,0,1,0,1,56,0,0,0,0,0,0,0,0,0,0,0,0,0,0,0,0,0
141636000,4000.0,0.14069158,2365.5378,0.0,7807,0,0.0,0,0,0,0,0,0.0,0,2,0,1,0,1,56,0,0,0,0,0,0,0,0,0,0,0,0,0,0,0,0,0
141892000,4000.0,0.14069158,2365.5378,0.0,7818,0,0.0,0,0,0,0,0,0.0,0,2,0,1,0,1,56,0,0,0,0,0,0,0,0,0,0,0,0,0,0,0,0,0
143152000,4000.0,0.14069158,2356.5737,0.0,7896,0,0.0,0,0,0,0,0,0.0,0,2,0,1,0,1,56,0,0,0,0,0,0,0,0,0,0,0,0,0,0,0,0,0
144408000,4000.0,0.14069158,2228.0876,0.0,7969,0,0.0,0,0,0,0,0,0.0,0,2,0,1,0,1,56,0,0,0,0,0,0,0,0,0,0,0,0,0,0,0,0,0
145664000,4000.0,0.14069158,2182.271,0.0,8033,0,0.0,0,0,0,0,0,0.0,0,2,0,1,0,1,56,0,0,0,0,0,0,0,0,0,0,0,0,0,0,0,0,0
146664000,4000.0,0.14069158,2363.546,0.0,8092,0,0.0,0,0,0,0,0,0.0,0,2,0,1,0,1,56,0,0,0,0,0,0,0,0,0,0,0,0,0,0,0,0,0
146920000,4000.0,0.14069158,2363.546,0.0,8102,0,0.0,0,0,0,0,0,0.0,0,2,0,1,0,1,56,0,0,0,0,0,0,0,0,0,0,0,0,0,0,0,0,0
148176000,4000.0,0.14069158,2124.502,0.0,8174,0,0.0,0,0,0,0,0,0.0,0,2,0,1,0,1,56,0,0,0,0,0,0,0,0,0,0,0,0,0,0,0,0,0
149432000,4000.0,0.14069158,2203.1873,0.0,8248,0,0.0,0,0,0,0,0,0.0,0,2,0,1,0,1,56,0,0,0,0,0,0,0,0,0,0,0,0,0,0,0,0,0
150684000,4000.0,0.14069158,2154.3826,0.0,8312,0,0.0,0,0,0,0,0,0.0,0,2,0,1,0,1,56,0,0,0,0,0,0,0,0,0,0,0,0,0,0,0,0,0
151684000,4000.0,0.14069158,2412.3506,0.0,8370,0,0.0,0,0,0,0,0,0.0,0,2,0,1,0,1,56,0,0,0,0,0,0,0,0,0,0,0,0,0,0,0,0,0
151944000,4000.0,0.14069158,2412.3506,0.0,8383,0,0.0,0,0,0,0,0,0.0,0,2,0,1,0,1,56,0,0,0,0,0,0,0,0,0,0,0,0,0,0,0,0,0
153196000,4000.0,0.14069158,2099.6016,0.0,8452,0,0.0,0,0,0,0,0,0.0,0,2,0,1,0,1,56,0,0,0,0,0,0,0,0,0,0,0,0,0,0,0,0,0
154456000,4000.0,0.14069158,2192.2312,0.0,8524,0,0.0,0,0,0,0,0,0.0,0,2,0,1,0,1,56,0,0,0,0,0,0,0,0,0,0,0,0,0,0,0,0,0
155704000,4000.0,0.14069158,2352.5896,0.0,8589,0,0.0,0,0,0,0,0,0.0,0,2,0,1,0,1,56,0,0,0,0,0,0,0,0,0,0,0,0,0,0,0,0,0
156704000,4000.0,0.14069158,2525.8965,0.0,8652,0,0.0,0,0,0,0,0,0.0,0,2,0,1,0,1,56,0,0,0,0,0,0,0,0,0,0,0,0,0,0,0,0,0
156960000,4000.0,0.14069158,2525.8965,0.0,8664,0,0.0,0,0,0,0,0,0.0,0,2,0,1,0,1,56,0,0,0,0,0,0,0,0,0,0,0,0,0,0,0,0,0
158216000,4000.0,0.14069158,2133.4663,0.0,8736,0,0.0,0,0,0,0,0,0.0,0,2,0,1,0,1,56,0,0,0,0,0,0,0,0,0,0,0,0,0,0,0,0,0
159472000,4000.0,0.14069158,2327.6892,0.0,8808,0,0.0,0,0,0,0,0,0.0,0,2,0,1,0,1,56,0,0,0,0,0,0,0,0,0,0,0,0,0,0,0,0,0
160724000,4000.0,0.14069158,2190.239,0.0,8870,0,0.0,0,0,0,0,0,0.0,0,2,0,1,0,1,56,0,0,0,0,0,0,0,0,0,0,0,0,0,0,0,0,0
161724000,4000.0,0.14069158,2306.773,0.0,8927,0,0.0,0,0,0,0,0,0.0,0,2,0,1,0,1,56,0,0,0,0,0,0,0,0,0,0,0,0,0,0,0,0,0
161976000,4000.0,0.14069158,2306.773,0.0,8940,0,0.0,0,0,0,0,0,0.0,0,2,0,1,0,1,56,0,0,0,0,0,0,0,0,0,0,0,0,0,0,0,0,0
163232000,4000.0,0.14069158,2180.279,0.0,9012,0,0.0,0,0,0,0,0,0.0,0,2,0,1,0,1,56,0,0,0,0,0,0,0,0,0,0,0,0,0,0,0,0,0
164484000,4000.0,0.14069158,2479.0837,0.0,9085,0,0.0,0,0,0,0,0,0.0,0,2,0,1,0,1,56,0,0,0,0,0,0,0,0,0,0,0,0,0,0,0,0,0
165736000,4000.0,0.14069158,2241.036,0.0,9156,0,0.0,0,0,0,0,0,0.0,0,2,0,1,0,1,56,0,0,0,0,0,0,0,0,0,0,0,0,0,0,0,0,0
166736000,4000.0,0.14069158,2268.9243,0.0,9209,0,0.0,0,0,0,0,0,0.0,0,2,0,1,0,1,56,0,0,0,0,0,0,0,0,0,0,0,0,0,0,0,0,0
166992000,4000.0,0.14069158,2268.9243,0.0,9221,0,0.0,0,0,0,0,0,0.0,0,2,0,1,0,1,56,0,0,0,0,0,0,0,0,0,0,0,0,0,0,0,0,0
168248000,4000.0,0.14069158,2261.9521,0.0,9291,0,0.0,0,0,0,0,0,0.0,0,2,0,1,0,1,56,0,0,0,0,0,0,0,0,0,0,0,0,0,0,0,0,0
169500000,4000.0,0.14069158,2304.781,0.0,9361,0,0.0,0,0,0,0,0,0.0,0,2,0,1,0,1,56,0,0,0,0,0,0,0,0,0,0,0,0,0,0,0,0,0
170756000,4000.0,0.14069158,2190.239,0.0,9439,0,0.0,0,0,0,0,0,0.0,0,2,0,1,0,1,56,0,0,0,0,0,0,0,0,0,0,0,0,0,0,0,0,0
171756000,4000.0,0.14069158,2639.4424,0.0,9490,0,0.0,0,0,0,0,0,0.0,0,2,0,1,0,1,56,0,0,0,0,0,0,0,0,0,0,0,0,0,0,0,0,0
172008000,4000.0,0.14069158,2639.4424,0.0,9503,0,0.0,0,0,0,0,0,0.0,0,2,0,1,0,1,56,0,0,0,0,0,0,0,0,0,0,0,0,0,0,0,0,0
173276000,4000.0,0.14069158,2239.044,0.0,9575,0,0.0,0,0,0,0,0,0.0,0,2,0,1,0,1,56,0,0,0,0,0,0,0,0,0,0,0,0,0,0,0,0,0
174524000,4000.0,0.14069158,2306.773,0.0,9643,0,0.0,0,0,0,0,0,0.0,0,2,0,1,0,1,56,0,0,0,0,0,0,0,0,0,0,0,0,0,0,0,0,0
175776000,4000.0,0.14069158,2365.5378,0.0,9714,0,0.0,0,0,0,0,0,0.0,0,2,0,1,0,1,56,0,0,0,0,0,0,0,0,0,0,0,0,0,0,0,0,0
176776000,4000.0,0.14069158,2099.6016,0.0,9767,0,0.0,0,0,0,0,0,0.0,0,2,0,1,0,1,56,0,0,0,0,0,0,0,0,0,0,0,0,0,0,0,0,0
177032000,4000.0,0.14069158,2099.6016,0.0,9779,0,0.0,0,0,0,0,0,0.0,0,2,0,1,0,1,56,0,0,0,0,0,0,0,0,0,0,0,0,0,0,0,0,0
178284000,4000.0,0.14069158,2228.0876,0.0,9853,0,0.0,0,0,0,0,0,0.0,0,2,0,1,0,1,56,0,0,0,0,0,0,0,0,0,0,0,0,0,0,0,0,0
179540000,4000.0,0.14069158,2418.3267,0.0,9924,0,0.0,0,0,0,0,0,0.0,0,2,0,1,0,1,56,0,0,0,0,0,0,0,0,0,0,0,0,0,0,0,0,0
180792000,4000.0,0.14069158,2365.5378,0.0,9996,0,0.0,0,0,0,0,0,0.0,0,2,0,1,0,1,56,0,0,0,0,0,0,0,0,0,0,0,0,0,0,0,0,0
181792000,4000.0,0.14069158,2086.6536,0.0,10047,0,0.0,0,0,0,0,0,0.0,0,2,0,1,0,1,56,0,0,0,0,0,0,0,0,0,0,0,0,0,0,0,0,0
182052000,4000.0,0.14069158,2086.6536,0.0,10057,0,0.0,0,0,0,0,0,0.0,0,2,0,1,0,1,56,0,0,0,0,0,0,0,0,0,0,0,0,0,0,0,0,0
183304000,4000.0,0.14069158,2241.036,0.0,10130,0,0.0,0,0,0,0,0,0.0,0,2,0,1,0,1,56,0,0,0,0,0,0,0,0,0,0,0,0,0,0,0,0,0
184556000,4000.0,0.14069158,2338.6455,0.0,10199,0,0.0,0,0,0,0,0,0.0,0,2,0,1,0,1,56,0,0,0,0,0,0,0,0,0,0,0,0,0,0,0,0,0
185556000,4000.0,0.14069158,2192.2312,0.0,10260,0,0.0,0,0,0,0,0,0.0,0,2,0,1,0,1,56,0,0,0,0,0,0,0,0,0,0,0,0,0,0,0,0,0
185816000,4000.0,0.14069158,2561.7532,0.0,10275,0,0.0,0,0,0,0,0,0.0,0,2,0,1,0,1,56,0,0,0,0,0,0,0,0,0,0,0,0,0,0,0,0,0
187072000,4000.0,0.14069158,2173.307,0.0,10346,0,0.0,0,0,0,0,0,0.0,0,2,0,1,0,1,56,0,0,0,0,0,0,0,0,0,0,0,0,0,0,0,0,0
188324000,4000.0,0.14069158,2399.4023,0.0,10415,0,0.0,0,0,0,0,0,0.0,0,2,0,1,0,1,56,0,0,0,0,0,0,0,0,0,0,0,0,0,0,0,0,0
189576000,4000.0,0.14069158,2137.4502,0.0,10482,0,0.0,0,0,0,0,0,0.0,0,2,0,1,0,1,56,0,0,0,0,0,0,0,0,0,0,0,0,0,0,0,0,0
190576000,4000.0,0.14069158,2239.044,0.0,10534,0,0.0,0,0,0,0,0,0.0,0,2,0,1,0,1,56,0,0,0,0,0,0,0,0,0,0,0,0,0,0,0,0,0
190836000,4000.0,0.14069158,2306.773,0.0,10553,0,0.0,0,0,0,0,0,0.0,0,2,0,1,0,1,56,0,0,0,0,0,0,0,0,0,0,0,0,0,0,0,0,0
192096000,4000.0,0.14069158,2095.6177,0.0,10626,0,0.0,0,0,0,0,0,0.0,0,2,0,1,0,1,56,0,0,0,0,0,0,0,0,0,0,0,0,0,0,0,0,0
193348000,4000.0,0.14069158,2479.0837,0.0,10692,0,0.0,0,0,0,0,0,0.0,0,2,0,1,0,1,56,0,0,0,0,0,0,0,0,0,0,0,0,0,0,0,0,0
194604000,4000.0,0.14069158,2135.4583,0.0,10762,0,0.0,0,0,0,0,0,0.0,0,2,0,1,0,1,56,0,0,0,0,0,0,0,0,0,0,0,0,0,0,0,0,0
195604000,4000.0,0.14069158,2228.0876,0.0,10821,0,0.0,0,0,0,0,0,0.0,0,2,0,1,0,1,56,0,0,0,0,0,0,0,0,0,0,0,0,0,0,0,0,0
195856000,4000.0,0.14069158,2268.9243,0.0,10832,0,0.0,0,0,0,0,0,0.0,0,2,0,1,0,1,56,0,0,0,0,0,0,0,0,0,0,0,0,0,0,0,0,0
197108000,4000.0,0.14069158,2182.271,0.0,10901,0,0.0,0,0,0,0,0,0.0,0,2,0,1,0,1,56,0,0,0,0,0,0,0,0,0,0,0,0,0,0,0,0,0
198364000,4000.0,0.14069158,2327.6892,0.0,10969,0,0.0,0,0,0,0,0,0.0,0,2,0,1,0,1,56,0,0,0,0,0,0,0,0,0,0,0,0,0,0,0,0,0
199616000,4000.0,0.14069158,2124.502,0.0,11045,0,0.0,0,0,0,0,0,0.0,0,2,0,1,0,1,56,0,0,0,0,0,0,0,0,0,0,0,0,0,0,0,0,0
200616000,4000.0,0.14069158,2529.8806,0.0,11103,0,0.0,0,0,0,0,0,0.0,0,2,0,1,0,1,56,0,0,0,0,0,0,0,0,0,0,0,0,0,0,0,0,0
200872000,4000.0,0.14069158,2306.773,0.0,11114,0,0.0,0,0,0,0,0,0.0,0,2,0,1,0,1,56,0,0,0,0,0,0,0,0,0,0,0,0,0,0,0,0,0
202132000,4000.0,0.14069158,2154.3826,0.0,11186,0,0.0,0,0,0,0,0,0.0,0,2,0,1,0,1,56,0,0,0,0,0,0,0,0,0,0,0,0,0,0,0,0,0
203384000,4000.0,0.14069158,2378.486,0.0,11251,0,0.0,0,0,0,0,0,0.0,0,2,0,1,0,1,56,0,0,0,0,0,0,0,0,0,0,0,0,0,0,0,0,0
204640000,4000.0,0.14069158,2220.1196,0.0,11320,0,0.0,0,0,0,0,0,0.0,0,2,0,1,0,1,56,0,0,0,0,0,0,0,0,0,0,0,0,0,0,0,0,0
205640000,4000.0,0.14069158,2316.7332,0.0,11379,0,0.0,0,0,0,0,0,0.0,0,2,0,1,0,1,56,0,0,0,0,0,0,0,0,0,0,0,0,0,0,0,0,0
205904000,4000.0,0.14069158,2099.6016,0.0,11389,0,0.0,0,0,0,0,0,0.0,0,2,0,1,0,1,56,0,0,0,0,0,0,0,0,0,0,0,0,0,0,0,0,0
207156000,4000.0,0.14069158,2390.4382,0.0,11464,0,0.0,0,0,0,0,0,0.0,0,2,0,1,0,1,56,0,0,0,0,0,0,0,0,0,0,0,0,0,0,0,0,0
208408000,4000.0,0.14069158,2268.9243,0.0,11536,0,0.0,0,0,0,0,0,0.0,0,2,0,1,0,1,56,0,0,0,0,0,0,0,0,0,0,0,0,0,0,0,0,0
209668000,4000.0,0.14069158,2133.4663,0.0,11603,0,0.0,0,0,0,0,0,0.0,0,2,0,1,0,1,56,0,0,0,0,0,0,0,0,0,0,0,0,0,0,0,0,0
210668000,4000.0,0.14069158,2327.6892,0.0,11660,0,0.0,0,0,0,0,0,0.0,0,2,0,1,0,1,56,0,0,0,0,0,0,0,0,0,0,0,0,0,0,0,0,0
210924000,4000.0,0.14069158,2209.1633,0.0,11673,0,0.0,0,0,0,0,0,0.0,0,2,0,1,0,1,56,0,0,0,0,0,0,0,0,0,0,0,0,0,0,0,0,0
212180000,4000.0,0.14069158,2154.3826,0.0,11742,0,0.0,0,0,0,0,0,0.0,0,2,0,1,0,1,56,0,0,0,0,0,0,0,0,0,0,0,0,0,0,0,0,0
213440000,4000.0,0.14069158,2306.773,0.0,11820,0,0.0,0,0,0,0,0,0.0,0,2,0,1,0,1,56,0,0,0,0,0,0,0,0,0,0,0,0,0,0,0,0,0
214688000,4000.0,0.14069158,2460.1594,0.0,11883,0,0.0,0,0,0,0,0,0.0,0,2,0,1,0,1,56,0,0,0,0,0,0,0,0,0,0,0,0,0,0,0,0,0
215688000,4000.0,0.14069158,2412.3506,0.0,11941,0,0.0,0,0,0,0,0,0.0,0,2,0,1,0,1,56,0,0,0,0,0,0,0,0,0,0,0,0,0,0,0,0,0
215948000,4000.0,0.14069158,2050.7969,0.0,11953,0,0.0,0,0,0,0,0,0.0,0,2,0,1,0,1,56,0,0,0,0,0,0,0,0,0,0,0,0,0,0,0,0,0
217204000,4000.0,0.14069158,2241.036,0.0,12025,0,0.0,0,0,0,0,0,0.0,0,2,0,1,0,1,56,0,0,0,0,0,0,0,0,0,0,0,0,0,0,0,0,0
218456000,4000.0,0.14069158,2268.9243,0.0,12097,0,0.0,0,0,0,0,0,0.0,0,2,0,1,0,1,56,0,0,0,0,0,0,0,0,0,0,0,0,0,0,0,0,0
219716000,4000.0,0.14069158,2228.0876,0.0,12160,0,0.0,0,0,0,0,0,0.0,0,2,0,1,0,1,56,0,0,0,0,0,0,0,0,0,0,0,0,0,0,0,0,0
220716000,4000.0,0.14069158,2380.4783,0.0,12220,0,0.0,0,0,0,0,0,0.0,0,2,0,1,0,1,56,0,0,0,0,0,0,0,0,0,0,0,0,0,0,0,0,0
220968000,4000.0,0.14069158,2295.817,0.0,12233,0,0.0,0,0,0,0,0,0.0,0,2,0,1,0,1,56,0,0,0,0,0,0,0,0,0,0,0,0,0,0,0,0,0
222232000,4000.0,0.14069158,2278.8845,0.0,12305,0,0.0,0,0,0,0,0,0.0,0,2,0,1,0,1,56,0,0,0,0,0,0,0,0,0,0,0,0,0,0,0,0,0
