timestamp,nav_state_timestamp,failsafe_timestamp,onboard_control_sensors_present,onboard_control_sensors_enabled,onboard_control_sensors_health,armed_time,takeoff_time,nav_state,arming_state,hil_state,failsafe,system_type,system_id,component_id,vehicle_type,is_vtol,is_vtol_tailsitter,vtol_fw_permanent_stab,in_transition_mode,in_transition_to_fw,rc_signal_lost,data_link_lost,data_link_lost_counter,high_latency_data_link_lost,engine_failure,mission_failure,geofence_violated,failure_detector_status,latest_arming_reason,latest_disarming_reason
8820000,6648000,0,271155244,270630924,271548463,8820000,0,2,2,0,0,2,1,1,1,0,0,0,0,0,0,0,0,0,0,0,0,0,4,0
9324000,6648000,0,271155244,270630924,271548463,8820000,0,2,2,0,0,2,1,1,1,0,0,0,0,0,0,0,0,0,0,0,0,0,4,0
9828000,6648000,0,271155244,270630924,271548463,8820000,0,2,2,0,0,2,1,1,1,0,0,0,0,0,0,0,0,0,0,0,0,0,4,0
10332000,6648000,0,271155244,270630924,271548463,8820000,0,2,2,0,0,2,1,1,1,0,0,0,0,0,0,0,0,0,0,0,0,0,4,0
10836000,6648000,0,271155244,270630924,271548463,8820000,0,2,2,0,0,2,1,1,1,0,0,0,0,0,0,0,0,0,0,0,0,0,4,0
11340000,6648000,0,271155244,270630924,271548463,8820000,0,2,2,0,0,2,1,1,1,0,0,0,0,0,0,0,0,0,0,0,0,0,4,0
11844000,6648000,0,271155244,270630924,271548463,8820000,0,2,2,0,0,2,1,1,1,0,0,0,0,0,0,0,0,0,0,0,0,0,4,0
12348000,6648000,0,271155244,270630924,271548463,8820000,12192000,2,2,0,0,2,1,1,1,0,0,0,0,0,0,0,0,0,0,0,0,0,4,0
12852000,6648000,0,271155244,270630924,271548463,8820000,12192000,2,2,0,0,2,1,1,1,0,0,0,0,0,0,0,0,0,0,0,0,0,4,0
13356000,6648000,0,271155244,270630924,271548463,8820000,12192000,2,2,0,0,2,1,1,1,0,0,0,0,0,0,0,0,0,0,0,0,0,4,0
13860000,6648000,0,271155244,270630924,271548463,8820000,12192000,2,2,0,0,2,1,1,1,0,0,0,0,0,0,0,0,0,0,0,0,0,4,0
14364000,6648000,0,271155244,270630924,271548463,8820000,12192000,2,2,0,0,2,1,1,1,0,0,0,0,0,0,0,0,0,0,0,0,0,4,0
14868000,6648000,0,271155244,270630924,271548463,8820000,12192000,2,2,0,0,2,1,1,1,0,0,0,0,0,0,0,0,0,0,0,0,0,4,0
15372000,6648000,0,271155244,270630924,271548463,8820000,12192000,2,2,0,0,2,1,1,1,0,0,0,0,0,0,0,0,0,0,0,0,0,4,0
15876000,6648000,0,271155244,270630924,271548463,8820000,12192000,2,2,0,0,2,1,1,1,0,0,0,0,0,0,0,0,0,0,0,0,0,4,0
16380000,6648000,0,271155244,270630924,271548463,8820000,12192000,2,2,0,0,2,1,1,1,0,0,0,0,0,0,0,0,0,0,0,0,0,4,0
16884000,6648000,0,271155244,270630924,271548463,8820000,12192000,2,2,0,0,2,1,1,1,0,0,0,0,0,0,0,0,0,0,0,0,0,4,0
17388000,6648000,0,271155244,270630924,271548463,8820000,12192000,2,2,0,0,2,1,1,1,0,0,0,0,0,0,0,0,0,0,0,0,0,4,0
17892000,6648000,0,271155244,270630924,271548463,8820000,12192000,2,2,0,0,2,1,1,1,0,0,0,0,0,0,0,0,0,0,0,0,0,4,0
18396000,6648000,0,271155244,270630924,271548463,8820000,12192000,2,2,0,0,2,1,1,1,0,0,0,0,0,0,0,0,0,0,0,0,0,4,0
18900000,6648000,0,271155244,270630924,271548463,8820000,12192000,2,2,0,0,2,1,1,1,0,0,0,0,0,0,0,0,0,0,0,0,0,4,0
19404000,6648000,0,271155244,270630924,271548463,8820000,12192000,2,2,0,0,2,1,1,1,0,0,0,0,0,0,0,0,0,0,0,0,0,4,0
19908000,6648000,0,271155244,270630924,271548463,8820000,12192000,2,2,0,0,2,1,1,1,0,0,0,0,0,0,0,0,0,0,0,0,0,4,0
20412000,6648000,0,271155244,270630924,271548463,8820000,12192000,2,2,0,0,2,1,1,1,0,0,0,0,0,0,0,0,0,0,0,0,0,4,0
20916000,6648000,0,271155244,270630924,271548463,8820000,12192000,2,2,0,0,2,1,1,1,0,0,0,0,0,0,0,0,0,0,0,0,0,4,0
21420000,6648000,0,271155244,270630924,271548463,8820000,12192000,2,2,0,0,2,1,1,1,0,0,0,0,0,0,0,0,0,0,0,0,0,4,0
21924000,6648000,0,271155244,270630924,271548463,8820000,12192000,2,2,0,0,2,1,1,1,0,0,0,0,0,0,0,0,0,0,0,0,0,4,0
22428000,6648000,0,271155244,270630924,271548463,8820000,12192000,2,2,0,0,2,1,1,1,0,0,0,0,0,0,0,0,0,0,0,0,0,4,0
22932000,6648000,0,271155244,270630924,271548463,8820000,12192000,2,2,0,0,2,1,1,1,0,0,0,0,0,0,0,0,0,0,0,0,0,4,0
23436000,6648000,0,271155244,270630924,271548463,8820000,12192000,2,2,0,0,2,1,1,1,0,0,0,0,0,0,0,0,0,0,0,0,0,4,0
23940000,6648000,0,271155244,270630924,271548463,8820000,12192000,2,2,0,0,2,1,1,1,0,0,0,0,0,0,0,0,0,0,0,0,0,4,0
24444000,6648000,0,271155244,270630924,271548463,8820000,12192000,2,2,0,0,2,1,1,1,0,0,0,0,0,0,0,0,0,0,0,0,0,4,0
24948000,6648000,0,271155244,270630924,271548463,8820000,12192000,2,2,0,0,2,1,1,1,0,0,0,0,0,0,0,0,0,0,0,0,0,4,0
25456000,6648000,0,271155244,270630924,271548463,8820000,12192000,2,2,0,0,2,1,1,1,0,0,0,0,0,0,0,0,0,0,0,0,0,4,0
25960000,6648000,0,271155244,270630924,271548463,8820000,12192000,2,2,0,0,2,1,1,1,0,0,0,0,0,0,0,0,0,0,0,0,0,4,0
26464000,6648000,0,271155244,270630924,271548463,8820000,12192000,2,2,0,0,2,1,1,1,0,0,0,0,0,0,0,0,0,0,0,0,0,4,0
26968000,6648000,0,271155244,270630924,271548463,8820000,12192000,2,2,0,0,2,1,1,1,0,0,0,0,0,0,0,0,0,0,0,0,0,4,0
27476000,6648000,0,271155244,270630924,271548463,8820000,12192000,2,2,0,0,2,1,1,1,0,0,0,0,0,0,0,0,0,0,0,0,0,4,0
27980000,6648000,0,271155244,270630924,271548463,8820000,12192000,2,2,0,0,2,1,1,1,0,0,0,0,0,0,0,0,0,0,0,0,0,4,0
28484000,6648000,0,271155244,270630924,271548463,8820000,12192000,2,2,0,0,2,1,1,1,0,0,0,0,0,0,0,0,0,0,0,0,0,4,0
28988000,6648000,0,271155244,270630924,271548463,8820000,12192000,2,2,0,0,2,1,1,1,0,0,0,0,0,0,0,0,0,0,0,0,0,4,0
29492000,6648000,0,271155244,270630924,271548463,8820000,12192000,2,2,0,0,2,1,1,1,0,0,0,0,0,0,0,0,0,0,0,0,0,4,0
29996000,6648000,0,271155244,270630924,271548463,8820000,12192000,2,2,0,0,2,1,1,1,0,0,0,0,0,0,0,0,0,0,0,0,0,4,0
30500000,6648000,0,271155244,270630924,271548463,8820000,12192000,2,2,0,0,2,1,1,1,0,0,0,0,0,0,0,0,0,0,0,0,0,4,0
31004000,6648000,0,271155244,270630924,271548463,8820000,12192000,2,2,0,0,2,1,1,1,0,0,0,0,0,0,0,0,0,0,0,0,0,4,0
31512000,6648000,0,271155244,270630924,271548463,8820000,12192000,2,2,0,0,2,1,1,1,0,0,0,0,0,0,0,0,0,0,0,0,0,4,0
32016000,6648000,0,271155244,270630924,271548463,8820000,12192000,2,2,0,0,2,1,1,1,0,0,0,0,0,0,0,0,0,0,0,0,0,4,0
32520000,6648000,0,271155244,270630924,271548463,8820000,12192000,2,2,0,0,2,1,1,1,0,0,0,0,0,0,0,0,0,0,0,0,0,4,0
33024000,6648000,0,271155244,270630924,271548463,8820000,12192000,2,2,0,0,2,1,1,1,0,0,0,0,0,0,0,0,0,0,0,0,0,4,0
33528000,6648000,0,271155244,270630924,271548463,8820000,12192000,2,2,0,0,2,1,1,1,0,0,0,0,0,0,0,0,0,0,0,0,0,4,0
34028000,6648000,0,271155244,270630924,271548463,8820000,12192000,2,2,0,0,2,1,1,1,0,0,0,0,0,0,0,0,0,0,0,0,0,4,0
34532000,6648000,0,271155244,270630924,271548463,8820000,12192000,2,2,0,0,2,1,1,1,0,0,0,0,0,0,0,0,0,0,0,0,0,4,0
35036000,6648000,0,271155244,270630924,271548463,8820000,12192000,2,2,0,0,2,1,1,1,0,0,0,0,0,0,0,0,0,0,0,0,0,4,0
35540000,6648000,0,271155244,270630924,271548463,8820000,12192000,2,2,0,0,2,1,1,1,0,0,0,0,0,0,0,0,0,0,0,0,0,4,0
36044000,6648000,0,271155244,270630924,271548463,8820000,12192000,2,2,0,0,2,1,1,1,0,0,0,0,0,0,0,0,0,0,0,0,0,4,0
36552000,6648000,0,271155244,270630924,271548463,8820000,12192000,2,2,0,0,2,1,1,1,0,0,0,0,0,0,0,0,0,0,0,0,0,4,0
37056000,6648000,0,271155244,270630924,271548463,8820000,12192000,2,2,0,0,2,1,1,1,0,0,0,0,0,0,0,0,0,0,0,0,0,4,0
37560000,6648000,0,271155244,270630924,271548463,8820000,12192000,2,2,0,0,2,1,1,1,0,0,0,0,0,0,0,0,0,0,0,0,0,4,0
38064000,6648000,0,271155244,270630924,271548463,8820000,12192000,2,2,0,0,2,1,1,1,0,0,0,0,0,0,0,0,0,0,0,0,0,4,0
38568000,6648000,0,271155244,270630924,271548463,8820000,12192000,2,2,0,0,2,1,1,1,0,0,0,0,0,0,0,0,0,0,0,0,0,4,0
39072000,6648000,0,271155244,270630924,271548463,8820000,12192000,2,2,0,0,2,1,1,1,0,0,0,0,0,0,0,0,0,0,0,0,0,4,0
39576000,6648000,0,271155244,270630924,271548463,8820000,12192000,2,2,0,0,2,1,1,1,0,0,0,0,0,0,0,0,0,0,0,0,0,4,0
40080000,6648000,0,271155244,270630924,271548463,8820000,12192000,2,2,0,0,2,1,1,1,0,0,0,0,0,0,0,0,0,0,0,0,0,4,0
40584000,6648000,0,271155244,270630924,271548463,8820000,12192000,2,2,0,0,2,1,1,1,0,0,0,0,0,0,0,0,0,0,0,0,0,4,0
41088000,6648000,0,271155244,270630924,271548463,8820000,12192000,2,2,0,0,2,1,1,1,0,0,0,0,0,0,0,0,0,0,0,0,0,4,0
41592000,6648000,0,271155244,270630924,271548463,8820000,12192000,2,2,0,0,2,1,1,1,0,0,0,0,0,0,0,0,0,0,0,0,0,4,0
42096000,6648000,0,271155244,270630924,271548463,8820000,12192000,2,2,0,0,2,1,1,1,0,0,0,0,0,0,0,0,0,0,0,0,0,4,0
42604000,6648000,0,271155244,270630924,271548463,8820000,12192000,2,2,0,0,2,1,1,1,0,0,0,0,0,0,0,0,0,0,0,0,0,4,0
43108000,6648000,0,271155244,270630924,271548463,8820000,12192000,2,2,0,0,2,1,1,1,0,0,0,0,0,0,0,0,0,0,0,0,0,4,0
43612000,6648000,0,271155244,270630924,271548463,8820000,12192000,2,2,0,0,2,1,1,1,0,0,0,0,0,0,0,0,0,0,0,0,0,4,0
44116000,6648000,0,271155244,270630924,271548463,8820000,12192000,2,2,0,0,2,1,1,1,0,0,0,0,0,0,0,0,0,0,0,0,0,4,0
44620000,6648000,0,271155244,270630924,271548463,8820000,12192000,2,2,0,0,2,1,1,1,0,0,0,0,0,0,0,0,0,0,0,0,0,4,0
45124000,6648000,0,271155244,270630924,271548463,8820000,12192000,2,2,0,0,2,1,1,1,0,0,0,0,0,0,0,0,0,0,0,0,0,4,0
45628000,6648000,0,271155244,270630924,271548463,8820000,12192000,2,2,0,0,2,1,1,1,0,0,0,0,0,0,0,0,0,0,0,0,0,4,0
46132000,6648000,0,271155244,270630924,271548463,8820000,12192000,2,2,0,0,2,1,1,1,0,0,0,0,0,0,0,0,0,0,0,0,0,4,0
46636000,6648000,0,271155244,270630924,271548463,8820000,12192000,2,2,0,0,2,1,1,1,0,0,0,0,0,0,0,0,0,0,0,0,0,4,0
47140000,6648000,0,271155244,270630924,271548463,8820000,12192000,2,2,0,0,2,1,1,1,0,0,0,0,0,0,0,0,0,0,0,0,0,4,0
47644000,6648000,0,271155244,270630924,271548463,8820000,12192000,2,2,0,0,2,1,1,1,0,0,0,0,0,0,0,0,0,0,0,0,0,4,0
48148000,6648000,0,271155244,270630924,271548463,8820000,12192000,2,2,0,0,2,1,1,1,0,0,0,0,0,0,0,0,0,0,0,0,0,4,0
48652000,6648000,0,271155244,270630924,271548463,8820000,12192000,2,2,0,0,2,1,1,1,0,0,0,0,0,0,0,0,0,0,0,0,0,4,0
49156000,6648000,0,271155244,270630924,271548463,8820000,12192000,2,2,0,0,2,1,1,1,0,0,0,0,0,0,0,0,0,0,0,0,0,4,0
49660000,6648000,0,271155244,270630924,271548463,8820000,12192000,2,2,0,0,2,1,1,1,0,0,0,0,0,0,0,0,0,0,0,0,0,4,0
50164000,6648000,0,271155244,270630924,271548463,8820000,12192000,2,2,0,0,2,1,1,1,0,0,0,0,0,0,0,0,0,0,0,0,0,4,0
50668000,6648000,0,271155244,270630924,271548463,8820000,12192000,2,2,0,0,2,1,1,1,0,0,0,0,0,0,0,0,0,0,0,0,0,4,0
51172000,6648000,0,271155244,270630924,271548463,8820000,12192000,2,2,0,0,2,1,1,1,0,0,0,0,0,0,0,0,0,0,0,0,0,4,0
51676000,6648000,0,271155244,270630924,271548463,8820000,12192000,2,2,0,0,2,1,1,1,0,0,0,0,0,0,0,0,0,0,0,0,0,4,0
52180000,6648000,0,271155244,270630924,271548463,8820000,12192000,2,2,0,0,2,1,1,1,0,0,0,0,0,0,0,0,0,0,0,0,0,4,0
52684000,6648000,0,271155244,270630924,271548463,8820000,12192000,2,2,0,0,2,1,1,1,0,0,0,0,0,0,0,0,0,0,0,0,0,4,0
53188000,6648000,0,271155244,270630924,271548463,8820000,12192000,2,2,0,0,2,1,1,1,0,0,0,0,0,0,0,0,0,0,0,0,0,4,0
53692000,6648000,0,271155244,270630924,271548463,8820000,12192000,2,2,0,0,2,1,1,1,0,0,0,0,0,0,0,0,0,0,0,0,0,4,0
54196000,6648000,0,271155244,270630924,271548463,8820000,12192000,2,2,0,0,2,1,1,1,0,0,0,0,0,0,0,0,0,0,0,0,0,4,0
54700000,6648000,0,271155244,270630924,271548463,8820000,12192000,2,2,0,0,2,1,1,1,0,0,0,0,0,0,0,0,0,0,0,0,0,4,0
55204000,6648000,0,271155244,270630924,271548463,8820000,12192000,2,2,0,0,2,1,1,1,0,0,0,0,0,0,0,0,0,0,0,0,0,4,0
55708000,6648000,0,271155244,270630924,271548463,8820000,12192000,2,2,0,0,2,1,1,1,0,0,0,0,0,0,0,0,0,0,0,0,0,4,0
56212000,6648000,0,271155244,270630924,271548463,8820000,12192000,2,2,0,0,2,1,1,1,0,0,0,0,0,0,0,0,0,0,0,0,0,4,0
56716000,6648000,0,271155244,270630924,271548463,8820000,12192000,2,2,0,0,2,1,1,1,0,0,0,0,0,0,0,0,0,0,0,0,0,4,0
57220000,6648000,0,271155244,270630924,271548463,8820000,12192000,2,2,0,0,2,1,1,1,0,0,0,0,0,0,0,0,0,0,0,0,0,4,0
57724000,6648000,0,271155244,270630924,271548463,8820000,12192000,2,2,0,0,2,1,1,1,0,0,0,0,0,0,0,0,0,0,0,0,0,4,0
58228000,6648000,0,271155244,270630924,271548463,8820000,12192000,2,2,0,0,2,1,1,1,0,0,0,0,0,0,0,0,0,0,0,0,0,4,0
58732000,6648000,0,271155244,270630924,271548463,8820000,12192000,2,2,0,0,2,1,1,1,0,0,0,0,0,0,0,0,0,0,0,0,0,4,0
59236000,6648000,0,271155244,270630924,271548463,8820000,12192000,2,2,0,0,2,1,1,1,0,0,0,0,0,0,0,0,0,0,0,0,0,4,0
59744000,6648000,0,271155244,270630924,271548463,8820000,12192000,2,2,0,0,2,1,1,1,0,0,0,0,0,0,0,0,0,0,0,0,0,4,0
60248000,6648000,0,271155244,270630924,271548463,8820000,12192000,2,2,0,0,2,1,1,1,0,0,0,0,0,0,0,0,0,0,0,0,0,4,0
60752000,6648000,0,271155244,270630924,271548463,8820000,12192000,2,2,0,0,2,1,1,1,0,0,0,0,0,0,0,0,0,0,0,0,0,4,0
61256000,6648000,0,271155244,270630924,271548463,8820000,12192000,2,2,0,0,2,1,1,1,0,0,0,0,0,0,0,0,0,0,0,0,0,4,0
61760000,6648000,0,271155244,270630924,271548463,8820000,12192000,2,2,0,0,2,1,1,1,0,0,0,0,0,0,0,0,0,0,0,0,0,4,0
62264000,6648000,0,271155244,270630924,271548463,8820000,12192000,2,2,0,0,2,1,1,1,0,0,0,0,0,0,0,0,0,0,0,0,0,4,0
62772000,6648000,0,271155244,270630924,271548463,8820000,12192000,2,2,0,0,2,1,1,1,0,0,0,0,0,0,0,0,0,0,0,0,0,4,0
63276000,6648000,0,271155244,270630924,271548463,8820000,12192000,2,2,0,0,2,1,1,1,0,0,0,0,0,0,0,0,0,0,0,0,0,4,0
63780000,6648000,0,271155244,270630924,271548463,8820000,12192000,2,2,0,0,2,1,1,1,0,0,0,0,0,0,0,0,0,0,0,0,0,4,0
64284000,6648000,0,271155244,270630924,271548463,8820000,12192000,2,2,0,0,2,1,1,1,0,0,0,0,0,0,0,0,0,0,0,0,0,4,0
64788000,6648000,0,271155244,270630924,271548463,8820000,12192000,2,2,0,0,2,1,1,1,0,0,0,0,0,0,0,0,0,0,0,0,0,4,0
65292000,6648000,0,271155244,270630924,271548463,8820000,12192000,2,2,0,0,2,1,1,1,0,0,0,0,0,0,0,0,0,0,0,0,0,4,0
65796000,6648000,0,271155244,270630924,271548463,8820000,12192000,2,2,0,0,2,1,1,1,0,0,0,0,0,0,0,0,0,0,0,0,0,4,0
66300000,6648000,0,271155244,270630924,271548463,8820000,12192000,2,2,0,0,2,1,1,1,0,0,0,0,0,0,0,0,0,0,0,0,0,4,0
66804000,6648000,0,271155244,270630924,271548463,8820000,12192000,2,2,0,0,2,1,1,1,0,0,0,0,0,0,0,0,0,0,0,0,0,4,0
67308000,6648000,0,271155244,270630924,271548463,8820000,12192000,2,2,0,0,2,1,1,1,0,0,0,0,0,0,0,0,0,0,0,0,0,4,0
67812000,6648000,0,271155244,270630924,271548463,8820000,12192000,2,2,0,0,2,1,1,1,0,0,0,0,0,0,0,0,0,0,0,0,0,4,0
68316000,6648000,0,271155244,270630924,271548463,8820000,12192000,2,2,0,0,2,1,1,1,0,0,0,0,0,0,0,0,0,0,0,0,0,4,0
68820000,6648000,0,271155244,270630924,271548463,8820000,12192000,2,2,0,0,2,1,1,1,0,0,0,0,0,0,0,0,0,0,0,0,0,4,0
69324000,6648000,0,271155244,270630924,271548463,8820000,12192000,2,2,0,0,2,1,1,1,0,0,0,0,0,0,0,0,0,0,0,0,0,4,0
69828000,6648000,0,271155244,270630924,271548463,8820000,12192000,2,2,0,0,2,1,1,1,0,0,0,0,0,0,0,0,0,0,0,0,0,4,0
70332000,6648000,0,271155244,270630924,271548463,8820000,12192000,2,2,0,0,2,1,1,1,0,0,0,0,0,0,0,0,0,0,0,0,0,4,0
70836000,6648000,0,271155244,270630924,271548463,8820000,12192000,2,2,0,0,2,1,1,1,0,0,0,0,0,0,0,0,0,0,0,0,0,4,0
71340000,6648000,0,271155244,270630924,271548463,8820000,12192000,2,2,0,0,2,1,1,1,0,0,0,0,0,0,0,0,0,0,0,0,0,4,0
71844000,6648000,0,271155244,270630924,271548463,8820000,12192000,2,2,0,0,2,1,1,1,0,0,0,0,0,0,0,0,0,0,0,0,0,4,0
72348000,6648000,0,271155244,270630924,271548463,8820000,12192000,2,2,0,0,2,1,1,1,0,0,0,0,0,0,0,0,0,0,0,0,0,4,0
72852000,6648000,0,271155244,270630924,271548463,8820000,12192000,2,2,0,0,2,1,1,1,0,0,0,0,0,0,0,0,0,0,0,0,0,4,0
73356000,6648000,0,271155244,270630924,271548463,8820000,12192000,2,2,0,0,2,1,1,1,0,0,0,0,0,0,0,0,0,0,0,0,0,4,0
73860000,6648000,0,271155244,270630924,271548463,8820000,12192000,2,2,0,0,2,1,1,1,0,0,0,0,0,0,0,0,0,0,0,0,0,4,0
74364000,6648000,0,271155244,270630924,271548463,8820000,12192000,2,2,0,0,2,1,1,1,0,0,0,0,0,0,0,0,0,0,0,0,0,4,0
74868000,6648000,0,271155244,270630924,271548463,8820000,12192000,2,2,0,0,2,1,1,1,0,0,0,0,0,0,0,0,0,0,0,0,0,4,0
75372000,6648000,0,271155244,270630924,271548463,8820000,12192000,2,2,0,0,2,1,1,1,0,0,0,0,0,0,0,0,0,0,0,0,0,4,0
75876000,6648000,0,271155244,270630924,271548463,8820000,12192000,2,2,0,0,2,1,1,1,0,0,0,0,0,0,0,0,0,0,0,0,0,4,0
76380000,6648000,0,271155244,270630924,271548463,8820000,12192000,2,2,0,0,2,1,1,1,0,0,0,0,0,0,0,0,0,0,0,0,0,4,0
76884000,6648000,0,271155244,270630924,271548463,8820000,12192000,2,2,0,0,2,1,1,1,0,0,0,0,0,0,0,0,0,0,0,0,0,4,0
77388000,6648000,0,271155244,270630924,271548463,8820000,12192000,2,2,0,0,2,1,1,1,0,0,0,0,0,0,0,0,0,0,0,0,0,4,0
77892000,6648000,0,271155244,270630924,271548463,8820000,12192000,2,2,0,0,2,1,1,1,0,0,0,0,0,0,0,0,0,0,0,0,0,4,0
78396000,6648000,0,271155244,270630924,271548463,8820000,12192000,2,2,0,0,2,1,1,1,0,0,0,0,0,0,0,0,0,0,0,0,0,4,0
78900000,6648000,0,271155244,270630924,271548463,8820000,12192000,2,2,0,0,2,1,1,1,0,0,0,0,0,0,0,0,0,0,0,0,0,4,0
79404000,6648000,0,271155244,270630924,271548463,8820000,12192000,2,2,0,0,2,1,1,1,0,0,0,0,0,0,0,0,0,0,0,0,0,4,0
79908000,6648000,0,271155244,270630924,271548463,8820000,12192000,2,2,0,0,2,1,1,1,0,0,0,0,0,0,0,0,0,0,0,0,0,4,0
80412000,6648000,0,271155244,270630924,271548463,8820000,12192000,2,2,0,0,2,1,1,1,0,0,0,0,0,0,0,0,0,0,0,0,0,4,0
80916000,6648000,0,271155244,270630924,271548463,8820000,12192000,2,2,0,0,2,1,1,1,0,0,0,0,0,0,0,0,0,0,0,0,0,4,0
81420000,6648000,0,271155244,270630924,271548463,8820000,12192000,2,2,0,0,2,1,1,1,0,0,0,0,0,0,0,0,0,0,0,0,0,4,0
81924000,6648000,0,271155244,270630924,271548463,8820000,12192000,2,2,0,0,2,1,1,1,0,0,0,0,0,0,0,0,0,0,0,0,0,4,0
82428000,6648000,0,271155244,270630924,271548463,8820000,12192000,2,2,0,0,2,1,1,1,0,0,0,0,0,0,0,0,0,0,0,0,0,4,0
82932000,6648000,0,271155244,270630924,271548463,8820000,12192000,2,2,0,0,2,1,1,1,0,0,0,0,0,0,0,0,0,0,0,0,0,4,0
83436000,6648000,0,271155244,270630924,271548463,8820000,12192000,2,2,0,0,2,1,1,1,0,0,0,0,0,0,0,0,0,0,0,0,0,4,0
83940000,6648000,0,271155244,270630924,271548463,8820000,12192000,2,2,0,0,2,1,1,1,0,0,0,0,0,0,0,0,0,0,0,0,0,4,0
84444000,6648000,0,271155244,270630924,271548463,8820000,12192000,2,2,0,0,2,1,1,1,0,0,0,0,0,0,0,0,0,0,0,0,0,4,0
84948000,6648000,0,271155244,270630924,271548463,8820000,12192000,2,2,0,0,2,1,1,1,0,0,0,0,0,0,0,0,0,0,0,0,0,4,0
85452000,6648000,0,271155244,270630924,271548463,8820000,12192000,2,2,0,0,2,1,1,1,0,0,0,0,0,0,0,0,0,0,0,0,0,4,0
85956000,6648000,0,271155244,270630924,271548463,8820000,12192000,2,2,0,0,2,1,1,1,0,0,0,0,0,0,0,0,0,0,0,0,0,4,0
86460000,6648000,0,271155244,270630924,271548463,8820000,12192000,2,2,0,0,2,1,1,1,0,0,0,0,0,0,0,0,0,0,0,0,0,4,0
86964000,6648000,0,271155244,270630924,271548463,8820000,12192000,2,2,0,0,2,1,1,1,0,0,0,0,0,0,0,0,0,0,0,0,0,4,0
87468000,6648000,0,271155244,270630924,271548463,8820000,12192000,2,2,0,0,2,1,1,1,0,0,0,0,0,0,0,0,0,0,0,0,0,4,0
87972000,6648000,0,271155244,270630924,271548463,8820000,12192000,2,2,0,0,2,1,1,1,0,0,0,0,0,0,0,0,0,0,0,0,0,4,0
88476000,6648000,0,271155244,270630924,271548463,8820000,12192000,2,2,0,0,2,1,1,1,0,0,0,0,0,0,0,0,0,0,0,0,0,4,0
88980000,6648000,0,271155244,270630924,271548463,8820000,12192000,2,2,0,0,2,1,1,1,0,0,0,0,0,0,0,0,0,0,0,0,0,4,0
89484000,6648000,0,271155244,270630924,271548463,8820000,12192000,2,2,0,0,2,1,1,1,0,0,0,0,0,0,0,0,0,0,0,0,0,4,0
89988000,6648000,0,271155244,270630924,271548463,8820000,12192000,2,2,0,0,2,1,1,1,0,0,0,0,0,0,0,0,0,0,0,0,0,4,0
90492000,6648000,0,271155244,270630924,271548463,8820000,12192000,2,2,0,0,2,1,1,1,0,0,0,0,0,0,0,0,0,0,0,0,0,4,0
91000000,6648000,0,271155244,270630924,271548463,8820000,12192000,2,2,0,0,2,1,1,1,0,0,0,0,0,0,0,0,0,0,0,0,0,4,0
91504000,6648000,0,271155244,270630924,271548463,8820000,12192000,2,2,0,0,2,1,1,1,0,0,0,0,0,0,0,0,0,0,0,0,0,4,0
92008000,6648000,0,271155244,270630924,271548463,8820000,12192000,2,2,0,0,2,1,1,1,0,0,0,0,0,0,0,0,0,0,0,0,0,4,0
92516000,6648000,0,271155244,270630924,271548463,8820000,12192000,2,2,0,0,2,1,1,1,0,0,0,0,0,0,0,0,0,0,0,0,0,4,0
93020000,6648000,0,271155244,270630924,271548463,8820000,12192000,2,2,0,0,2,1,1,1,0,0,0,0,0,0,0,0,0,0,0,0,0,4,0
93524000,6648000,0,271155244,270630924,271548463,8820000,12192000,2,2,0,0,2,1,1,1,0,0,0,0,0,0,0,0,0,0,0,0,0,4,0
94028000,6648000,0,271155244,270630924,271548463,8820000,12192000,2,2,0,0,2,1,1,1,0,0,0,0,0,0,0,0,0,0,0,0,0,4,0
94532000,6648000,0,271155244,270630924,271548463,8820000,12192000,2,2,0,0,2,1,1,1,0,0,0,0,0,0,0,0,0,0,0,0,0,4,0
95036000,6648000,0,271155244,270630924,271548463,8820000,12192000,2,2,0,0,2,1,1,1,0,0,0,0,0,0,0,0,0,0,0,0,0,4,0
95540000,6648000,0,271155244,270630924,271548463,8820000,12192000,2,2,0,0,2,1,1,1,0,0,0,0,0,0,0,0,0,0,0,0,0,4,0
96044000,6648000,0,271155244,270630924,271548463,8820000,12192000,2,2,0,0,2,1,1,1,0,0,0,0,0,0,0,0,0,0,0,0,0,4,0
96548000,6648000,0,271155244,270630924,271548463,8820000,12192000,2,2,0,0,2,1,1,1,0,0,0,0,0,0,0,0,0,0,0,0,0,4,0
97052000,6648000,0,271155244,270630924,271548463,8820000,12192000,2,2,0,0,2,1,1,1,0,0,0,0,0,0,0,0,0,0,0,0,0,4,0
97556000,6648000,0,271155244,270630924,271548463,8820000,12192000,2,2,0,0,2,1,1,1,0,0,0,0,0,0,0,0,0,0,0,0,0,4,0
98060000,6648000,0,271155244,270630924,271548463,8820000,12192000,2,2,0,0,2,1,1,1,0,0,0,0,0,0,0,0,0,0,0,0,0,4,0
98564000,6648000,0,271155244,270630924,271548463,8820000,12192000,2,2,0,0,2,1,1,1,0,0,0,0,0,0,0,0,0,0,0,0,0,4,0
99068000,6648000,0,271155244,270630924,271548463,8820000,12192000,2,2,0,0,2,1,1,1,0,0,0,0,0,0,0,0,0,0,0,0,0,4,0
99572000,6648000,0,271155244,270630924,271548463,8820000,12192000,2,2,0,0,2,1,1,1,0,0,0,0,0,0,0,0,0,0,0,0,0,4,0
100076000,6648000,0,271155244,270630924,271548463,8820000,12192000,2,2,0,0,2,1,1,1,0,0,0,0,0,0,0,0,0,0,0,0,0,4,0
100580000,6648000,0,271155244,270630924,271548463,8820000,12192000,2,2,0,0,2,1,1,1,0,0,0,0,0,0,0,0,0,0,0,0,0,4,0
101084000,6648000,0,271155244,270630924,271548463,8820000,12192000,2,2,0,0,2,1,1,1,0,0,0,0,0,0,0,0,0,0,0,0,0,4,0
101588000,6648000,0,271155244,270630924,271548463,8820000,12192000,2,2,0,0,2,1,1,1,0,0,0,0,0,0,0,0,0,0,0,0,0,4,0
102092000,6648000,0,271155244,270630924,271548463,8820000,12192000,2,2,0,0,2,1,1,1,0,0,0,0,0,0,0,0,0,0,0,0,0,4,0
102596000,6648000,0,271155244,270630924,271548463,8820000,12192000,2,2,0,0,2,1,1,1,0,0,0,0,0,0,0,0,0,0,0,0,0,4,0
103100000,6648000,0,271155244,270630924,271548463,8820000,12192000,2,2,0,0,2,1,1,1,0,0,0,0,0,0,0,0,0,0,0,0,0,4,0
103604000,6648000,0,271155244,270630924,271548463,8820000,12192000,2,2,0,0,2,1,1,1,0,0,0,0,0,0,0,0,0,0,0,0,0,4,0
104108000,6648000,0,271155244,270630924,271548463,8820000,12192000,2,2,0,0,2,1,1,1,0,0,0,0,0,0,0,0,0,0,0,0,0,4,0
104612000,6648000,0,271155244,270630924,271548463,8820000,12192000,2,2,0,0,2,1,1,1,0,0,0,0,0,0,0,0,0,0,0,0,0,4,0
105116000,6648000,0,271155244,270630924,271548463,8820000,12192000,2,2,0,0,2,1,1,1,0,0,0,0,0,0,0,0,0,0,0,0,0,4,0
105620000,6648000,0,271155244,270630924,271548463,8820000,12192000,2,2,0,0,2,1,1,1,0,0,0,0,0,0,0,0,0,0,0,0,0,4,0
106124000,6648000,0,271155244,270630924,271548463,8820000,12192000,2,2,0,0,2,1,1,1,0,0,0,0,0,0,0,0,0,0,0,0,0,4,0
106628000,6648000,0,271155244,270630924,271548463,8820000,12192000,2,2,0,0,2,1,1,1,0,0,0,0,0,0,0,0,0,0,0,0,0,4,0
107132000,6648000,0,271155244,270630924,271548463,8820000,12192000,2,2,0,0,2,1,1,1,0,0,0,0,0,0,0,0,0,0,0,0,0,4,0
107636000,6648000,0,271155244,270630924,271548463,8820000,12192000,2,2,0,0,2,1,1,1,0,0,0,0,0,0,0,0,0,0,0,0,0,4,0
108140000,6648000,0,271155244,270630924,271548463,8820000,12192000,2,2,0,0,2,1,1,1,0,0,0,0,0,0,0,0,0,0,0,0,0,4,0
108644000,6648000,0,271155244,270630924,271548463,8820000,12192000,2,2,0,0,2,1,1,1,0,0,0,0,0,0,0,0,0,0,0,0,0,4,0
109148000,6648000,0,271155244,270630924,271548463,8820000,12192000,2,2,0,0,2,1,1,1,0,0,0,0,0,0,0,0,0,0,0,0,0,4,0
109652000,6648000,0,271155244,270630924,271548463,8820000,12192000,2,2,0,0,2,1,1,1,0,0,0,0,0,0,0,0,0,0,0,0,0,4,0
110156000,6648000,0,271155244,270630924,271548463,8820000,12192000,2,2,0,0,2,1,1,1,0,0,0,0,0,0,0,0,0,0,0,0,0,4,0
110660000,6648000,0,271155244,270630924,271548463,8820000,12192000,2,2,0,0,2,1,1,1,0,0,0,0,0,0,0,0,0,0,0,0,0,4,0
111164000,6648000,0,271155244,270630924,271548463,8820000,12192000,2,2,0,0,2,1,1,1,0,0,0,0,0,0,0,0,0,0,0,0,0,4,0
111668000,6648000,0,271155244,270630924,271548463,8820000,12192000,2,2,0,0,2,1,1,1,0,0,0,0,0,0,0,0,0,0,0,0,0,4,0
112172000,6648000,0,271155244,270630924,271548463,8820000,12192000,2,2,0,0,2,1,1,1,0,0,0,0,0,0,0,0,0,0,0,0,0,4,0
112676000,6648000,0,271155244,270630924,271548463,8820000,12192000,2,2,0,0,2,1,1,1,0,0,0,0,0,0,0,0,0,0,0,0,0,4,0
113180000,6648000,0,271155244,270630924,271548463,8820000,12192000,2,2,0,0,2,1,1,1,0,0,0,0,0,0,0,0,0,0,0,0,0,4,0
113684000,6648000,0,271155244,270630924,271548463,8820000,12192000,2,2,0,0,2,1,1,1,0,0,0,0,0,0,0,0,0,0,0,0,0,4,0
114188000,6648000,0,271155244,270630924,271548463,8820000,12192000,2,2,0,0,2,1,1,1,0,0,0,0,0,0,0,0,0,0,0,0,0,4,0
114692000,6648000,0,271155244,270630924,271548463,8820000,12192000,2,2,0,0,2,1,1,1,0,0,0,0,0,0,0,0,0,0,0,0,0,4,0
115196000,6648000,0,271155244,270630924,271548463,8820000,12192000,2,2,0,0,2,1,1,1,0,0,0,0,0,0,0,0,0,0,0,0,0,4,0
115700000,6648000,0,271155244,270630924,271548463,8820000,12192000,2,2,0,0,2,1,1,1,0,0,0,0,0,0,0,0,0,0,0,0,0,4,0
116204000,6648000,0,271155244,270630924,271548463,8820000,12192000,2,2,0,0,2,1,1,1,0,0,0,0,0,0,0,0,0,0,0,0,0,4,0
116708000,6648000,0,271155244,270630924,271548463,8820000,12192000,2,2,0,0,2,1,1,1,0,0,0,0,0,0,0,0,0,0,0,0,0,4,0
117212000,6648000,0,271155244,270630924,271548463,8820000,12192000,2,2,0,0,2,1,1,1,0,0,0,0,0,0,0,0,0,0,0,0,0,4,0
117716000,6648000,0,271155244,270630924,271548463,8820000,12192000,2,2,0,0,2,1,1,1,0,0,0,0,0,0,0,0,0,0,0,0,0,4,0
118220000,6648000,0,271155244,270630924,271548463,8820000,12192000,2,2,0,0,2,1,1,1,0,0,0,0,0,0,0,0,0,0,0,0,0,4,0
118724000,6648000,0,271155244,270630924,271548463,8820000,12192000,2,2,0,0,2,1,1,1,0,0,0,0,0,0,0,0,0,0,0,0,0,4,0
119228000,6648000,0,271155244,270630924,271548463,8820000,12192000,2,2,0,0,2,1,1,1,0,0,0,0,0,0,0,0,0,0,0,0,0,4,0
119732000,6648000,0,271155244,270630924,271548463,8820000,12192000,2,2,0,0,2,1,1,1,0,0,0,0,0,0,0,0,0,0,0,0,0,4,0
120236000,6648000,0,271155244,270630924,271548463,8820000,12192000,2,2,0,0,2,1,1,1,0,0,0,0,0,0,0,0,0,0,0,0,0,4,0
120740000,6648000,0,271155244,270630924,271548463,8820000,12192000,2,2,0,0,2,1,1,1,0,0,0,0,0,0,0,0,0,0,0,0,0,4,0
121244000,6648000,0,271155244,270630924,271548463,8820000,12192000,2,2,0,0,2,1,1,1,0,0,0,0,0,0,0,0,0,0,0,0,0,4,0
121748000,6648000,0,271155244,270630924,271548463,8820000,12192000,2,2,0,0,2,1,1,1,0,0,0,0,0,0,0,0,0,0,0,0,0,4,0
122252000,6648000,0,271155244,270630924,271548463,8820000,12192000,2,2,0,0,2,1,1,1,0,0,0,0,0,0,0,0,0,0,0,0,0,4,0
122756000,6648000,0,271155244,270630924,271548463,8820000,12192000,2,2,0,0,2,1,1,1,0,0,0,0,0,0,0,0,0,0,0,0,0,4,0
123260000,6648000,0,271155244,270630924,271548463,8820000,12192000,2,2,0,0,2,1,1,1,0,0,0,0,0,0,0,0,0,0,0,0,0,4,0
123764000,6648000,0,271155244,270630924,271548463,8820000,12192000,2,2,0,0,2,1,1,1,0,0,0,0,0,0,0,0,0,0,0,0,0,4,0
124268000,6648000,0,271155244,270630924,271548463,8820000,12192000,2,2,0,0,2,1,1,1,0,0,0,0,0,0,0,0,0,0,0,0,0,4,0
124772000,6648000,0,271155244,270630924,271548463,8820000,12192000,2,2,0,0,2,1,1,1,0,0,0,0,0,0,0,0,0,0,0,0,0,4,0
125276000,6648000,0,271155244,270630924,271548463,8820000,12192000,2,2,0,0,2,1,1,1,0,0,0,0,0,0,0,0,0,0,0,0,0,4,0
125780000,6648000,0,271155244,270630924,271548463,8820000,12192000,2,2,0,0,2,1,1,1,0,0,0,0,0,0,0,0,0,0,0,0,0,4,0
126284000,6648000,0,271155244,270630924,271548463,8820000,12192000,2,2,0,0,2,1,1,1,0,0,0,0,0,0,0,0,0,0,0,0,0,4,0
126788000,6648000,0,271155244,270630924,271548463,8820000,12192000,2,2,0,0,2,1,1,1,0,0,0,0,0,0,0,0,0,0,0,0,0,4,0
127292000,6648000,0,271155244,270630924,271548463,8820000,12192000,2,2,0,0,2,1,1,1,0,0,0,0,0,0,0,0,0,0,0,0,0,4,0
127796000,6648000,0,271155244,270630924,271548463,8820000,12192000,2,2,0,0,2,1,1,1,0,0,0,0,0,0,0,0,0,0,0,0,0,4,0
128300000,6648000,0,271155244,270630924,271548463,8820000,12192000,2,2,0,0,2,1,1,1,0,0,0,0,0,0,0,0,0,0,0,0,0,4,0
128804000,6648000,0,271155244,270630924,271548463,8820000,12192000,2,2,0,0,2,1,1,1,0,0,0,0,0,0,0,0,0,0,0,0,0,4,0
129308000,6648000,0,271155244,270630924,271548463,8820000,12192000,2,2,0,0,2,1,1,1,0,0,0,0,0,0,0,0,0,0,0,0,0,4,0
129812000,6648000,0,271155244,270630924,271548463,8820000,12192000,2,2,0,0,2,1,1,1,0,0,0,0,0,0,0,0,0,0,0,0,0,4,0
130316000,6648000,0,271155244,270630924,271548463,8820000,12192000,2,2,0,0,2,1,1,1,0,0,0,0,0,0,0,0,0,0,0,0,0,4,0
130820000,6648000,0,271155244,270630924,271548463,8820000,12192000,2,2,0,0,2,1,1,1,0,0,0,0,0,0,0,0,0,0,0,0,0,4,0
131324000,6648000,0,271155244,270630924,271548463,8820000,12192000,2,2,0,0,2,1,1,1,0,0,0,0,0,0,0,0,0,0,0,0,0,4,0
131828000,6648000,0,271155244,270630924,271548463,8820000,12192000,2,2,0,0,2,1,1,1,0,0,0,0,0,0,0,0,0,0,0,0,0,4,0
132332000,6648000,0,271155244,270630924,271548463,8820000,12192000,2,2,0,0,2,1,1,1,0,0,0,0,0,0,0,0,0,0,0,0,0,4,0
132836000,6648000,0,271155244,270630924,271548463,8820000,12192000,2,2,0,0,2,1,1,1,0,0,0,0,0,0,0,0,0,0,0,0,0,4,0
133340000,6648000,0,271155244,270630924,271548463,8820000,12192000,2,2,0,0,2,1,1,1,0,0,0,0,0,0,0,0,0,0,0,0,0,4,0
133844000,6648000,0,271155244,270630924,271548463,8820000,12192000,2,2,0,0,2,1,1,1,0,0,0,0,0,0,0,0,0,0,0,0,0,4,0
134348000,6648000,0,271155244,270630924,271548463,8820000,12192000,2,2,0,0,2,1,1,1,0,0,0,0,0,0,0,0,0,0,0,0,0,4,0
134852000,6648000,0,271155244,270630924,271548463,8820000,12192000,2,2,0,0,2,1,1,1,0,0,0,0,0,0,0,0,0,0,0,0,0,4,0
135356000,6648000,0,271155244,270630924,271548463,8820000,12192000,2,2,0,0,2,1,1,1,0,0,0,0,0,0,0,0,0,0,0,0,0,4,0
135860000,6648000,0,271155244,270630924,271548463,8820000,12192000,2,2,0,0,2,1,1,1,0,0,0,0,0,0,0,0,0,0,0,0,0,4,0
136364000,6648000,0,271155244,270630924,271548463,8820000,12192000,2,2,0,0,2,1,1,1,0,0,0,0,0,0,0,0,0,0,0,0,0,4,0
136868000,6648000,0,271155244,270630924,271548463,8820000,12192000,2,2,0,0,2,1,1,1,0,0,0,0,0,0,0,0,0,0,0,0,0,4,0
137372000,6648000,0,271155244,270630924,271548463,8820000,12192000,2,2,0,0,2,1,1,1,0,0,0,0,0,0,0,0,0,0,0,0,0,4,0
137876000,6648000,0,271155244,270630924,271548463,8820000,12192000,2,2,0,0,2,1,1,1,0,0,0,0,0,0,0,0,0,0,0,0,0,4,0
138380000,6648000,0,271155244,270630924,271548463,8820000,12192000,2,2,0,0,2,1,1,1,0,0,0,0,0,0,0,0,0,0,0,0,0,4,0
138884000,6648000,0,271155244,270630924,271548463,8820000,12192000,2,2,0,0,2,1,1,1,0,0,0,0,0,0,0,0,0,0,0,0,0,4,0
139392000,6648000,0,271155244,270630924,271548463,8820000,12192000,2,2,0,0,2,1,1,1,0,0,0,0,0,0,0,0,0,0,0,0,0,4,0
139896000,6648000,0,271155244,270630924,271548463,8820000,12192000,2,2,0,0,2,1,1,1,0,0,0,0,0,0,0,0,0,0,0,0,0,4,0
140400000,6648000,0,271155244,270630924,271548463,8820000,12192000,2,2,0,0,2,1,1,1,0,0,0,0,0,0,0,0,0,0,0,0,0,4,0
140908000,6648000,0,271155244,270630924,271548463,8820000,12192000,2,2,0,0,2,1,1,1,0,0,0,0,0,0,0,0,0,0,0,0,0,4,0
141412000,6648000,0,271155244,270630924,271548463,8820000,12192000,2,2,0,0,2,1,1,1,0,0,0,0,0,0,0,0,0,0,0,0,0,4,0
141920000,6648000,0,271155244,270630924,271548463,8820000,12192000,2,2,0,0,2,1,1,1,0,0,0,0,0,0,0,0,0,0,0,0,0,4,0
142424000,6648000,0,271155244,270630924,271548463,8820000,12192000,2,2,0,0,2,1,1,1,0,0,0,0,0,0,0,0,0,0,0,0,0,4,0
142928000,6648000,0,271155244,270630924,271548463,8820000,12192000,2,2,0,0,2,1,1,1,0,0,0,0,0,0,0,0,0,0,0,0,0,4,0
143432000,6648000,0,271155244,270630924,271548463,8820000,12192000,2,2,0,0,2,1,1,1,0,0,0,0,0,0,0,0,0,0,0,0,0,4,0
143936000,6648000,0,271155244,270630924,271548463,8820000,12192000,2,2,0,0,2,1,1,1,0,0,0,0,0,0,0,0,0,0,0,0,0,4,0
144440000,6648000,0,271155244,270630924,271548463,8820000,12192000,2,2,0,0,2,1,1,1,0,0,0,0,0,0,0,0,0,0,0,0,0,4,0
144944000,6648000,0,271155244,270630924,271548463,8820000,12192000,2,2,0,0,2,1,1,1,0,0,0,0,0,0,0,0,0,0,0,0,0,4,0
145448000,6648000,0,271155244,270630924,271548463,8820000,12192000,2,2,0,0,2,1,1,1,0,0,0,0,0,0,0,0,0,0,0,0,0,4,0
145952000,6648000,0,271155244,270630924,271548463,8820000,12192000,2,2,0,0,2,1,1,1,0,0,0,0,0,0,0,0,0,0,0,0,0,4,0
146456000,6648000,0,271155244,270630924,271548463,8820000,12192000,2,2,0,0,2,1,1,1,0,0,0,0,0,0,0,0,0,0,0,0,0,4,0
146960000,6648000,0,271155244,270630924,271548463,8820000,12192000,2,2,0,0,2,1,1,1,0,0,0,0,0,0,0,0,0,0,0,0,0,4,0
147464000,6648000,0,271155244,270630924,271548463,8820000,12192000,2,2,0,0,2,1,1,1,0,0,0,0,0,0,0,0,0,0,0,0,0,4,0
147968000,6648000,0,271155244,270630924,271548463,8820000,12192000,2,2,0,0,2,1,1,1,0,0,0,0,0,0,0,0,0,0,0,0,0,4,0
148472000,6648000,0,271155244,270630924,271548463,8820000,12192000,2,2,0,0,2,1,1,1,0,0,0,0,0,0,0,0,0,0,0,0,0,4,0
148976000,6648000,0,271155244,270630924,271548463,8820000,12192000,2,2,0,0,2,1,1,1,0,0,0,0,0,0,0,0,0,0,0,0,0,4,0
149480000,6648000,0,271155244,270630924,271548463,8820000,12192000,2,2,0,0,2,1,1,1,0,0,0,0,0,0,0,0,0,0,0,0,0,4,0
149984000,6648000,0,271155244,270630924,271548463,8820000,12192000,2,2,0,0,2,1,1,1,0,0,0,0,0,0,0,0,0,0,0,0,0,4,0
150488000,6648000,0,271155244,270630924,271548463,8820000,12192000,2,2,0,0,2,1,1,1,0,0,0,0,0,0,0,0,0,0,0,0,0,4,0
150992000,6648000,0,271155244,270630924,271548463,8820000,12192000,2,2,0,0,2,1,1,1,0,0,0,0,0,0,0,0,0,0,0,0,0,4,0
151496000,6648000,0,271155244,270630924,271548463,8820000,12192000,2,2,0,0,2,1,1,1,0,0,0,0,0,0,0,0,0,0,0,0,0,4,0
152000000,6648000,0,271155244,270630924,271548463,8820000,12192000,2,2,0,0,2,1,1,1,0,0,0,0,0,0,0,0,0,0,0,0,0,4,0
152504000,6648000,0,271155244,270630924,271548463,8820000,12192000,2,2,0,0,2,1,1,1,0,0,0,0,0,0,0,0,0,0,0,0,0,4,0
153008000,6648000,0,271155244,270630924,271548463,8820000,12192000,2,2,0,0,2,1,1,1,0,0,0,0,0,0,0,0,0,0,0,0,0,4,0
153516000,6648000,0,271155244,270630924,271548463,8820000,12192000,2,2,0,0,2,1,1,1,0,0,0,0,0,0,0,0,0,0,0,0,0,4,0
154020000,6648000,0,271155244,270630924,271548463,8820000,12192000,2,2,0,0,2,1,1,1,0,0,0,0,0,0,0,0,0,0,0,0,0,4,0
154524000,6648000,0,271155244,270630924,271548463,8820000,12192000,2,2,0,0,2,1,1,1,0,0,0,0,0,0,0,0,0,0,0,0,0,4,0
155028000,6648000,0,271155244,270630924,271548463,8820000,12192000,2,2,0,0,2,1,1,1,0,0,0,0,0,0,0,0,0,0,0,0,0,4,0
155532000,6648000,0,271155244,270630924,271548463,8820000,12192000,2,2,0,0,2,1,1,1,0,0,0,0,0,0,0,0,0,0,0,0,0,4,0
156040000,6648000,0,271155244,270630924,271548463,8820000,12192000,2,2,0,0,2,1,1,1,0,0,0,0,0,0,0,0,0,0,0,0,0,4,0
156544000,6648000,0,271155244,270630924,271548463,8820000,12192000,2,2,0,0,2,1,1,1,0,0,0,0,0,0,0,0,0,0,0,0,0,4,0
157052000,6648000,0,271155244,270630924,271548463,8820000,12192000,2,2,0,0,2,1,1,1,0,0,0,0,0,0,0,0,0,0,0,0,0,4,0
157556000,6648000,0,271155244,270630924,271548463,8820000,12192000,2,2,0,0,2,1,1,1,0,0,0,0,0,0,0,0,0,0,0,0,0,4,0
158064000,6648000,0,271155244,270630924,271548463,8820000,12192000,2,2,0,0,2,1,1,1,0,0,0,0,0,0,0,0,0,0,0,0,0,4,0
158568000,6648000,0,271155244,270630924,271548463,8820000,12192000,2,2,0,0,2,1,1,1,0,0,0,0,0,0,0,0,0,0,0,0,0,4,0
159072000,6648000,0,271155244,270630924,271548463,8820000,12192000,2,2,0,0,2,1,1,1,0,0,0,0,0,0,0,0,0,0,0,0,0,4,0
159576000,6648000,0,271155244,270630924,271548463,8820000,12192000,2,2,0,0,2,1,1,1,0,0,0,0,0,0,0,0,0,0,0,0,0,4,0
160080000,6648000,0,271155244,270630924,271548463,8820000,12192000,2,2,0,0,2,1,1,1,0,0,0,0,0,0,0,0,0,0,0,0,0,4,0
160588000,6648000,0,271155244,270630924,271548463,8820000,12192000,2,2,0,0,2,1,1,1,0,0,0,0,0,0,0,0,0,0,0,0,0,4,0
161092000,6648000,0,271155244,270630924,271548463,8820000,12192000,2,2,0,0,2,1,1,1,0,0,0,0,0,0,0,0,0,0,0,0,0,4,0
161596000,6648000,0,271155244,270630924,271548463,8820000,12192000,2,2,0,0,2,1,1,1,0,0,0,0,0,0,0,0,0,0,0,0,0,4,0
162100000,6648000,0,271155244,270630924,271548463,8820000,12192000,2,2,0,0,2,1,1,1,0,0,0,0,0,0,0,0,0,0,0,0,0,4,0
162604000,6648000,0,271155244,270630924,271548463,8820000,12192000,2,2,0,0,2,1,1,1,0,0,0,0,0,0,0,0,0,0,0,0,0,4,0
163108000,6648000,0,271155244,270630924,271548463,8820000,12192000,2,2,0,0,2,1,1,1,0,0,0,0,0,0,0,0,0,0,0,0,0,4,0
163612000,6648000,0,271155244,270630924,271548463,8820000,12192000,2,2,0,0,2,1,1,1,0,0,0,0,0,0,0,0,0,0,0,0,0,4,0
164116000,6648000,0,271155244,270630924,271548463,8820000,12192000,2,2,0,0,2,1,1,1,0,0,0,0,0,0,0,0,0,0,0,0,0,4,0
164620000,6648000,0,271155244,270630924,271548463,8820000,12192000,2,2,0,0,2,1,1,1,0,0,0,0,0,0,0,0,0,0,0,0,0,4,0
165128000,6648000,0,271155244,270630924,271548463,8820000,12192000,2,2,0,0,2,1,1,1,0,0,0,0,0,0,0,0,0,0,0,0,0,4,0
165632000,6648000,0,271155244,270630924,271548463,8820000,12192000,2,2,0,0,2,1,1,1,0,0,0,0,0,0,0,0,0,0,0,0,0,4,0
166136000,6648000,0,271155244,270630924,271548463,8820000,12192000,2,2,0,0,2,1,1,1,0,0,0,0,0,0,0,0,0,0,0,0,0,4,0
166640000,6648000,0,271155244,270630924,271548463,8820000,12192000,2,2,0,0,2,1,1,1,0,0,0,0,0,0,0,0,0,0,0,0,0,4,0
167144000,6648000,0,271155244,270630924,271548463,8820000,12192000,2,2,0,0,2,1,1,1,0,0,0,0,0,0,0,0,0,0,0,0,0,4,0
167648000,6648000,0,271155244,270630924,271548463,8820000,12192000,2,2,0,0,2,1,1,1,0,0,0,0,0,0,0,0,0,0,0,0,0,4,0
168152000,6648000,0,271155244,270630924,271548463,8820000,12192000,2,2,0,0,2,1,1,1,0,0,0,0,0,0,0,0,0,0,0,0,0,4,0
168656000,6648000,0,271155244,270630924,271548463,8820000,12192000,2,2,0,0,2,1,1,1,0,0,0,0,0,0,0,0,0,0,0,0,0,4,0
169160000,6648000,0,271155244,270630924,271548463,8820000,12192000,2,2,0,0,2,1,1,1,0,0,0,0,0,0,0,0,0,0,0,0,0,4,0
169664000,6648000,0,271155244,270630924,271548463,8820000,12192000,2,2,0,0,2,1,1,1,0,0,0,0,0,0,0,0,0,0,0,0,0,4,0
170168000,6648000,0,271155244,270630924,271548463,8820000,12192000,2,2,0,0,2,1,1,1,0,0,0,0,0,0,0,0,0,0,0,0,0,4,0
170672000,6648000,0,271155244,270630924,271548463,8820000,12192000,2,2,0,0,2,1,1,1,0,0,0,0,0,0,0,0,0,0,0,0,0,4,0
171176000,6648000,0,271155244,270630924,271548463,8820000,12192000,2,2,0,0,2,1,1,1,0,0,0,0,0,0,0,0,0,0,0,0,0,4,0
171680000,6648000,0,271155244,270630924,271548463,8820000,12192000,2,2,0,0,2,1,1,1,0,0,0,0,0,0,0,0,0,0,0,0,0,4,0
172184000,6648000,0,271155244,270630924,271548463,8820000,12192000,2,2,0,0,2,1,1,1,0,0,0,0,0,0,0,0,0,0,0,0,0,4,0
172688000,6648000,0,271155244,270630924,271548463,8820000,12192000,2,2,0,0,2,1,1,1,0,0,0,0,0,0,0,0,0,0,0,0,0,4,0
173192000,6648000,0,271155244,270630924,271548463,8820000,12192000,2,2,0,0,2,1,1,1,0,0,0,0,0,0,0,0,0,0,0,0,0,4,0
173696000,6648000,0,271155244,270630924,271548463,8820000,12192000,2,2,0,0,2,1,1,1,0,0,0,0,0,0,0,0,0,0,0,0,0,4,0
174200000,6648000,0,271155244,270630924,271548463,8820000,12192000,2,2,0,0,2,1,1,1,0,0,0,0,0,0,0,0,0,0,0,0,0,4,0
174704000,6648000,0,271155244,270630924,271548463,8820000,12192000,2,2,0,0,2,1,1,1,0,0,0,0,0,0,0,0,0,0,0,0,0,4,0
175208000,6648000,0,271155244,270630924,271548463,8820000,12192000,2,2,0,0,2,1,1,1,0,0,0,0,0,0,0,0,0,0,0,0,0,4,0
175712000,6648000,0,271155244,270630924,271548463,8820000,12192000,2,2,0,0,2,1,1,1,0,0,0,0,0,0,0,0,0,0,0,0,0,4,0
176216000,6648000,0,271155244,270630924,271548463,8820000,12192000,2,2,0,0,2,1,1,1,0,0,0,0,0,0,0,0,0,0,0,0,0,4,0
176720000,6648000,0,271155244,270630924,271548463,8820000,12192000,2,2,0,0,2,1,1,1,0,0,0,0,0,0,0,0,0,0,0,0,0,4,0
177224000,6648000,0,271155244,270630924,271548463,8820000,12192000,2,2,0,0,2,1,1,1,0,0,0,0,0,0,0,0,0,0,0,0,0,4,0
177728000,6648000,0,271155244,270630924,271548463,8820000,12192000,2,2,0,0,2,1,1,1,0,0,0,0,0,0,0,0,0,0,0,0,0,4,0
178232000,6648000,0,271155244,270630924,271548463,8820000,12192000,2,2,0,0,2,1,1,1,0,0,0,0,0,0,0,0,0,0,0,0,0,4,0
178736000,6648000,0,271155244,270630924,271548463,8820000,12192000,2,2,0,0,2,1,1,1,0,0,0,0,0,0,0,0,0,0,0,0,0,4,0
179240000,6648000,0,271155244,270630924,271548463,8820000,12192000,2,2,0,0,2,1,1,1,0,0,0,0,0,0,0,0,0,0,0,0,0,4,0
179744000,6648000,0,271155244,270630924,271548463,8820000,12192000,2,2,0,0,2,1,1,1,0,0,0,0,0,0,0,0,0,0,0,0,0,4,0
180248000,6648000,0,271155244,270630924,271548463,8820000,12192000,2,2,0,0,2,1,1,1,0,0,0,0,0,0,0,0,0,0,0,0,0,4,0
180752000,6648000,0,271155244,270630924,271548463,8820000,12192000,2,2,0,0,2,1,1,1,0,0,0,0,0,0,0,0,0,0,0,0,0,4,0
181256000,6648000,0,271155244,270630924,271548463,8820000,12192000,2,2,0,0,2,1,1,1,0,0,0,0,0,0,0,0,0,0,0,0,0,4,0
181760000,6648000,0,271155244,270630924,271548463,8820000,12192000,2,2,0,0,2,1,1,1,0,0,0,0,0,0,0,0,0,0,0,0,0,4,0
182264000,6648000,0,271155244,270630924,271548463,8820000,12192000,2,2,0,0,2,1,1,1,0,0,0,0,0,0,0,0,0,0,0,0,0,4,0
182768000,6648000,0,271155244,270630924,271548463,8820000,12192000,2,2,0,0,2,1,1,1,0,0,0,0,0,0,0,0,0,0,0,0,0,4,0
183272000,6648000,0,271155244,270630924,271548463,8820000,12192000,2,2,0,0,2,1,1,1,0,0,0,0,0,0,0,0,0,0,0,0,0,4,0
183776000,6648000,0,271155244,270630924,271548463,8820000,12192000,2,2,0,0,2,1,1,1,0,0,0,0,0,0,0,0,0,0,0,0,0,4,0
184280000,6648000,0,271155244,270630924,271548463,8820000,12192000,2,2,0,0,2,1,1,1,0,0,0,0,0,0,0,0,0,0,0,0,0,4,0
184784000,6648000,0,271155244,270630924,271548463,8820000,12192000,2,2,0,0,2,1,1,1,0,0,0,0,0,0,0,0,0,0,0,0,0,4,0
185288000,6648000,0,271155244,270630924,271548463,8820000,12192000,2,2,0,0,2,1,1,1,0,0,0,0,0,0,0,0,0,0,0,0,0,4,0
185792000,6648000,0,271155244,270630924,271548463,8820000,12192000,2,2,0,0,2,1,1,1,0,0,0,0,0,0,0,0,0,0,0,0,0,4,0
186296000,6648000,0,271155244,270630924,271548463,8820000,12192000,2,2,0,0,2,1,1,1,0,0,0,0,0,0,0,0,0,0,0,0,0,4,0
186800000,6648000,0,271155244,270630924,271548463,8820000,12192000,2,2,0,0,2,1,1,1,0,0,0,0,0,0,0,0,0,0,0,0,0,4,0
187308000,6648000,0,271155244,270630924,271548463,8820000,12192000,2,2,0,0,2,1,1,1,0,0,0,0,0,0,0,0,0,0,0,0,0,4,0
187812000,6648000,0,271155244,270630924,271548463,8820000,12192000,2,2,0,0,2,1,1,1,0,0,0,0,0,0,0,0,0,0,0,0,0,4,0
188316000,6648000,0,271155244,270630924,271548463,8820000,12192000,2,2,0,0,2,1,1,1,0,0,0,0,0,0,0,0,0,0,0,0,0,4,0
188820000,6648000,0,271155244,270630924,271548463,8820000,12192000,2,2,0,0,2,1,1,1,0,0,0,0,0,0,0,0,0,0,0,0,0,4,0
189324000,6648000,0,271155244,270630924,271548463,8820000,12192000,2,2,0,0,2,1,1,1,0,0,0,0,0,0,0,0,0,0,0,0,0,4,0
189828000,6648000,0,271155244,270630924,271548463,8820000,12192000,2,2,0,0,2,1,1,1,0,0,0,0,0,0,0,0,0,0,0,0,0,4,0
190332000,6648000,0,271155244,270630924,271548463,8820000,12192000,2,2,0,0,2,1,1,1,0,0,0,0,0,0,0,0,0,0,0,0,0,4,0
190836000,6648000,0,271155244,270630924,271548463,8820000,12192000,2,2,0,0,2,1,1,1,0,0,0,0,0,0,0,0,0,0,0,0,0,4,0
191340000,6648000,0,271155244,270630924,271548463,8820000,12192000,2,2,0,0,2,1,1,1,0,0,0,0,0,0,0,0,0,0,0,0,0,4,0
191844000,6648000,0,271155244,270630924,271548463,8820000,12192000,2,2,0,0,2,1,1,1,0,0,0,0,0,0,0,0,0,0,0,0,0,4,0
192348000,6648000,0,271155244,270630924,271548463,8820000,12192000,2,2,0,0,2,1,1,1,0,0,0,0,0,0,0,0,0,0,0,0,0,4,0
192852000,6648000,0,271155244,270630924,271548463,8820000,12192000,2,2,0,0,2,1,1,1,0,0,0,0,0,0,0,0,0,0,0,0,0,4,0
193356000,6648000,0,271155244,270630924,271548463,8820000,12192000,2,2,0,0,2,1,1,1,0,0,0,0,0,0,0,0,0,0,0,0,0,4,0
193860000,6648000,0,271155244,270630924,271548463,8820000,12192000,2,2,0,0,2,1,1,1,0,0,0,0,0,0,0,0,0,0,0,0,0,4,0
194364000,6648000,0,271155244,270630924,271548463,8820000,12192000,2,2,0,0,2,1,1,1,0,0,0,0,0,0,0,0,0,0,0,0,0,4,0
194872000,6648000,0,271155244,270630924,271548463,8820000,12192000,2,2,0,0,2,1,1,1,0,0,0,0,0,0,0,0,0,0,0,0,0,4,0
195376000,6648000,0,271155244,270630924,271548463,8820000,12192000,2,2,0,0,2,1,1,1,0,0,0,0,0,0,0,0,0,0,0,0,0,4,0
195880000,6648000,0,271155244,270630924,271548463,8820000,12192000,2,2,0,0,2,1,1,1,0,0,0,0,0,0,0,0,0,0,0,0,0,4,0
196384000,6648000,0,271155244,270630924,271548463,8820000,12192000,2,2,0,0,2,1,1,1,0,0,0,0,0,0,0,0,0,0,0,0,0,4,0
196888000,6648000,0,271155244,270630924,271548463,8820000,12192000,2,2,0,0,2,1,1,1,0,0,0,0,0,0,0,0,0,0,0,0,0,4,0
197392000,6648000,0,271155244,270630924,271548463,8820000,12192000,2,2,0,0,2,1,1,1,0,0,0,0,0,0,0,0,0,0,0,0,0,4,0
197896000,6648000,0,271155244,270630924,271548463,8820000,12192000,2,2,0,0,2,1,1,1,0,0,0,0,0,0,0,0,0,0,0,0,0,4,0
198400000,6648000,0,271155244,270630924,271548463,8820000,12192000,2,2,0,0,2,1,1,1,0,0,0,0,0,0,0,0,0,0,0,0,0,4,0
198904000,6648000,0,271155244,270630924,271548463,8820000,12192000,2,2,0,0,2,1,1,1,0,0,0,0,0,0,0,0,0,0,0,0,0,4,0
199412000,6648000,0,271155244,270630924,271548463,8820000,12192000,2,2,0,0,2,1,1,1,0,0,0,0,0,0,0,0,0,0,0,0,0,4,0
199916000,6648000,0,271155244,270630924,271548463,8820000,12192000,2,2,0,0,2,1,1,1,0,0,0,0,0,0,0,0,0,0,0,0,0,4,0
200420000,6648000,0,271155244,270630924,271548463,8820000,12192000,2,2,0,0,2,1,1,1,0,0,0,0,0,0,0,0,0,0,0,0,0,4,0
200924000,6648000,0,271155244,270630924,271548463,8820000,12192000,2,2,0,0,2,1,1,1,0,0,0,0,0,0,0,0,0,0,0,0,0,4,0
201428000,6648000,0,271155244,270630924,271548463,8820000,12192000,2,2,0,0,2,1,1,1,0,0,0,0,0,0,0,0,0,0,0,0,0,4,0
201932000,6648000,0,271155244,270630924,271548463,8820000,12192000,2,2,0,0,2,1,1,1,0,0,0,0,0,0,0,0,0,0,0,0,0,4,0
202436000,6648000,0,271155244,270630924,271548463,8820000,12192000,2,2,0,0,2,1,1,1,0,0,0,0,0,0,0,0,0,0,0,0,0,4,0
202940000,6648000,0,271155244,270630924,271548463,8820000,12192000,2,2,0,0,2,1,1,1,0,0,0,0,0,0,0,0,0,0,0,0,0,4,0
203444000,6648000,0,271155244,270630924,271548463,8820000,12192000,2,2,0,0,2,1,1,1,0,0,0,0,0,0,0,0,0,0,0,0,0,4,0
203948000,6648000,0,271155244,270630924,271548463,8820000,12192000,2,2,0,0,2,1,1,1,0,0,0,0,0,0,0,0,0,0,0,0,0,4,0
204452000,6648000,0,271155244,270630924,271548463,8820000,12192000,2,2,0,0,2,1,1,1,0,0,0,0,0,0,0,0,0,0,0,0,0,4,0
204956000,6648000,0,271155244,270630924,271548463,8820000,12192000,2,2,0,0,2,1,1,1,0,0,0,0,0,0,0,0,0,0,0,0,0,4,0
205460000,6648000,0,271155244,270630924,271548463,8820000,12192000,2,2,0,0,2,1,1,1,0,0,0,0,0,0,0,0,0,0,0,0,0,4,0
205964000,6648000,0,271155244,270630924,271548463,8820000,12192000,2,2,0,0,2,1,1,1,0,0,0,0,0,0,0,0,0,0,0,0,0,4,0
206468000,6648000,0,271155244,270630924,271548463,8820000,12192000,2,2,0,0,2,1,1,1,0,0,0,0,0,0,0,0,0,0,0,0,0,4,0
206972000,6648000,0,271155244,270630924,271548463,8820000,12192000,2,2,0,0,2,1,1,1,0,0,0,0,0,0,0,0,0,0,0,0,0,4,0
207476000,6648000,0,271155244,270630924,271548463,8820000,12192000,2,2,0,0,2,1,1,1,0,0,0,0,0,0,0,0,0,0,0,0,0,4,0
207980000,6648000,0,271155244,270630924,271548463,8820000,12192000,2,2,0,0,2,1,1,1,0,0,0,0,0,0,0,0,0,0,0,0,0,4,0
208484000,6648000,0,271155244,270630924,271548463,8820000,12192000,2,2,0,0,2,1,1,1,0,0,0,0,0,0,0,0,0,0,0,0,0,4,0
208988000,6648000,0,271155244,270630924,271548463,8820000,12192000,2,2,0,0,2,1,1,1,0,0,0,0,0,0,0,0,0,0,0,0,0,4,0
209492000,6648000,0,271155244,270630924,271548463,8820000,12192000,2,2,0,0,2,1,1,1,0,0,0,0,0,0,0,0,0,0,0,0,0,4,0
209996000,6648000,0,271155244,270630924,271548463,8820000,12192000,2,2,0,0,2,1,1,1,0,0,0,0,0,0,0,0,0,0,0,0,0,4,0
210500000,6648000,0,271155244,270630924,271548463,8820000,12192000,2,2,0,0,2,1,1,1,0,0,0,0,0,0,0,0,0,0,0,0,0,4,0
211004000,6648000,0,271155244,270630924,271548463,8820000,12192000,2,2,0,0,2,1,1,1,0,0,0,0,0,0,0,0,0,0,0,0,0,4,0
211508000,6648000,0,271155244,270630924,271548463,8820000,12192000,2,2,0,0,2,1,1,1,0,0,0,0,0,0,0,0,0,0,0,0,0,4,0
212012000,6648000,0,271155244,270630924,271548463,8820000,12192000,2,2,0,0,2,1,1,1,0,0,0,0,0,0,0,0,0,0,0,0,0,4,0
212516000,6648000,0,271155244,270630924,271548463,8820000,12192000,2,2,0,0,2,1,1,1,0,0,0,0,0,0,0,0,0,0,0,0,0,4,0
213020000,6648000,0,271155244,270630924,271548463,8820000,12192000,2,2,0,0,2,1,1,1,0,0,0,0,0,0,0,0,0,0,0,0,0,4,0
213528000,6648000,0,271155244,270630924,271548463,8820000,12192000,2,2,0,0,2,1,1,1,0,0,0,0,0,0,0,0,0,0,0,0,0,4,0
214032000,6648000,0,271155244,270630924,271548463,8820000,12192000,2,2,0,0,2,1,1,1,0,0,0,0,0,0,0,0,0,0,0,0,0,4,0
214536000,6648000,0,271155244,270630924,271548463,8820000,12192000,2,2,0,0,2,1,1,1,0,0,0,0,0,0,0,0,0,0,0,0,0,4,0
215040000,6648000,0,271155244,270630924,271548463,8820000,12192000,2,2,0,0,2,1,1,1,0,0,0,0,0,0,0,0,0,0,0,0,0,4,0
215548000,6648000,0,271155244,270630924,271548463,8820000,12192000,2,2,0,0,2,1,1,1,0,0,0,0,0,0,0,0,0,0,0,0,0,4,0
216052000,6648000,0,271155244,270630924,271548463,8820000,12192000,2,2,0,0,2,1,1,1,0,0,0,0,0,0,0,0,0,0,0,0,0,4,0
216556000,6648000,0,271155244,270630924,271548463,8820000,12192000,2,2,0,0,2,1,1,1,0,0,0,0,0,0,0,0,0,0,0,0,0,4,0
217060000,6648000,0,271155244,270630924,271548463,8820000,12192000,2,2,0,0,2,1,1,1,0,0,0,0,0,0,0,0,0,0,0,0,0,4,0
217564000,6648000,0,271155244,270630924,271548463,8820000,12192000,2,2,0,0,2,1,1,1,0,0,0,0,0,0,0,0,0,0,0,0,0,4,0
218068000,6648000,0,271155244,270630924,271548463,8820000,12192000,2,2,0,0,2,1,1,1,0,0,0,0,0,0,0,0,0,0,0,0,0,4,0
218572000,6648000,0,271155244,270630924,271548463,8820000,12192000,2,2,0,0,2,1,1,1,0,0,0,0,0,0,0,0,0,0,0,0,0,4,0
219080000,6648000,0,271155244,270630924,271548463,8820000,12192000,2,2,0,0,2,1,1,1,0,0,0,0,0,0,0,0,0,0,0,0,0,4,0
219584000,6648000,0,271155244,270630924,271548463,8820000,12192000,2,2,0,0,2,1,1,1,0,0,0,0,0,0,0,0,0,0,0,0,0,4,0
220088000,6648000,0,271155244,270630924,271548463,8820000,0,2,2,0,0,2,1,1,1,0,0,0,0,0,0,0,0,0,0,0,0,0,4,0
220592000,6648000,0,271155244,270630924,271548463,8820000,0,2,2,0,0,2,1,1,1,0,0,0,0,0,0,0,0,0,0,0,0,0,4,0
221096000,6648000,0,271155244,270630924,271548463,8820000,0,2,2,0,0,2,1,1,1,0,0,0,0,0,0,0,0,0,0,0,0,0,4,0
221600000,6648000,0,271155244,270630924,271548463,8820000,0,2,2,0,0,2,1,1,1,0,0,0,0,0,0,0,0,0,0,0,0,0,4,0
221916000,6648000,0,271155244,270630924,271548463,0,0,2,1,0,0,2,1,1,1,0,0,0,0,0,0,0,0,0,0,0,0,0,4,7
222424000,6648000,0,271155244,270630924,271548463,0,0,2,1,0,0,2,1,1,1,0,0,0,0,0,0,0,0,0,0,0,0,0,4,7
