timestamp,timestamp_sample,gps_hvel[0],gps_hvel[1],gps_vvel,gps_hpos[0],gps_hpos[1],gps_vpos,ev_hvel[0],ev_hvel[1],ev_vvel,ev_hpos[0],ev_hpos[1],ev_vpos,rng_vpos,baro_vpos,aux_hvel[0],aux_hvel[1],aux_vvel,flow[0],flow[1],heading,mag_field[0],mag_field[1],mag_field[2],drag[0],drag[1],airspeed,beta,hagl,hagl_rate
9144000,9064000,0.090198606,0.09019861,0.2026978,1.1000069,1.1000069,0.0,0.0,0.0,0.0,0.0,0.0,0.0,0.0,12.337511,0.0,0.0,nan,0.0,0.0,0.09310295,0.0,0.0,0.0,0.0,0.0,0.0,0.0,0.0,0.0
9640000,9560000,0.09017761,0.09017762,0.20267792,1.090916,1.0909162,0.0,0.0,0.0,0.0,0.0,0.0,0.0,0.0,12.332226,0.0,0.0,nan,0.0,0.0,0.09293119,0.0,0.0,0.0,0.0,0.0,0.0,0.0,0.0,0.0
10144000,10064000,0.09015749,0.09015748,0.20265843,1.0833405,1.0833405,0.0,0.0,0.0,0.0,0.0,0.0,0.0,0.0,12.327544,0.0,0.0,nan,0.0,0.0,0.09273755,0.0,0.0,0.0,0.0,0.0,0.0,0.0,0.0,0.0
10640000,10560000,0.09013816,0.09013816,0.20263936,1.0769305,1.0769305,0.0,0.0,0.0,0.0,0.0,0.0,0.0,0.0,12.32381,0.0,0.0,nan,0.0,0.0,0.092623085,0.0,0.0,0.0,0.0,0.0,0.0,0.0,0.0,0.0
11144000,11064000,0.09010128,0.09010128,0.20260239,1.0666748,1.0666748,0.0,0.0,0.0,0.0,0.0,0.0,0.0,0.0,12.320013,0.0,0.0,nan,0.0,0.0,0.09250007,0.0,0.0,0.0,0.0,0.0,0.0,0.0,0.0,0.0
11640000,11560000,0.09008358,0.09008358,0.20258449,1.0625086,1.0625086,0.0,0.0,0.0,0.0,0.0,0.0,0.0,0.0,12.316956,0.0,0.0,nan,0.0,0.0,0.09238728,0.0,0.0,0.0,0.0,0.0,0.0,0.0,0.0,0.0
12144000,12064000,0.09006635,0.09006635,0.20256701,1.0588326,1.0588326,0.0,0.0,0.0,0.0,0.0,0.0,0.0,0.0,12.314151,0.0,0.0,nan,0.0,0.0,0.09228387,0.0,0.0,0.0,0.0,0.0,0.0,0.0,0.0,0.0
12640000,12560000,0.090294346,0.09029434,0.20280316,1.0555702,1.0555702,0.0,0.0,0.0,0.0,0.0,0.0,0.0,0.0,12.311346,0.0,0.0,nan,0.0,0.0,0.092188746,0.0,0.0,0.0,0.0,0.0,0.0,0.0,0.0,0.0
13144000,13064000,0.09187703,0.0918772,0.20439608,1.0505588,1.0505588,0.0,0.0,0.0,0.0,0.0,0.0,0.0,0.0,12.309499,0.0,0.0,nan,0.0,0.0,0.09210093,0.0,0.0,0.0,0.0,0.0,0.0,0.0,0.0,0.0
13640000,13560000,0.09311992,0.09312032,0.20554209,1.0492196,1.0492197,0.0,0.0,0.0,0.0,0.0,0.0,0.0,0.0,12.308778,0.0,0.0,nan,0.0,0.0,0.09201967,0.0,0.0,0.0,0.0,0.0,0.0,0.0,0.0,0.0
14144000,14064000,0.09468048,0.09468121,0.20689142,1.0490175,1.0490179,0.0,0.0,0.0,0.0,0.0,0.0,0.0,0.0,12.309965,0.0,0.0,nan,0.0,0.0,0.09194432,0.0,0.0,0.0,0.0,0.0,0.0,0.0,0.0,0.0
14640000,14560000,0.09653467,0.09653531,0.2084083,1.050196,1.0501966,0.0,0.0,0.0,0.0,0.0,0.0,0.0,0.0,12.313626,0.0,0.0,nan,0.0,0.0,0.091874376,0.0,0.0,0.0,0.0,0.0,0.0,0.0,0.0,0.0
15144000,15064000,0.100849025,0.100851126,0.2117115,1.057044,1.0570441,0.0,0.0,0.0,0.0,0.0,0.0,0.0,0.0,12.320085,0.0,0.0,nan,0.0,0.0,0.091808535,0.0,0.0,0.0,0.0,0.0,0.0,0.0,0.0,0.0
15640000,15560000,0.10291292,0.1029132,0.21335767,1.0624115,1.0624117,0.0,0.0,0.0,0.0,0.0,0.0,0.0,0.0,12.329568,0.0,0.0,nan,0.0,0.0,0.09174707,0.0,0.0,0.0,0.0,0.0,0.0,0.0,0.0,0.0
16144000,16064000,0.104679815,0.10468311,0.21489659,1.0685713,1.0685717,0.0,0.0,0.0,0.0,0.0,0.0,0.0,0.0,12.3438015,0.0,0.0,nan,0.0,0.0,0.091690086,0.0,0.0,0.0,0.0,0.0,0.0,0.0,0.0,0.0
16648000,16568000,0.106047146,0.10605671,0.2163141,1.0750598,1.0750604,0.0,0.0,0.0,0.0,0.0,0.0,0.0,0.0,12.358936,0.0,0.0,nan,0.0,0.0,0.091636084,0.0,0.0,0.0,0.0,0.0,0.0,0.0,0.0,0.0
17144000,17064000,0.10760828,0.10762014,0.2184256,1.0878823,1.0878832,0.0,0.0,0.0,0.0,0.0,0.0,0.0,0.0,12.375632,0.0,0.0,nan,0.0,0.0,0.091584146,0.0,0.0,0.0,0.0,0.0,0.0,0.0,0.0,0.0
17648000,17568000,0.10681714,0.10682629,0.2191329,1.0932629,1.0932639,0.0,0.0,0.0,0.0,0.0,0.0,0.0,0.0,12.389323,0.0,0.0,nan,0.0,0.0,0.098344,0.0,0.0,0.0,0.0,0.0,0.0,0.0,0.0,0.0
18144000,18064000,0.106449544,0.106454805,0.2195633,1.0985246,1.0985258,0.0,0.0,0.0,0.0,0.0,0.0,0.0,0.0,12.40514,0.0,0.0,nan,0.0,0.0,0.09506534,0.0,0.0,0.0,0.0,0.0,0.0,0.0,0.0,0.0
18648000,18568000,0.11007241,0.11007335,0.21978852,1.1025102,1.1025118,0.0,0.0,0.0,0.0,0.0,0.0,0.0,0.0,12.418644,0.0,0.0,nan,0.0,0.0,0.0936431,0.0,0.0,0.0,0.0,0.0,0.0,0.0,0.0,0.0
19144000,19064000,0.120103,0.12009693,0.21998154,1.1078055,1.1078075,0.0,0.0,0.0,0.0,0.0,0.0,0.0,0.0,12.425488,0.0,0.0,nan,0.0,0.0,0.092851736,0.0,0.0,0.0,0.0,0.0,0.0,0.0,0.0,0.0
19648000,19568000,0.12301314,0.12300674,0.21985751,1.1097549,1.1097568,0.0,0.0,0.0,0.0,0.0,0.0,0.0,0.0,12.435185,0.0,0.0,nan,0.0,0.0,0.09235185,0.0,0.0,0.0,0.0,0.0,0.0,0.0,0.0,0.0
20144000,20064000,0.12389038,0.12388475,0.21970055,1.111469,1.1114706,0.0,0.0,0.0,0.0,0.0,0.0,0.0,0.0,12.446237,0.0,0.0,nan,0.0,0.0,0.09201024,0.0,0.0,0.0,0.0,0.0,0.0,0.0,0.0,0.0
20640000,20560000,0.1232959,0.12328963,0.21970832,1.1129903,1.1129916,0.0,0.0,0.0,0.0,0.0,0.0,0.0,0.0,12.453589,0.0,0.0,nan,0.0,0.0,0.09176471,0.0,0.0,0.0,0.0,0.0,0.0,0.0,0.0,0.0
21144000,21064000,0.12000671,0.12000401,0.21938775,1.1154941,1.1154948,0.0,0.0,0.0,0.0,0.0,0.0,0.0,0.0,12.451236,0.0,0.0,nan,0.0,0.0,0.09158212,0.0,0.0,0.0,0.0,0.0,0.0,0.0,0.0,0.0
21640000,21560000,0.11771097,0.117709436,0.21925984,1.1165503,1.1165507,0.0,0.0,0.0,0.0,0.0,0.0,0.0,0.0,12.456802,0.0,0.0,nan,0.0,0.0,0.09144319,0.0,0.0,0.0,0.0,0.0,0.0,0.0,0.0,0.0
22144000,22064000,0.11541514,0.11546561,0.21915205,1.1173863,1.117388,0.0,0.0,0.0,0.0,0.0,0.0,0.0,0.0,12.462095,0.0,0.0,nan,0.0,0.0,0.091335125,0.0,0.0,0.0,0.0,0.0,0.0,0.0,0.0,0.0
22640000,22560000,0.11403024,0.114525825,0.2190756,1.1180121,1.1180189,0.0,0.0,0.0,0.0,0.0,0.0,0.0,0.0,12.464586,0.0,0.0,nan,0.0,0.0,0.09125689,0.0,0.0,0.0,0.0,0.0,0.0,0.0,0.0,0.0
23144000,23064000,0.11137782,0.11208582,0.21919261,1.1189662,1.1189682,0.0,0.0,0.0,0.0,0.0,0.0,0.0,0.0,12.458983,0.0,0.0,nan,0.0,0.0,0.09116606,0.0,0.0,0.0,0.0,0.0,0.0,0.0,0.0,0.0
23640000,23560000,0.110304624,0.11053164,0.21920222,1.1192869,1.1192985,0.0,0.0,0.0,0.0,0.0,0.0,0.0,0.0,12.461214,0.0,0.0,nan,0.0,0.0,0.09111541,0.0,0.0,0.0,0.0,0.0,0.0,0.0,0.0,0.0
24144000,24064000,0.109381475,0.10954185,0.21922375,1.1195215,1.1195549,0.0,0.0,0.0,0.0,0.0,0.0,0.0,0.0,12.464956,0.0,0.0,nan,0.0,0.0,0.09107608,0.0,0.0,0.0,0.0,0.0,0.0,0.0,0.0,0.0
24640000,24560000,0.10860954,0.10954064,0.21940482,1.119679,1.1197265,0.0,0.0,0.0,0.0,0.0,0.0,0.0,0.0,12.467277,0.0,0.0,nan,0.0,0.0,0.091037594,0.0,0.0,0.0,0.0,0.0,0.0,0.0,0.0,0.0
25144000,25064000,0.10747734,0.11082284,0.21946232,1.1197921,1.119811,0.0,0.0,0.0,0.0,0.0,0.0,0.0,0.0,12.460834,0.0,0.0,nan,0.0,0.0,0.091037594,0.0028587617,0.0028849079,0.0028847894,0.0,0.0,0.0,0.0,0.0,0.0
25648000,25568000,0.1071056,0.11065526,0.21951786,1.1197666,1.1197792,0.0,0.0,0.0,0.0,0.0,0.0,0.0,0.0,12.461347,0.0,0.0,nan,0.0,0.0,0.091037594,0.0026792989,0.0026894403,0.0026893406,0.0,0.0,0.0,0.0,0.0,0.0
26144000,26064000,0.10684752,0.10944193,0.2195951,1.1196992,1.1197516,0.0,0.0,0.0,0.0,0.0,0.0,0.0,0.0,12.463061,0.0,0.0,nan,0.0,0.0,0.091037594,0.0026199447,0.0026403202,0.0026402345,0.0,0.0,0.0,0.0,0.0,0.0
26648000,26568000,0.1066807,0.10777964,0.21966764,1.1196029,1.1197441,0.0,0.0,0.0,0.0,0.0,0.0,0.0,0.0,12.465399,0.0,0.0,nan,0.0,0.0,0.091037594,0.0025905536,0.0026301462,0.0026301225,0.0,0.0,0.0,0.0,0.0,0.0
27144000,27064000,0.10658173,0.10724236,0.21991035,1.1193601,1.1196525,0.0,0.0,0.0,0.0,0.0,0.0,0.0,0.0,12.459369,0.0,0.0,nan,0.0,0.0,0.091037594,0.0025732694,0.002620831,0.0026208744,0.0,0.0,0.0,0.0,0.0,0.0
27640000,27560000,0.106624156,0.10933905,0.21993627,1.1192274,1.1194756,0.0,0.0,0.0,0.0,0.0,0.0,0.0,0.0,12.460289,0.0,0.0,nan,0.0,0.0,0.091037594,0.0025622025,0.002602682,0.0026027404,0.0,0.0,0.0,0.0,0.0,0.0
28144000,28064000,0.10671569,0.11199543,0.21995142,1.119094,1.1192337,0.0,0.0,0.0,0.0,0.0,0.0,0.0,0.0,12.462904,0.0,0.0,nan,0.0,0.0,0.091037594,0.0025547624,0.0025771488,0.0025771582,0.0,0.0,0.0,0.0,0.0,0.0
28640000,28560000,0.1068554,0.11365569,0.21996531,1.118965,1.1190118,0.0,0.0,0.0,0.0,0.0,0.0,0.0,0.0,12.465221,0.0,0.0,nan,0.0,0.0,0.091037594,0.002550168,0.0025559897,0.0025558602,0.0,0.0,0.0,0.0,0.0,0.0
29144000,29064000,0.10717389,0.11129594,0.22012603,1.1187505,1.1188933,0.0,0.0,0.0,0.0,0.0,0.0,0.0,0.0,12.459148,0.0,0.0,nan,0.0,0.0,0.091037594,0.002546021,0.0025416426,0.0025411672,0.0,0.0,0.0,0.0,0.0,0.0
29640000,29560000,0.10730528,0.10887617,0.22012796,1.118674,1.1189907,0.0,0.0,0.0,0.0,0.0,0.0,0.0,0.0,12.46081,0.0,0.0,nan,0.0,0.0,0.091037594,0.0025421027,0.0025458974,0.0025449742,0.0,0.0,0.0,0.0,0.0,0.0
30144000,30064000,0.10742636,0.10754885,0.22011693,1.1186177,1.1190966,0.0,0.0,0.0,0.0,0.0,0.0,0.0,0.0,12.463549,0.0,0.0,nan,0.0,0.0,0.091037594,0.0025392212,0.0025582833,0.0025571543,0.0,0.0,0.0,0.0,0.0,0.0
30640000,30560000,0.107539535,0.108237766,0.22009805,1.1185797,1.1191155,0.0,0.0,0.0,0.0,0.0,0.0,0.0,0.0,12.464601,0.0,0.0,nan,0.0,0.0,0.091037594,0.0025364535,0.002562567,0.0025614735,0.0,0.0,0.0,0.0,0.0,0.0
31144000,31064000,0.107715726,0.11352783,0.22021492,1.1185493,1.1188068,0.0,0.0,0.0,0.0,0.0,0.0,0.0,0.0,12.458705,0.0,0.0,nan,0.0,0.0,0.091037594,0.002533525,0.0025546192,0.0025536353,0.0,0.0,0.0,0.0,0.0,0.0
31648000,31568000,0.107761964,0.11484618,0.22020221,1.1185514,1.1186366,0.0,0.0,0.0,0.0,0.0,0.0,0.0,0.0,12.4614525,0.0,0.0,nan,0.0,0.0,0.091037594,0.0025313233,0.0025392233,0.00253825,0.0,0.0,0.0,0.0,0.0,0.0
32144000,32064000,0.107781775,0.11388709,0.2201925,1.1185622,1.1185718,0.0,0.0,0.0,0.0,0.0,0.0,0.0,0.0,12.461929,0.0,0.0,nan,0.0,0.0,0.091037594,0.0025297066,0.0025269045,0.0025259221,0.0,0.0,0.0,0.0,0.0,0.0
32648000,32568000,0.10777684,0.11138963,0.22018659,1.1185808,1.1186335,0.0,0.0,0.0,0.0,0.0,0.0,0.0,0.0,12.466236,0.0,0.0,nan,0.0,0.0,0.091037594,0.00252877,0.0025258674,0.0025250001,0.0,0.0,0.0,0.0,0.0,0.0
33144000,33064000,0.10767811,0.10774912,0.22029503,1.1186304,1.118932,0.0,0.0,0.0,0.0,0.0,0.0,0.0,0.0,12.458605,0.0,0.0,nan,0.0,0.0,0.091037594,0.0025284374,0.002535285,0.0025346952,0.0,0.0,0.0,0.0,0.0,0.0
33640000,33560000,0.10762631,0.109054364,0.22025304,1.1186566,1.1189958,0.0,0.0,0.0,0.0,0.0,0.0,0.0,0.0,12.46091,0.0,0.0,nan,0.0,0.0,0.091037594,0.0025286546,0.0025436983,0.002543406,0.0,0.0,0.0,0.0,0.0,0.0
34144000,34064000,0.107551016,0.11213843,0.2202006,1.1186817,1.118937,0.0,0.0,0.0,0.0,0.0,0.0,0.0,0.0,12.4648695,0.0,0.0,nan,0.0,0.0,0.091037594,0.0025292516,0.0025425653,0.0025423563,0.0,0.0,0.0,0.0,0.0,0.0
34648000,34568000,0.10746745,0.11508131,0.220302,1.1187043,1.1188219,0.0,0.0,0.0,0.0,0.0,0.0,0.0,0.0,12.467062,0.0,0.0,nan,0.0,0.0,0.091037594,0.00252958,0.0025328342,0.00253248,0.0,0.0,0.0,0.0,0.0,0.0
35144000,35064000,0.1073009,0.114378385,0.2202124,1.1187289,1.1187814,0.0,0.0,0.0,0.0,0.0,0.0,0.0,0.0,12.46076,0.0,0.0,nan,0.0,0.0,0.091037594,0.0025295645,0.0025217396,0.0025210562,0.0,0.0,0.0,0.0,0.0,0.0
35640000,35560000,0.107199706,0.111320294,0.22017433,1.1187352,1.118931,0.0,0.0,0.0,0.0,0.0,0.0,0.0,0.0,12.462839,0.0,0.0,nan,0.0,0.0,0.091037594,0.0025295527,0.0025182138,0.0025170164,0.0,0.0,0.0,0.0,0.0,0.0
36144000,36064000,0.10707363,0.10839406,0.22028853,1.1187387,1.1191437,0.0,0.0,0.0,0.0,0.0,0.0,0.0,0.0,12.4649,0.0,0.0,nan,0.0,0.0,0.091037594,0.0025291739,0.002524303,0.0025226297,0.0,0.0,0.0,0.0,0.0,0.0
36648000,36568000,0.106969185,0.107007965,0.22024111,1.1187357,1.1193182,0.0,0.0,0.0,0.0,0.0,0.0,0.0,0.0,12.466725,0.0,0.0,nan,0.0,0.0,0.091037594,0.0025284702,0.0025329792,0.0025311077,0.0,0.0,0.0,0.0,0.0,0.0
37144000,37064000,0.10679792,0.11004933,0.22015435,1.1187141,1.1192322,0.0,0.0,0.0,0.0,0.0,0.0,0.0,0.0,12.45987,0.0,0.0,nan,0.0,0.0,0.091037594,0.002526777,0.0025354186,0.0025337276,0.0,0.0,0.0,0.0,0.0,0.0
37640000,37560000,0.106707215,0.11227381,0.22011739,1.1186963,1.1190093,0.0,0.0,0.0,0.0,0.0,0.0,0.0,0.0,12.462009,0.0,0.0,nan,0.0,0.0,0.091037594,0.002525295,0.0025300393,0.0025284498,0.0,0.0,0.0,0.0,0.0,0.0
38144000,38064000,0.106622696,0.11292492,0.22023982,1.118674,1.1188006,0.0,0.0,0.0,0.0,0.0,0.0,0.0,0.0,12.4635,0.0,0.0,nan,0.0,0.0,0.091037594,0.0025240618,0.0025205752,0.002519062,0.0,0.0,0.0,0.0,0.0,0.0
38640000,38560000,0.10654785,0.11164756,0.22022074,1.118649,1.1186879,0.0,0.0,0.0,0.0,0.0,0.0,0.0,0.0,12.466769,0.0,0.0,nan,0.0,0.0,0.091037594,0.002523319,0.0025148168,0.0025134385,0.0,0.0,0.0,0.0,0.0,0.0
39144000,39064000,0.10637656,0.10706524,0.22032227,1.1185901,1.1187581,0.0,0.0,0.0,0.0,0.0,0.0,0.0,0.0,12.460108,0.0,0.0,nan,0.0,0.0,0.091037594,0.0025231722,0.0025173177,0.0025162285,0.0,0.0,0.0,0.0,0.0,0.0
39648000,39568000,0.10629378,0.10653959,0.2202842,1.1185606,1.1188221,0.0,0.0,0.0,0.0,0.0,0.0,0.0,0.0,12.462584,0.0,0.0,nan,0.0,0.0,0.091037594,0.0025233564,0.0025240656,0.0025233869,0.0,0.0,0.0,0.0,0.0,0.0
40144000,40064000,0.106230184,0.10813414,0.22023942,1.1185243,1.1187985,0.0,0.0,0.0,0.0,0.0,0.0,0.0,0.0,12.464129,0.0,0.0,nan,0.0,0.0,0.091037594,0.0025240376,0.002528601,0.0025281673,0.0,0.0,0.0,0.0,0.0,0.0
40648000,40568000,0.10617197,0.1110214,0.22019383,1.1184886,1.1186886,0.0,0.0,0.0,0.0,0.0,0.0,0.0,0.0,12.4668,0.0,0.0,nan,0.0,0.0,0.091037594,0.0025246467,0.0025266423,0.0025262232,0.0,0.0,0.0,0.0,0.0,0.0
41144000,41064000,0.10609694,0.1138798,0.22026773,1.1184145,1.1185195,0.0,0.0,0.0,0.0,0.0,0.0,0.0,0.0,12.460191,0.0,0.0,nan,0.0,0.0,0.091037594,0.002525048,0.0025195105,0.0025188501,0.0,0.0,0.0,0.0,0.0,0.0
41648000,41568000,0.106062576,0.11219975,0.22023734,1.1183792,1.11859,0.0,0.0,0.0,0.0,0.0,0.0,0.0,0.0,12.462654,0.0,0.0,nan,0.0,0.0,0.091037594,0.0025250404,0.0025131155,0.0025120394,0.0,0.0,0.0,0.0,0.0,0.0
42144000,42064000,0.106015064,0.10943568,0.22021131,1.1183428,1.1187596,0.0,0.0,0.0,0.0,0.0,0.0,0.0,0.0,12.464821,0.0,0.0,nan,0.0,0.0,0.091037594,0.0025250372,0.0025136531,0.0025119954,0.0,0.0,0.0,0.0,0.0,0.0
42640000,42560000,0.105971694,0.106977865,0.2201756,1.1183097,1.118959,0.0,0.0,0.0,0.0,0.0,0.0,0.0,0.0,12.466064,0.0,0.0,nan,0.0,0.0,0.091037594,0.0025247592,0.00251998,0.00251793,0.0,0.0,0.0,0.0,0.0,0.0
43144000,43064000,0.10590915,0.10677662,0.2202551,1.1182401,1.1190512,0.0,0.0,0.0,0.0,0.0,0.0,0.0,0.0,12.459592,0.0,0.0,nan,0.0,0.0,0.091037594,0.0025241978,0.0025258653,0.0025237093,0.0,0.0,0.0,0.0,0.0,0.0
43640000,43560000,0.105889045,0.10867797,0.220207,1.1182126,1.1188557,0.0,0.0,0.0,0.0,0.0,0.0,0.0,0.0,12.461698,0.0,0.0,nan,0.0,0.0,0.091037594,0.0025227012,0.00252567,0.0025237515,0.0,0.0,0.0,0.0,0.0,0.0
44144000,44064000,0.10587219,0.110338874,0.2201603,1.1181808,1.1185862,0.0,0.0,0.0,0.0,0.0,0.0,0.0,0.0,12.465475,0.0,0.0,nan,0.0,0.0,0.091037594,0.0025215468,0.0025199798,0.0025181684,0.0,0.0,0.0,0.0,0.0,0.0
44640000,44560000,0.10586579,0.11065666,0.22027798,1.1181539,1.1183552,0.0,0.0,0.0,0.0,0.0,0.0,0.0,0.0,12.467554,0.0,0.0,nan,0.0,0.0,0.091037594,0.0025206713,0.002513145,0.0025114573,0.0,0.0,0.0,0.0,0.0,0.0
45144000,45064000,0.10586751,0.10749365,0.22026627,1.1184356,1.1185534,0.0,0.0,0.0,0.0,0.0,0.0,0.0,0.0,12.468312,0.0,0.0,nan,0.0,0.0,0.091037594,0.0025201999,0.0025110142,0.0025095681,0.0,0.0,0.0,0.0,0.0,0.0
45648000,45568000,0.10576316,0.106065616,0.22018245,1.1179733,1.1181554,0.0,0.0,0.0,0.0,0.0,0.0,0.0,0.0,12.461927,0.0,0.0,nan,0.0,0.0,0.091037594,0.0025199957,0.0025148035,0.0025138191,0.0,0.0,0.0,0.0,0.0,0.0
46144000,46064000,0.10580936,0.1063129,0.2203459,1.1183525,1.118592,0.0,0.0,0.0,0.0,0.0,0.0,0.0,0.0,12.464023,0.0,0.0,nan,0.0,0.0,0.091037594,0.0025204776,0.0025203712,0.0025197365,0.0,0.0,0.0,0.0,0.0,0.0
46640000,46560000,0.1057874,0.10815984,0.22028577,1.11829,1.1185204,0.0,0.0,0.0,0.0,0.0,0.0,0.0,0.0,12.467823,0.0,0.0,nan,0.0,0.0,0.091037594,0.0025210057,0.0025221482,0.002521672,0.0,0.0,0.0,0.0,0.0,0.0
47144000,47064000,0.10574984,0.1123818,0.22017433,1.1182278,1.118379,0.0,0.0,0.0,0.0,0.0,0.0,0.0,0.0,12.468583,0.0,0.0,nan,0.0,0.0,0.091037594,0.0025214911,0.0025183703,0.0025177712,0.0,0.0,0.0,0.0,0.0,0.0
47640000,47560000,0.10574456,0.112239614,0.22013524,1.1181725,1.1183829,0.0,0.0,0.0,0.0,0.0,0.0,0.0,0.0,12.461502,0.0,0.0,nan,0.0,0.0,0.091037594,0.002521582,0.0025125952,0.0025117013,0.0,0.0,0.0,0.0,0.0,0.0
48144000,48064000,0.10573279,0.11048917,0.22026956,1.1181189,1.1184914,0.0,0.0,0.0,0.0,0.0,0.0,0.0,0.0,12.463709,0.0,0.0,nan,0.0,0.0,0.091037594,0.0025216995,0.0025097139,0.0025082643,0.0,0.0,0.0,0.0,0.0,0.0
48648000,48568000,0.105715446,0.10810116,0.22024465,1.1180778,1.1186733,0.0,0.0,0.0,0.0,0.0,0.0,0.0,0.0,12.466951,0.0,0.0,nan,0.0,0.0,0.091037594,0.0025216364,0.002512792,0.002510788,0.0,0.0,0.0,0.0,0.0,0.0
49144000,49064000,0.10567075,0.105770096,0.22031334,1.1179981,1.1189134,0.0,0.0,0.0,0.0,0.0,0.0,0.0,0.0,12.460254,0.0,0.0,nan,0.0,0.0,0.091037594,0.0025213473,0.002518588,0.0025162853,0.0,0.0,0.0,0.0,0.0,0.0
49640000,49560000,0.105668746,0.10669925,0.22025624,1.1179712,1.1188235,0.0,0.0,0.0,0.0,0.0,0.0,0.0,0.0,12.46222,0.0,0.0,nan,0.0,0.0,0.091037594,0.0025204187,0.0025210776,0.002518929,0.0,0.0,0.0,0.0,0.0,0.0
50144000,50064000,0.105654046,0.10824423,0.22019859,1.1179425,1.1186006,0.0,0.0,0.0,0.0,0.0,0.0,0.0,0.0,12.465858,0.0,0.0,nan,0.0,0.0,0.091037594,0.0025195144,0.0025188988,0.0025168455,0.0,0.0,0.0,0.0,0.0,0.0
50640000,50560000,0.10565296,0.10934616,0.22030462,1.1179202,1.1183372,0.0,0.0,0.0,0.0,0.0,0.0,0.0,0.0,12.467819,0.0,0.0,nan,0.0,0.0,0.091037594,0.0025186928,0.0025136108,0.002511682,0.0,0.0,0.0,0.0,0.0,0.0
51144000,51064000,0.10564394,0.10807153,0.22022742,1.117876,1.1180208,0.0,0.0,0.0,0.0,0.0,0.0,0.0,0.0,12.469792,0.0,0.0,nan,0.0,0.0,0.091037594,0.002517616,0.0025092384,0.0025076333,0.0,0.0,0.0,0.0,0.0,0.0
51640000,51560000,0.105560616,0.10652241,0.22029604,1.1174676,1.1176133,0.0,0.0,0.0,0.0,0.0,0.0,0.0,0.0,12.463713,0.0,0.0,nan,0.0,0.0,0.091037594,0.0025174902,0.0025098608,0.0025085933,0.0,0.0,0.0,0.0,0.0,0.0
52144000,52064000,0.10561638,0.10577524,0.22030108,1.1178914,1.1180851,0.0,0.0,0.0,0.0,0.0,0.0,0.0,0.0,12.465574,0.0,0.0,nan,0.0,0.0,0.091037594,0.0025176762,0.0025140778,0.0025132038,0.0,0.0,0.0,0.0,0.0,0.0
52640000,52560000,0.10561332,0.10633905,0.22023872,1.1178726,1.1180943,0.0,0.0,0.0,0.0,0.0,0.0,0.0,0.0,12.467441,0.0,0.0,nan,0.0,0.0,0.091037594,0.002518081,0.0025176627,0.0025170755,0.0,0.0,0.0,0.0,0.0,0.0
53144000,53064000,0.10560346,0.11016579,0.2202607,1.1178321,1.1180122,0.0,0.0,0.0,0.0,0.0,0.0,0.0,0.0,12.462082,0.0,0.0,nan,0.0,0.0,0.091037594,0.0025184597,0.002517292,0.002516748,0.0,0.0,0.0,0.0,0.0,0.0
53640000,53560000,0.10554665,0.11114609,0.22015244,1.1174306,1.1176175,0.0,0.0,0.0,0.0,0.0,0.0,0.0,0.0,12.463851,0.0,0.0,nan,0.0,0.0,0.091037594,0.002518688,0.0025132804,0.0025125672,0.0,0.0,0.0,0.0,0.0,0.0
54144000,54064000,0.1055599,0.110766865,0.22026524,1.1174672,1.1177465,0.0,0.0,0.0,0.0,0.0,0.0,0.0,0.0,12.465637,0.0,0.0,nan,0.0,0.0,0.091037594,0.0025188818,0.0025090296,0.0025078398,0.0,0.0,0.0,0.0,0.0,0.0
54640000,54560000,0.10563704,0.10920868,0.22027859,1.1178929,1.118358,0.0,0.0,0.0,0.0,0.0,0.0,0.0,0.0,12.468469,0.0,0.0,nan,0.0,0.0,0.091037594,0.0025189598,0.0025087402,0.00250695,0.0,0.0,0.0,0.0,0.0,0.0
55144000,55064000,0.105586044,0.105903395,0.22034071,1.1178441,1.1186938,0.0,0.0,0.0,0.0,0.0,0.0,0.0,0.0,12.461414,0.0,0.0,nan,0.0,0.0,0.091037594,0.002518891,0.0025127365,0.0025104743,0.0,0.0,0.0,0.0,0.0,0.0
55640000,55560000,0.10557942,0.10575344,0.2202803,1.1178273,1.118731,0.0,0.0,0.0,0.0,0.0,0.0,0.0,0.0,12.463144,0.0,0.0,nan,0.0,0.0,0.091037594,0.0025184327,0.0025169298,0.0025146562,0.0,0.0,0.0,0.0,0.0,0.0
56144000,56064000,0.10550916,0.106584884,0.22016653,1.1174198,1.1182376,0.0,0.0,0.0,0.0,0.0,0.0,0.0,0.0,12.466579,0.0,0.0,nan,0.0,0.0,0.091037594,0.0025178425,0.002517691,0.0025154362,0.0,0.0,0.0,0.0,0.0,0.0
56640000,56560000,0.10559319,0.1079768,0.22031705,1.117848,1.118458,0.0,0.0,0.0,0.0,0.0,0.0,0.0,0.0,12.468374,0.0,0.0,nan,0.0,0.0,0.091037594,0.0025171463,0.0025145407,0.0025123907,0.0,0.0,0.0,0.0,0.0,0.0
57144000,57064000,0.10563023,0.10841874,0.22023807,1.1178594,1.1180943,0.0,0.0,0.0,0.0,0.0,0.0,0.0,0.0,12.468905,0.0,0.0,nan,0.0,0.0,0.091037594,0.002516016,0.00250973,0.0025078936,0.0,0.0,0.0,0.0,0.0,0.0
57640000,57560000,0.105626605,0.10729627,0.22021297,1.1178336,1.1180003,0.0,0.0,0.0,0.0,0.0,0.0,0.0,0.0,12.461659,0.0,0.0,nan,0.0,0.0,0.091037594,0.0025157277,0.0025076582,0.0025060994,0.0,0.0,0.0,0.0,0.0,0.0
58144000,58064000,0.105608426,0.10612983,0.22019428,1.1178192,1.1179876,0.0,0.0,0.0,0.0,0.0,0.0,0.0,0.0,12.46477,0.0,0.0,nan,0.0,0.0,0.091037594,0.0025157263,0.0025098813,0.002508732,0.0,0.0,0.0,0.0,0.0,0.0
58640000,58560000,0.10557469,0.1057327,0.2203147,1.1178002,1.118,0.0,0.0,0.0,0.0,0.0,0.0,0.0,0.0,12.46687,0.0,0.0,nan,0.0,0.0,0.091037594,0.0025158904,0.0025135975,0.002512828,0.0,0.0,0.0,0.0,0.0,0.0
59144000,59064000,0.105493136,0.10813026,0.22015722,1.1173809,1.117579,0.0,0.0,0.0,0.0,0.0,0.0,0.0,0.0,12.468951,0.0,0.0,nan,0.0,0.0,0.091037594,0.0025161565,0.0025152806,0.0025147526,0.0,0.0,0.0,0.0,0.0,0.0
59640000,59560000,0.10556302,0.109941304,0.2203088,1.1178054,1.1179941,0.0,0.0,0.0,0.0,0.0,0.0,0.0,0.0,12.462027,0.0,0.0,nan,0.0,0.0,0.091037594,0.002516473,0.0025135637,0.0025129633,0.0,0.0,0.0,0.0,0.0,0.0
60144000,60064000,0.10550441,0.110533774,0.22020638,1.117393,1.1176169,0.0,0.0,0.0,0.0,0.0,0.0,0.0,0.0,12.465615,0.0,0.0,nan,0.0,0.0,0.091037594,0.0025166862,0.002509635,0.002508674,0.0,0.0,0.0,0.0,0.0,0.0
60640000,60560000,0.105587184,0.10997594,0.2202162,1.1178191,1.1181667,0.0,0.0,0.0,0.0,0.0,0.0,0.0,0.0,12.467549,0.0,0.0,nan,0.0,0.0,0.091037594,0.0025168513,0.0025073024,0.0025057753,0.0,0.0,0.0,0.0,0.0,0.0
61144000,61064000,0.1055446,0.10669596,0.22028452,1.1177785,1.1184973,0.0,0.0,0.0,0.0,0.0,0.0,0.0,0.0,12.461594,0.0,0.0,nan,0.0,0.0,0.091037594,0.0025168902,0.0025087746,0.0025068293,0.0,0.0,0.0,0.0,0.0,0.0
61640000,61560000,0.105524115,0.10571252,0.22022784,1.1177564,1.1186132,0.0,0.0,0.0,0.0,0.0,0.0,0.0,0.0,12.462772,0.0,0.0,nan,0.0,0.0,0.091037594,0.0025167312,0.0025127297,0.0025104578,0.0,0.0,0.0,0.0,0.0,0.0
62144000,62064000,0.105520405,0.105763264,0.22017248,1.1177357,1.1186144,0.0,0.0,0.0,0.0,0.0,0.0,0.0,0.0,12.465072,0.0,0.0,nan,0.0,0.0,0.091037594,0.0025164017,0.00251528,0.0025129227,0.0,0.0,0.0,0.0,0.0,0.0
62640000,62560000,0.10546676,0.10652613,0.22022742,1.1173372,1.1181059,0.0,0.0,0.0,0.0,0.0,0.0,0.0,0.0,12.467158,0.0,0.0,nan,0.0,0.0,0.091037594,0.0025159002,0.0025147225,0.0025124196,0.0,0.0,0.0,0.0,0.0,0.0
63144000,63064000,0.1055485,0.1079669,0.22020677,1.117741,1.1181216,0.0,0.0,0.0,0.0,0.0,0.0,0.0,0.0,12.46792,0.0,0.0,nan,0.0,0.0,0.091037594,0.0025153777,0.002511106,0.002508933,0.0,0.0,0.0,0.0,0.0,0.0
63640000,63560000,0.105553746,0.10752839,0.22018698,1.1177269,1.1179678,0.0,0.0,0.0,0.0,0.0,0.0,0.0,0.0,12.4615555,0.0,0.0,nan,0.0,0.0,0.091037594,0.0025145123,0.002507477,0.0025056808,0.0,0.0,0.0,0.0,0.0,0.0
64144000,64064000,0.105543226,0.10656257,0.22032483,1.11771,1.1178911,0.0,0.0,0.0,0.0,0.0,0.0,0.0,0.0,12.463674,0.0,0.0,nan,0.0,0.0,0.091037594,0.0025143605,0.0025072293,0.002505793,0.0,0.0,0.0,0.0,0.0,0.0
64648000,64568000,0.10553128,0.10577618,0.22029456,1.1177018,1.1178783,0.0,0.0,0.0,0.0,0.0,0.0,0.0,0.0,12.466215,0.0,0.0,nan,0.0,0.0,0.091037594,0.0025144129,0.0025099923,0.0025089819,0.0,0.0,0.0,0.0,0.0,0.0
65144000,65064000,0.10551886,0.1067791,0.220205,1.1176732,1.1178722,0.0,0.0,0.0,0.0,0.0,0.0,0.0,0.0,12.468437,0.0,0.0,nan,0.0,0.0,0.091037594,0.002514616,0.0025128757,0.0025121917,0.0,0.0,0.0,0.0,0.0,0.0
65640000,65560000,0.10552794,0.10828683,0.22030354,1.1176687,1.1178603,0.0,0.0,0.0,0.0,0.0,0.0,0.0,0.0,12.461963,0.0,0.0,nan,0.0,0.0,0.091037594,0.0025148639,0.0025130536,0.0025124946,0.0,0.0,0.0,0.0,0.0,0.0
66144000,66064000,0.105528966,0.10949746,0.22025737,1.1176578,1.117864,0.0,0.0,0.0,0.0,0.0,0.0,0.0,0.0,12.463489,0.0,0.0,nan,0.0,0.0,0.091037594,0.0025150913,0.0025107048,0.002509966,0.0,0.0,0.0,0.0,0.0,0.0
66640000,66560000,0.10553244,0.10972511,0.22022498,1.1176474,1.1179223,0.0,0.0,0.0,0.0,0.0,0.0,0.0,0.0,12.466146,0.0,0.0,nan,0.0,0.0,0.091037594,0.0025153055,0.002507526,0.0025063334,0.0,0.0,0.0,0.0,0.0,0.0
67144000,67064000,0.10554106,0.107444465,0.22018038,1.1176355,1.1182141,0.0,0.0,0.0,0.0,0.0,0.0,0.0,0.0,12.468463,0.0,0.0,nan,0.0,0.0,0.091037594,0.002515428,0.0025067362,0.0025049557,0.0,0.0,0.0,0.0,0.0,0.0
67648000,67568000,0.105534986,0.106167406,0.22030857,1.1176285,1.1183704,0.0,0.0,0.0,0.0,0.0,0.0,0.0,0.0,12.462189,0.0,0.0,nan,0.0,0.0,0.091037594,0.002515409,0.00250938,0.0025072007,0.0,0.0,0.0,0.0,0.0,0.0
68144000,68064000,0.10554548,0.10563936,0.2202675,1.11763,1.1184567,0.0,0.0,0.0,0.0,0.0,0.0,0.0,0.0,12.464378,0.0,0.0,nan,0.0,0.0,0.091037594,0.0025152673,0.0025127614,0.0025103465,0.0,0.0,0.0,0.0,0.0,0.0
68640000,68560000,0.10555157,0.10599372,0.22021542,1.1176264,1.1184309,0.0,0.0,0.0,0.0,0.0,0.0,0.0,0.0,12.466524,0.0,0.0,nan,0.0,0.0,0.091037594,0.0025149416,0.0025139756,0.0025115558,0.0,0.0,0.0,0.0,0.0,0.0
69144000,69064000,0.10555901,0.10768475,0.22026838,1.1176271,1.118119,0.0,0.0,0.0,0.0,0.0,0.0,0.0,0.0,12.460186,0.0,0.0,nan,0.0,0.0,0.091037594,0.002514516,0.0025124534,0.0025101053,0.0,0.0,0.0,0.0,0.0,0.0
69648000,69568000,0.10549517,0.10774691,0.22018376,1.1172372,1.1175696,0.0,0.0,0.0,0.0,0.0,0.0,0.0,0.0,12.462236,0.0,0.0,nan,0.0,0.0,0.091037594,0.002513628,0.0025086894,0.0025066752,0.0,0.0,0.0,0.0,0.0,0.0
70144000,70064000,0.10556861,0.10724291,0.22020829,1.1176809,1.1179007,0.0,0.0,0.0,0.0,0.0,0.0,0.0,0.0,12.464638,0.0,0.0,nan,0.0,0.0,0.091037594,0.0025133663,0.0025063334,0.0025046167,0.0,0.0,0.0,0.0,0.0,0.0
70640000,70560000,0.10554526,0.106308855,0.22018147,1.1176713,1.1178563,0.0,0.0,0.0,0.0,0.0,0.0,0.0,0.0,12.465465,0.0,0.0,nan,0.0,0.0,0.091037594,0.0025132631,0.0025071178,0.0025057765,0.0,0.0,0.0,0.0,0.0,0.0
71144000,71064000,0.1055331,0.10589387,0.22026902,1.1177132,1.1179196,0.0,0.0,0.0,0.0,0.0,0.0,0.0,0.0,12.460611,0.0,0.0,nan,0.0,0.0,0.091037594,0.002513356,0.0025098962,0.0025089812,0.0,0.0,0.0,0.0,0.0,0.0
71648000,71568000,0.10546273,0.106799334,0.22016631,1.1173097,1.1175157,0.0,0.0,0.0,0.0,0.0,0.0,0.0,0.0,12.46139,0.0,0.0,nan,0.0,0.0,0.091037594,0.0025135318,0.0025116222,0.0025110052,0.0,0.0,0.0,0.0,0.0,0.0
72144000,72064000,0.10554509,0.10822272,0.22017035,1.1177418,1.1179414,0.0,0.0,0.0,0.0,0.0,0.0,0.0,0.0,12.463517,0.0,0.0,nan,0.0,0.0,0.091037594,0.002513798,0.0025109746,0.0025103278,0.0,0.0,0.0,0.0,0.0,0.0
72640000,72560000,0.10554141,0.10910016,0.22027895,1.1177199,1.1179396,0.0,0.0,0.0,0.0,0.0,0.0,0.0,0.0,12.467352,0.0,0.0,nan,0.0,0.0,0.091037594,0.0025140482,0.0025084931,0.0025075567,0.0,0.0,0.0,0.0,0.0,0.0
73144000,73064000,0.10554584,0.10818733,0.22021088,1.1176859,1.1181006,0.0,0.0,0.0,0.0,0.0,0.0,0.0,0.0,12.468157,0.0,0.0,nan,0.0,0.0,0.091037594,0.0025142524,0.0025060514,0.0025046142,0.0,0.0,0.0,0.0,0.0,0.0
73648000,73568000,0.105525814,0.1069114,0.2201812,1.1176709,1.1182418,0.0,0.0,0.0,0.0,0.0,0.0,0.0,0.0,12.461767,0.0,0.0,nan,0.0,0.0,0.091037594,0.002514342,0.002506979,0.0025049879,0.0,0.0,0.0,0.0,0.0,0.0
74144000,74064000,0.105507344,0.105889976,0.22030254,1.1176641,1.1183646,0.0,0.0,0.0,0.0,0.0,0.0,0.0,0.0,12.46391,0.0,0.0,nan,0.0,0.0,0.091037594,0.002514321,0.0025100869,0.0025077062,0.0,0.0,0.0,0.0,0.0,0.0
74640000,74560000,0.105497055,0.105606146,0.22025393,1.1176497,1.1184112,0.0,0.0,0.0,0.0,0.0,0.0,0.0,0.0,12.46602,0.0,0.0,nan,0.0,0.0,0.091037594,0.0025141519,0.0025123528,0.002509863,0.0,0.0,0.0,0.0,0.0,0.0
75144000,75064000,0.10549067,0.1069161,0.22029737,1.1176331,1.1182168,0.0,0.0,0.0,0.0,0.0,0.0,0.0,0.0,12.460946,0.0,0.0,nan,0.0,0.0,0.091037594,0.002513458,0.0025123155,0.0025100175,0.0,0.0,0.0,0.0,0.0,0.0
75648000,75568000,0.10548869,0.10750547,0.22024707,1.1176205,1.1180439,0.0,0.0,0.0,0.0,0.0,0.0,0.0,0.0,12.4628525,0.0,0.0,nan,0.0,0.0,0.091037594,0.0025130373,0.0025097542,0.0025075693,0.0,0.0,0.0,0.0,0.0,0.0
76144000,76064000,0.10549409,0.10745846,0.22020628,1.117607,1.1178962,0.0,0.0,0.0,0.0,0.0,0.0,0.0,0.0,12.465139,0.0,0.0,nan,0.0,0.0,0.091037594,0.0025127113,0.0025067732,0.0025048025,0.0,0.0,0.0,0.0,0.0,0.0
76648000,76568000,0.10550785,0.106822856,0.22017848,1.117602,1.1178123,0.0,0.0,0.0,0.0,0.0,0.0,0.0,0.0,12.467203,0.0,0.0,nan,0.0,0.0,0.091037594,0.0025125355,0.002505992,0.0025044002,0.0,0.0,0.0,0.0,0.0,0.0
77144000,77064000,0.1054359,0.10556669,0.22021797,1.1172543,1.1174569,0.0,0.0,0.0,0.0,0.0,0.0,0.0,0.0,12.460837,0.0,0.0,nan,0.0,0.0,0.091037594,0.0025125071,0.0025078033,0.002506658,0.0,0.0,0.0,0.0,0.0,0.0
77648000,77568000,0.105457455,0.10597716,0.22018085,1.1173023,1.1175138,0.0,0.0,0.0,0.0,0.0,0.0,0.0,0.0,12.461393,0.0,0.0,nan,0.0,0.0,0.091037594,0.002512542,0.0025098713,0.0025091316,0.0,0.0,0.0,0.0,0.0,0.0
78144000,78064000,0.10552624,0.10710112,0.2202012,1.1177267,1.1179367,0.0,0.0,0.0,0.0,0.0,0.0,0.0,0.0,12.4637165,0.0,0.0,nan,0.0,0.0,0.091037594,0.0025127758,0.0025105185,0.002509887,0.0,0.0,0.0,0.0,0.0,0.0
78648000,78568000,0.10544905,0.108108185,0.22011304,1.117318,1.1175257,0.0,0.0,0.0,0.0,0.0,0.0,0.0,0.0,12.466002,0.0,0.0,nan,0.0,0.0,0.091037594,0.0025130427,0.002509091,0.0025083064,0.0,0.0,0.0,0.0,0.0,0.0
79144000,79064000,0.10546461,0.10849164,0.22020231,1.1173278,1.1176414,0.0,0.0,0.0,0.0,0.0,0.0,0.0,0.0,12.460427,0.0,0.0,nan,0.0,0.0,0.091037594,0.0025132636,0.002506698,0.0025054836,0.0,0.0,0.0,0.0,0.0,0.0
79648000,79568000,0.105540015,0.10762458,0.22023252,1.117752,1.1182003,0.0,0.0,0.0,0.0,0.0,0.0,0.0,0.0,12.460975,0.0,0.0,nan,0.0,0.0,0.091037594,0.0025134308,0.0025056454,0.0025039706,0.0,0.0,0.0,0.0,0.0,0.0
80144000,80064000,0.10551285,0.10647819,0.22021675,1.1177253,1.1183163,0.0,0.0,0.0,0.0,0.0,0.0,0.0,0.0,12.463354,0.0,0.0,nan,0.0,0.0,0.091037594,0.0025135002,0.0025073825,0.002505201,0.0,0.0,0.0,0.0,0.0,0.0
80648000,80568000,0.10549046,0.1057138,0.22018519,1.1177006,1.1183991,0.0,0.0,0.0,0.0,0.0,0.0,0.0,0.0,12.465683,0.0,0.0,nan,0.0,0.0,0.091037594,0.0025134443,0.0025101483,0.0025076766,0.0,0.0,0.0,0.0,0.0,0.0
81144000,81064000,0.1054761,0.10615726,0.22024098,1.1176652,1.1183233,0.0,0.0,0.0,0.0,0.0,0.0,0.0,0.0,12.467953,0.0,0.0,nan,0.0,0.0,0.091037594,0.0025132732,0.002511788,0.0025092266,0.0,0.0,0.0,0.0,0.0,0.0
81648000,81568000,0.10547734,0.10685614,0.22018614,1.117645,1.1181741,0.0,0.0,0.0,0.0,0.0,0.0,0.0,0.0,12.461535,0.0,0.0,nan,0.0,0.0,0.091037594,0.0025126347,0.0025104762,0.0025081518,0.0,0.0,0.0,0.0,0.0,0.0
82144000,82064000,0.10548854,0.10724356,0.22030365,1.1176335,1.1180139,0.0,0.0,0.0,0.0,0.0,0.0,0.0,0.0,12.464067,0.0,0.0,nan,0.0,0.0,0.091037594,0.0025123085,0.0025076321,0.002505471,0.0,0.0,0.0,0.0,0.0,0.0
82648000,82568000,0.10548907,0.10701467,0.22012587,1.1176163,1.1178843,0.0,0.0,0.0,0.0,0.0,0.0,0.0,0.0,12.464791,0.0,0.0,nan,0.0,0.0,0.091037594,0.0025120855,0.0025057017,0.0025038403,0.0,0.0,0.0,0.0,0.0,0.0
83144000,83064000,0.105478205,0.10573725,0.2202653,1.1175967,1.1177922,0.0,0.0,0.0,0.0,0.0,0.0,0.0,0.0,12.458602,0.0,0.0,nan,0.0,0.0,0.091037594,0.0025117646,0.0025060817,0.0025047853,0.0,0.0,0.0,0.0,0.0,0.0
83648000,83568000,0.105457775,0.105632566,0.220235,1.1175871,1.1177914,0.0,0.0,0.0,0.0,0.0,0.0,0.0,0.0,12.46091,0.0,0.0,nan,0.0,0.0,0.091037594,0.0025118783,0.0025082405,0.0025073495,0.0,0.0,0.0,0.0,0.0,0.0
84144000,84064000,0.10545525,0.106263034,0.22018702,1.1175755,1.1177851,0.0,0.0,0.0,0.0,0.0,0.0,0.0,0.0,12.46316,0.0,0.0,nan,0.0,0.0,0.091037594,0.002512096,0.002509895,0.0025092538,0.0,0.0,0.0,0.0,0.0,0.0
84648000,84568000,0.10545986,0.10735348,0.22028704,1.1175743,1.1177797,0.0,0.0,0.0,0.0,0.0,0.0,0.0,0.0,12.467098,0.0,0.0,nan,0.0,0.0,0.091037594,0.0025123395,0.0025095753,0.0025089243,0.0,0.0,0.0,0.0,0.0,0.0
85144000,85064000,0.105472445,0.108685926,0.22018261,1.117554,1.1178223,0.0,0.0,0.0,0.0,0.0,0.0,0.0,0.0,12.469263,0.0,0.0,nan,0.0,0.0,0.091037594,0.0025125765,0.0025074983,0.0025065355,0.0,0.0,0.0,0.0,0.0,0.0
85648000,85568000,0.10548158,0.10820982,0.22029912,1.1175526,1.1179185,0.0,0.0,0.0,0.0,0.0,0.0,0.0,0.0,12.463337,0.0,0.0,nan,0.0,0.0,0.091037594,0.0025127607,0.0025055117,0.0025041257,0.0,0.0,0.0,0.0,0.0,0.0
86144000,86064000,0.10547501,0.10718011,0.22025988,1.1175461,1.1180502,0.0,0.0,0.0,0.0,0.0,0.0,0.0,0.0,12.465318,0.0,0.0,nan,0.0,0.0,0.091037594,0.0025128946,0.0025058931,0.0025039164,0.0,0.0,0.0,0.0,0.0,0.0
86648000,86568000,0.10546165,0.10613465,0.22021224,1.1175411,1.1181829,0.0,0.0,0.0,0.0,0.0,0.0,0.0,0.0,12.467296,0.0,0.0,nan,0.0,0.0,0.091037594,0.0025129355,0.0025083316,0.0025059206,0.0,0.0,0.0,0.0,0.0,0.0
87144000,87064000,0.10546537,0.10572758,0.22025803,1.1175418,1.1182628,0.0,0.0,0.0,0.0,0.0,0.0,0.0,0.0,12.460203,0.0,0.0,nan,0.0,0.0,0.091037594,0.0025128592,0.00251072,0.0025081148,0.0,0.0,0.0,0.0,0.0,0.0
87648000,87568000,0.10546396,0.10631521,0.2202076,1.1175396,1.1181715,0.0,0.0,0.0,0.0,0.0,0.0,0.0,0.0,12.462229,0.0,0.0,nan,0.0,0.0,0.091037594,0.0025123563,0.0025108722,0.0025084626,0.0,0.0,0.0,0.0,0.0,0.0
88144000,88064000,0.105481535,0.106922954,0.2201613,1.1175424,1.1180298,0.0,0.0,0.0,0.0,0.0,0.0,0.0,0.0,12.465246,0.0,0.0,nan,0.0,0.0,0.091037594,0.0025120438,0.0025090345,0.002506715,0.0,0.0,0.0,0.0,0.0,0.0
88648000,88568000,0.10549347,0.10710072,0.22028004,1.1175374,1.117888,0.0,0.0,0.0,0.0,0.0,0.0,0.0,0.0,12.46726,0.0,0.0,nan,0.0,0.0,0.091037594,0.002511764,0.0025064615,0.0025043506,0.0,0.0,0.0,0.0,0.0,0.0
89144000,89064000,0.1055111,0.10611163,0.2202188,1.1175381,1.1177438,0.0,0.0,0.0,0.0,0.0,0.0,0.0,0.0,12.469285,0.0,0.0,nan,0.0,0.0,0.091037594,0.002511581,0.0025053257,0.002503581,0.0,0.0,0.0,0.0,0.0,0.0
89648000,89568000,0.10548978,0.105641924,0.2203354,1.117539,1.1177386,0.0,0.0,0.0,0.0,0.0,0.0,0.0,0.0,12.4639435,0.0,0.0,nan,0.0,0.0,0.091037594,0.002511354,0.0025062903,0.0025051257,0.0,0.0,0.0,0.0,0.0,0.0
90144000,90064000,0.10541888,0.105694085,0.22023275,1.11716,1.1173617,0.0,0.0,0.0,0.0,0.0,0.0,0.0,0.0,12.465857,0.0,0.0,nan,0.0,0.0,0.091037594,0.0025115153,0.0025082482,0.0025074459,0.0,0.0,0.0,0.0,0.0,0.0
90648000,90568000,0.1054912,0.10654621,0.22022827,1.1175978,1.1178039,0.0,0.0,0.0,0.0,0.0,0.0,0.0,0.0,12.466857,0.0,0.0,nan,0.0,0.0,0.091037594,0.002511764,0.0025092608,0.0025086254,0.0,0.0,0.0,0.0,0.0,0.0
91148000,91064000,0.10542887,0.108287275,0.22009371,1.1172006,1.1174259,0.0,0.0,0.0,0.0,0.0,0.0,0.0,0.0,12.466982,0.0,0.0,nan,0.0,0.0,0.091037594,0.0025119875,0.002507949,0.0025072196,0.0,0.0,0.0,0.0,0.0,0.0
91640000,91552000,0.10544677,0.10841618,0.220082,1.1172429,1.1175334,0.0,0.0,0.0,0.0,0.0,0.0,0.0,0.0,12.460927,0.0,0.0,nan,0.0,0.0,0.091037594,0.0025121889,0.002506168,0.002505109,0.0,0.0,0.0,0.0,0.0,0.0
92144000,92056000,0.10546609,0.10779745,0.22022596,1.1172886,1.1176867,0.0,0.0,0.0,0.0,0.0,0.0,0.0,0.0,12.463198,0.0,0.0,nan,0.0,0.0,0.091037594,0.0025123945,0.0025051509,0.0025034288,0.0,0.0,0.0,0.0,0.0,0.0
92648000,92560000,0.10545773,0.10678439,0.22021255,1.1173245,1.1178597,0.0,0.0,0.0,0.0,0.0,0.0,0.0,0.0,12.465956,0.0,0.0,nan,0.0,0.0,0.091037594,0.002512511,0.002506639,0.0025043725,0.0,0.0,0.0,0.0,0.0,0.0
93144000,93056000,0.10539697,0.10550078,0.22025499,1.1170027,1.1177098,0.0,0.0,0.0,0.0,0.0,0.0,0.0,0.0,12.458868,0.0,0.0,nan,0.0,0.0,0.091037594,0.0025123672,0.002508897,0.0025065127,0.0,0.0,0.0,0.0,0.0,0.0
93640000,93552000,0.105488494,0.105850935,0.22027215,1.1174642,1.1181505,0.0,0.0,0.0,0.0,0.0,0.0,0.0,0.0,12.460202,0.0,0.0,nan,0.0,0.0,0.091037594,0.0025121758,0.0025100978,0.0025076342,0.0,0.0,0.0,0.0,0.0,0.0
94144000,94056000,0.10548973,0.10642847,0.22024181,1.117479,1.1180648,0.0,0.0,0.0,0.0,0.0,0.0,0.0,0.0,12.462592,0.0,0.0,nan,0.0,0.0,0.091037594,0.0025119185,0.0025095618,0.0025071255,0.0,0.0,0.0,0.0,0.0,0.0
94640000,94552000,0.10543969,0.10684844,0.2201675,1.1171101,1.1175609,0.0,0.0,0.0,0.0,0.0,0.0,0.0,0.0,12.465453,0.0,0.0,nan,0.0,0.0,0.091037594,0.0025116277,0.0025073949,0.0025051096,0.0,0.0,0.0,0.0,0.0,0.0
95144000,95056000,0.105522215,0.106562026,0.22018415,1.1175556,1.1177969,0.0,0.0,0.0,0.0,0.0,0.0,0.0,0.0,12.467869,0.0,0.0,nan,0.0,0.0,0.091037594,0.002511413,0.0025054477,0.0025034465,0.0,0.0,0.0,0.0,0.0,0.0
95640000,95552000,0.10551409,0.10597164,0.220312,1.1175632,1.117768,0.0,0.0,0.0,0.0,0.0,0.0,0.0,0.0,12.461622,0.0,0.0,nan,0.0,0.0,0.091037594,0.0025110529,0.002505243,0.0025038174,0.0,0.0,0.0,0.0,0.0,0.0
96144000,96056000,0.105493985,0.1056256,0.22027773,1.1175618,1.1177645,0.0,0.0,0.0,0.0,0.0,0.0,0.0,0.0,12.463895,0.0,0.0,nan,0.0,0.0,0.091037594,0.0025111472,0.002506837,0.0025058303,0.0,0.0,0.0,0.0,0.0,0.0
96648000,96560000,0.10549832,0.105846,0.22022636,1.1175663,1.1177722,0.0,0.0,0.0,0.0,0.0,0.0,0.0,0.0,12.466485,0.0,0.0,nan,0.0,0.0,0.091037594,0.0025113397,0.0025083073,0.0025075783,0.0,0.0,0.0,0.0,0.0,0.0
97144000,97056000,0.10548766,0.107388765,0.22027224,1.1175683,1.117778,0.0,0.0,0.0,0.0,0.0,0.0,0.0,0.0,12.459918,0.0,0.0,nan,0.0,0.0,0.091037594,0.0025115462,0.002508139,0.0025074831,0.0,0.0,0.0,0.0,0.0,0.0
97648000,97560000,0.10548915,0.10789788,0.22023106,1.1175601,1.1177979,0.0,0.0,0.0,0.0,0.0,0.0,0.0,0.0,12.461408,0.0,0.0,nan,0.0,0.0,0.091037594,0.0025118126,0.002506595,0.0025056635,0.0,0.0,0.0,0.0,0.0,0.0
98144000,98056000,0.10549452,0.10778434,0.22020055,1.1175518,1.1178565,0.0,0.0,0.0,0.0,0.0,0.0,0.0,0.0,12.464591,0.0,0.0,nan,0.0,0.0,0.091037594,0.0025120378,0.0025051236,0.002503689,0.0,0.0,0.0,0.0,0.0,0.0
98640000,98552000,0.105505005,0.10712106,0.2201739,1.117552,1.1179547,0.0,0.0,0.0,0.0,0.0,0.0,0.0,0.0,12.466137,0.0,0.0,nan,0.0,0.0,0.091037594,0.002512191,0.0025053853,0.002503361,0.0,0.0,0.0,0.0,0.0,0.0
99144000,99056000,0.10549431,0.1056903,0.22026879,1.1175511,1.1181508,0.0,0.0,0.0,0.0,0.0,0.0,0.0,0.0,12.4599085,0.0,0.0,nan,0.0,0.0,0.091037594,0.002512149,0.0025071318,0.0025048598,0.0,0.0,0.0,0.0,0.0,0.0
99648000,99560000,0.1054901,0.10564765,0.2202253,1.1175481,1.1181747,0.0,0.0,0.0,0.0,0.0,0.0,0.0,0.0,12.46206,0.0,0.0,nan,0.0,0.0,0.091037594,0.002512035,0.002509186,0.0025067104,0.0,0.0,0.0,0.0,0.0,0.0
100144000,100056000,0.104001164,0.10479019,0.21950868,1.1084241,1.108961,0.0,0.0,0.0,0.0,0.0,0.0,0.0,0.0,12.464168,0.0,0.0,nan,0.0,0.0,0.091037594,0.0025118324,0.0025097015,0.002507186,0.0,0.0,0.0,0.0,0.0,0.0
100640000,100552000,0.10435518,0.10568245,0.21957201,1.1095654,1.1099575,0.0,0.0,0.0,0.0,0.0,0.0,0.0,0.0,12.4591675,0.0,0.0,nan,0.0,0.0,0.091037594,0.002511307,0.0025083646,0.0025060643,0.0,0.0,0.0,0.0,0.0,0.0
101144000,101056000,0.10464171,0.106122,0.21978085,1.1106185,1.1108916,0.0,0.0,0.0,0.0,0.0,0.0,0.0,0.0,12.461405,0.0,0.0,nan,0.0,0.0,0.091037594,0.0025110878,0.0025060698,0.002503951,0.0,0.0,0.0,0.0,0.0,0.0
101640000,101552000,0.104868814,0.10601179,0.21983957,1.1115813,1.1117873,0.0,0.0,0.0,0.0,0.0,0.0,0.0,0.0,12.463673,0.0,0.0,nan,0.0,0.0,0.091037594,0.0025109514,0.002504897,0.002503124,0.0,0.0,0.0,0.0,0.0,0.0
102148000,102068000,0.10524138,0.10538844,0.22011325,1.113638,1.1138396,0.0,0.0,0.0,0.0,0.0,0.0,0.0,0.0,12.458492,0.0,0.0,nan,0.0,0.0,0.091037594,0.0025109106,0.002505615,0.0025042896,0.0,0.0,0.0,0.0,0.0,0.0
102644000,102564000,0.10531805,0.10559295,0.22012487,1.1143341,1.1145496,0.0,0.0,0.0,0.0,0.0,0.0,0.0,0.0,12.4605875,0.0,0.0,nan,0.0,0.0,0.091037594,0.0025108797,0.0025071397,0.002506305,0.0,0.0,0.0,0.0,0.0,0.0
103148000,103068000,0.105386004,0.10632498,0.22012307,1.1149206,1.1151353,0.0,0.0,0.0,0.0,0.0,0.0,0.0,0.0,12.46165,0.0,0.0,nan,0.0,0.0,0.091037594,0.0025111448,0.0025081828,0.0025075392,0.0,0.0,0.0,0.0,0.0,0.0
103644000,103564000,0.105355896,0.107155986,0.22006503,1.1150188,1.1152301,0.0,0.0,0.0,0.0,0.0,0.0,0.0,0.0,12.4640875,0.0,0.0,nan,0.0,0.0,0.091037594,0.0025113914,0.0025073655,0.0025065872,0.0,0.0,0.0,0.0,0.0,0.0
104148000,104068000,0.10547915,0.10793739,0.22025071,1.1161852,1.1164691,0.0,0.0,0.0,0.0,0.0,0.0,0.0,0.0,12.459453,0.0,0.0,nan,0.0,0.0,0.091037594,0.002511598,0.00250557,0.002504486,0.0,0.0,0.0,0.0,0.0,0.0
104644000,104564000,0.10541902,0.10729644,0.22018859,1.1160656,1.1164364,0.0,0.0,0.0,0.0,0.0,0.0,0.0,0.0,12.460317,0.0,0.0,nan,0.0,0.0,0.091037594,0.0025118021,0.0025047262,0.0025030922,0.0,0.0,0.0,0.0,0.0,0.0
105148000,105068000,0.10548712,0.10650293,0.22023202,1.1167256,1.1172227,0.0,0.0,0.0,0.0,0.0,0.0,0.0,0.0,12.464288,0.0,0.0,nan,0.0,0.0,0.091037594,0.0025119295,0.0025057986,0.0025036114,0.0,0.0,0.0,0.0,0.0,0.0
105644000,105564000,0.10541521,0.1057374,0.22015738,1.1165202,1.1171031,0.0,0.0,0.0,0.0,0.0,0.0,0.0,0.0,12.465284,0.0,0.0,nan,0.0,0.0,0.091037594,0.0025119667,0.0025079965,0.0025054442,0.0,0.0,0.0,0.0,0.0,0.0
106148000,106068000,0.10549492,0.1059071,0.22028483,1.1172609,1.1178665,0.0,0.0,0.0,0.0,0.0,0.0,0.0,0.0,12.460481,0.0,0.0,nan,0.0,0.0,0.091037594,0.0025118687,0.002509326,0.0025066566,0.0,0.0,0.0,0.0,0.0,0.0
106644000,106564000,0.105485715,0.10643511,0.22023213,1.1173457,1.1178575,0.0,0.0,0.0,0.0,0.0,0.0,0.0,0.0,12.461289,0.0,0.0,nan,0.0,0.0,0.091037594,0.0025113635,0.0025088165,0.0025063776,0.0,0.0,0.0,0.0,0.0,0.0
107148000,107068000,0.105472915,0.1068064,0.22019571,1.1174011,1.1177994,0.0,0.0,0.0,0.0,0.0,0.0,0.0,0.0,12.46394,0.0,0.0,nan,0.0,0.0,0.091037594,0.0025111102,0.0025070095,0.002504696,0.0,0.0,0.0,0.0,0.0,0.0
107644000,107564000,0.105415665,0.10671553,0.22027129,1.1170605,1.117357,0.0,0.0,0.0,0.0,0.0,0.0,0.0,0.0,12.466209,0.0,0.0,nan,0.0,0.0,0.091037594,0.0025109148,0.0025052056,0.002503158,0.0,0.0,0.0,0.0,0.0,0.0
108148000,108068000,0.10547633,0.10582024,0.2202594,1.1175425,1.1177522,0.0,0.0,0.0,0.0,0.0,0.0,0.0,0.0,12.468439,0.0,0.0,nan,0.0,0.0,0.091037594,0.0025108082,0.0025049066,0.0025033026,0.0,0.0,0.0,0.0,0.0,0.0
108644000,108564000,0.10545867,0.105576515,0.22021236,1.1175591,1.1177669,0.0,0.0,0.0,0.0,0.0,0.0,0.0,0.0,12.462021,0.0,0.0,nan,0.0,0.0,0.091037594,0.002510666,0.0025060289,0.0025049963,0.0,0.0,0.0,0.0,0.0,0.0
109148000,109068000,0.105382346,0.105805196,0.22026531,1.1171747,1.1173851,0.0,0.0,0.0,0.0,0.0,0.0,0.0,0.0,12.463547,0.0,0.0,nan,0.0,0.0,0.091037594,0.002510858,0.0025075157,0.0025068028,0.0,0.0,0.0,0.0,0.0,0.0
109644000,109564000,0.1054562,0.106663406,0.22026576,1.1176132,1.1178257,0.0,0.0,0.0,0.0,0.0,0.0,0.0,0.0,12.466134,0.0,0.0,nan,0.0,0.0,0.091037594,0.002511075,0.0025077928,0.0025071509,0.0,0.0,0.0,0.0,0.0,0.0
110148000,110068000,0.10546322,0.10796402,0.22017354,1.1175945,1.1178434,0.0,0.0,0.0,0.0,0.0,0.0,0.0,0.0,12.468412,0.0,0.0,nan,0.0,0.0,0.091037594,0.0025113309,0.0025066505,0.0025057804,0.0,0.0,0.0,0.0,0.0,0.0
110644000,110564000,0.10399917,0.106103584,0.21951927,1.1084591,1.1086354,0.0,0.0,0.0,0.0,0.0,0.0,0.0,0.0,12.462355,0.0,0.0,nan,0.0,0.0,0.091037594,0.002511553,0.0025049716,0.0025036747,0.0,0.0,0.0,0.0,0.0,0.0
111148000,111068000,0.10463543,0.105680525,0.21968934,1.1106448,1.1110107,0.0,0.0,0.0,0.0,0.0,0.0,0.0,0.0,12.464905,0.0,0.0,nan,0.0,0.0,0.091037594,0.0025117372,0.0025048188,0.0025029099,0.0,0.0,0.0,0.0,0.0,0.0
111644000,111564000,0.10484332,0.10521522,0.21989727,1.111606,1.1120837,0.0,0.0,0.0,0.0,0.0,0.0,0.0,0.0,12.458884,0.0,0.0,nan,0.0,0.0,0.091037594,0.0025117712,0.0025061667,0.002503924,0.0,0.0,0.0,0.0,0.0,0.0
112140000,112060000,0.10501398,0.10510984,0.2199341,1.1124797,1.1130165,0.0,0.0,0.0,0.0,0.0,0.0,0.0,0.0,12.46161,0.0,0.0,nan,0.0,0.0,0.091037594,0.0025117316,0.0025080482,0.002505539,0.0,0.0,0.0,0.0,0.0,0.0
112644000,112564000,0.105134785,0.105450265,0.21995775,1.1132519,1.1137822,0.0,0.0,0.0,0.0,0.0,0.0,0.0,0.0,12.462727,0.0,0.0,nan,0.0,0.0,0.091037594,0.002511591,0.0025088207,0.002506233,0.0,0.0,0.0,0.0,0.0,0.0
113140000,113060000,0.10530421,0.10653797,0.22013478,1.1145266,1.1148907,0.0,0.0,0.0,0.0,0.0,0.0,0.0,0.0,12.458356,0.0,0.0,nan,0.0,0.0,0.091037594,0.0025113693,0.0025079588,0.0025054282,0.0,0.0,0.0,0.0,0.0,0.0
113644000,113564000,0.10535794,0.10663037,0.22014144,1.115033,1.1153114,0.0,0.0,0.0,0.0,0.0,0.0,0.0,0.0,12.460618,0.0,0.0,nan,0.0,0.0,0.091037594,0.0025107937,0.0025056677,0.0025035252,0.0,0.0,0.0,0.0,0.0,0.0
114148000,114068000,0.105389275,0.1063057,0.22014351,1.1154673,1.1156926,0.0,0.0,0.0,0.0,0.0,0.0,0.0,0.0,12.46391,0.0,0.0,nan,0.0,0.0,0.091037594,0.002510672,0.0025046167,0.0025028263,0.0,0.0,0.0,0.0,0.0,0.0
114644000,114564000,0.105408505,0.10581833,0.22013582,1.115845,1.1160496,0.0,0.0,0.0,0.0,0.0,0.0,0.0,0.0,12.465586,0.0,0.0,nan,0.0,0.0,0.091037594,0.002510666,0.0025052843,0.002503985,0.0,0.0,0.0,0.0,0.0,0.0
115148000,115068000,0.10542215,0.105744615,0.22023375,1.1164243,1.1166366,0.0,0.0,0.0,0.0,0.0,0.0,0.0,0.0,12.459524,0.0,0.0,nan,0.0,0.0,0.091037594,0.0025106508,0.0025066747,0.0025058824,0.0,0.0,0.0,0.0,0.0,0.0
115644000,115564000,0.105428845,0.10643181,0.22018932,1.11664,1.116852,0.0,0.0,0.0,0.0,0.0,0.0,0.0,0.0,12.461755,0.0,0.0,nan,0.0,0.0,0.091037594,0.0025108359,0.0025074545,0.00250684,0.0,0.0,0.0,0.0,0.0,0.0
116148000,116068000,0.105436556,0.10725619,0.22029519,1.1168247,1.1170353,0.0,0.0,0.0,0.0,0.0,0.0,0.0,0.0,12.463937,0.0,0.0,nan,0.0,0.0,0.091037594,0.0025111176,0.002507022,0.0025063278,0.0,0.0,0.0,0.0,0.0,0.0
116644000,116564000,0.10544507,0.10780843,0.22024952,1.1169662,1.1171993,0.0,0.0,0.0,0.0,0.0,0.0,0.0,0.0,12.465098,0.0,0.0,nan,0.0,0.0,0.091037594,0.0025113663,0.0025055523,0.0025044712,0.0,0.0,0.0,0.0,0.0,0.0
117140000,117060000,0.1054642,0.107189104,0.2202015,1.1171776,1.1175635,0.0,0.0,0.0,0.0,0.0,0.0,0.0,0.0,12.467476,0.0,0.0,nan,0.0,0.0,0.091037594,0.0025115516,0.002504642,0.0025030633,0.0,0.0,0.0,0.0,0.0,0.0
117644000,117564000,0.105456665,0.10635631,0.22018233,1.1172514,1.117751,0.0,0.0,0.0,0.0,0.0,0.0,0.0,0.0,12.4613085,0.0,0.0,nan,0.0,0.0,0.091037594,0.0025116792,0.0025051865,0.002503084,0.0,0.0,0.0,0.0,0.0,0.0
118148000,118068000,0.10545614,0.105725124,0.22030593,1.1173185,1.1179051,0.0,0.0,0.0,0.0,0.0,0.0,0.0,0.0,12.463551,0.0,0.0,nan,0.0,0.0,0.091037594,0.002511719,0.0025070093,0.002504524,0.0,0.0,0.0,0.0,0.0,0.0
118644000,118564000,0.10545965,0.10557042,0.2202582,1.1173642,1.1179888,0.0,0.0,0.0,0.0,0.0,0.0,0.0,0.0,12.465745,0.0,0.0,nan,0.0,0.0,0.091037594,0.0025116366,0.002508229,0.0025056195,0.0,0.0,0.0,0.0,0.0,0.0
119148000,119068000,0.10546705,0.10634537,0.22015068,1.1174359,1.117933,0.0,0.0,0.0,0.0,0.0,0.0,0.0,0.0,12.468326,0.0,0.0,nan,0.0,0.0,0.091037594,0.0025114783,0.0025082808,0.0025056526,0.0,0.0,0.0,0.0,0.0,0.0
119644000,119564000,0.10547179,0.106645554,0.2202641,1.1174536,1.1178408,0.0,0.0,0.0,0.0,0.0,0.0,0.0,0.0,12.461567,0.0,0.0,nan,0.0,0.0,0.091037594,0.0025109025,0.002506651,0.0025043418,0.0,0.0,0.0,0.0,0.0,0.0
120148000,120068000,0.10548837,0.10658337,0.22022784,1.1174728,1.1177614,0.0,0.0,0.0,0.0,0.0,0.0,0.0,0.0,12.463987,0.0,0.0,nan,0.0,0.0,0.091037594,0.0025107206,0.0025050112,0.0025029504,0.0,0.0,0.0,0.0,0.0,0.0
120644000,120564000,0.10548284,0.10617267,0.22020252,1.1174821,1.1177123,0.0,0.0,0.0,0.0,0.0,0.0,0.0,0.0,12.466155,0.0,0.0,nan,0.0,0.0,0.091037594,0.0025106398,0.0025045702,0.0025029501,0.0,0.0,0.0,0.0,0.0,0.0
121148000,121068000,0.10546539,0.1055944,0.2202808,1.1175013,1.1177036,0.0,0.0,0.0,0.0,0.0,0.0,0.0,0.0,12.461129,0.0,0.0,nan,0.0,0.0,0.091037594,0.0025106536,0.0025055632,0.0025044146,0.0,0.0,0.0,0.0,0.0,0.0
121644000,121564000,0.105470754,0.105983615,0.22022781,1.1175027,1.1177073,0.0,0.0,0.0,0.0,0.0,0.0,0.0,0.0,12.461851,0.0,0.0,nan,0.0,0.0,0.091037594,0.0025106855,0.0025067464,0.0025060307,0.0,0.0,0.0,0.0,0.0,0.0
122140000,122060000,0.105482206,0.106745824,0.22017156,1.1175135,1.1177175,0.0,0.0,0.0,0.0,0.0,0.0,0.0,0.0,12.4639,0.0,0.0,nan,0.0,0.0,0.091037594,0.00251092,0.002507166,0.0025065523,0.0,0.0,0.0,0.0,0.0,0.0
122644000,122564000,0.10547745,0.107498124,0.2202752,1.1175133,1.1177307,0.0,0.0,0.0,0.0,0.0,0.0,0.0,0.0,12.465692,0.0,0.0,nan,0.0,0.0,0.091037594,0.002511194,0.0025061665,0.0025053169,0.0,0.0,0.0,0.0,0.0,0.0
123148000,123068000,0.10548946,0.10764139,0.22021353,1.1175135,1.1178492,0.0,0.0,0.0,0.0,0.0,0.0,0.0,0.0,12.459517,0.0,0.0,nan,0.0,0.0,0.091037594,0.0025114082,0.0025046826,0.0025034433,0.0,0.0,0.0,0.0,0.0,0.0
123644000,123564000,0.10548963,0.106963985,0.22019784,1.1175091,1.1179541,0.0,0.0,0.0,0.0,0.0,0.0,0.0,0.0,12.461698,0.0,0.0,nan,0.0,0.0,0.091037594,0.0025115756,0.002504454,0.0025026514,0.0,0.0,0.0,0.0,0.0,0.0
124148000,124068000,0.10547768,0.106168315,0.22017176,1.1175071,1.1180654,0.0,0.0,0.0,0.0,0.0,0.0,0.0,0.0,12.464218,0.0,0.0,nan,0.0,0.0,0.091037594,0.0025116748,0.0025056528,0.002503365,0.0,0.0,0.0,0.0,0.0,0.0
124644000,124564000,0.105477005,0.105660215,0.22013736,1.1175137,1.1181449,0.0,0.0,0.0,0.0,0.0,0.0,0.0,0.0,12.464543,0.0,0.0,nan,0.0,0.0,0.091037594,0.0025116722,0.0025073285,0.002504747,0.0,0.0,0.0,0.0,0.0,0.0
125148000,125068000,0.10547748,0.10597511,0.2200919,1.11751,1.118105,0.0,0.0,0.0,0.0,0.0,0.0,0.0,0.0,12.46622,0.0,0.0,nan,0.0,0.0,0.091037594,0.0025115758,0.0025081562,0.002505472,0.0,0.0,0.0,0.0,0.0,0.0
125644000,125564000,0.10548897,0.10642848,0.22022028,1.1175143,1.1180024,0.0,0.0,0.0,0.0,0.0,0.0,0.0,0.0,12.459937,0.0,0.0,nan,0.0,0.0,0.091037594,0.0025110554,0.0025072754,0.0025048517,0.0,0.0,0.0,0.0,0.0,0.0
126148000,126068000,0.10549155,0.10663926,0.2201958,1.1175102,1.1178855,0.0,0.0,0.0,0.0,0.0,0.0,0.0,0.0,12.4639845,0.0,0.0,nan,0.0,0.0,0.091037594,0.0025108259,0.002505687,0.00250344,0.0,0.0,0.0,0.0,0.0,0.0
126644000,126564000,0.105492346,0.10646036,0.2201731,1.117505,1.1177888,0.0,0.0,0.0,0.0,0.0,0.0,0.0,0.0,12.466291,0.0,0.0,nan,0.0,0.0,0.091037594,0.0025106736,0.002504517,0.0025026142,0.0,0.0,0.0,0.0,0.0,0.0
127148000,127068000,0.105474785,0.10564674,0.22026636,1.1175085,1.1177158,0.0,0.0,0.0,0.0,0.0,0.0,0.0,0.0,12.460064,0.0,0.0,nan,0.0,0.0,0.091037594,0.002510616,0.0025047755,0.0025033543,0.0,0.0,0.0,0.0,0.0,0.0
127644000,127564000,0.10546319,0.105648145,0.22022088,1.1175061,1.1177114,0.0,0.0,0.0,0.0,0.0,0.0,0.0,0.0,12.460931,0.0,0.0,nan,0.0,0.0,0.091037594,0.0025105304,0.0025058659,0.0025049848,0.0,0.0,0.0,0.0,0.0,0.0
128140000,128060000,0.10547133,0.106135815,0.22017145,1.117512,1.1177163,0.0,0.0,0.0,0.0,0.0,0.0,0.0,0.0,12.463167,0.0,0.0,nan,0.0,0.0,0.091037594,0.0025107474,0.002506823,0.0025061765,0.0,0.0,0.0,0.0,0.0,0.0
128644000,128564000,0.105464034,0.10687509,0.22027266,1.1175102,1.1177201,0.0,0.0,0.0,0.0,0.0,0.0,0.0,0.0,12.467094,0.0,0.0,nan,0.0,0.0,0.091037594,0.002511002,0.002506652,0.0025059737,0.0,0.0,0.0,0.0,0.0,0.0
129140000,129060000,0.10547404,0.107674606,0.2201818,1.1175077,1.1177896,0.0,0.0,0.0,0.0,0.0,0.0,0.0,0.0,12.467194,0.0,0.0,nan,0.0,0.0,0.091037594,0.00251125,0.0025055124,0.0025045092,0.0,0.0,0.0,0.0,0.0,0.0
129644000,129564000,0.10547908,0.107315026,0.22016571,1.1175008,1.1178708,0.0,0.0,0.0,0.0,0.0,0.0,0.0,0.0,12.461059,0.0,0.0,nan,0.0,0.0,0.091037594,0.0025114538,0.002504346,0.002502904,0.0,0.0,0.0,0.0,0.0,0.0
130140000,130060000,0.10548785,0.10660517,0.22015184,1.1175042,1.1179785,0.0,0.0,0.0,0.0,0.0,0.0,0.0,0.0,12.462039,0.0,0.0,nan,0.0,0.0,0.091037594,0.002511597,0.002504653,0.0025026503,0.0,0.0,0.0,0.0,0.0,0.0
130644000,130564000,0.10547048,0.10590671,0.22028783,1.1175028,1.1180781,0.0,0.0,0.0,0.0,0.0,0.0,0.0,0.0,12.466142,0.0,0.0,nan,0.0,0.0,0.091037594,0.0025116643,0.0025061434,0.0025037057,0.0,0.0,0.0,0.0,0.0,0.0
131140000,131060000,0.10546912,0.10571754,0.22020295,1.1175065,1.1181241,0.0,0.0,0.0,0.0,0.0,0.0,0.0,0.0,12.468452,0.0,0.0,nan,0.0,0.0,0.091037594,0.002511401,0.002507483,0.0025050016,0.0,0.0,0.0,0.0,0.0,0.0
131644000,131564000,0.10546266,0.10613943,0.22030513,1.1175044,1.1180509,0.0,0.0,0.0,0.0,0.0,0.0,0.0,0.0,12.462691,0.0,0.0,nan,0.0,0.0,0.091037594,0.0025111912,0.0025076368,0.0025051225,0.0,0.0,0.0,0.0,0.0,0.0
132140000,132060000,0.105464935,0.10654087,0.2202541,1.1174991,1.1179396,0.0,0.0,0.0,0.0,0.0,0.0,0.0,0.0,12.4627495,0.0,0.0,nan,0.0,0.0,0.091037594,0.0025109574,0.00250641,0.0025039976,0.0,0.0,0.0,0.0,0.0,0.0
132644000,132564000,0.10547944,0.10664884,0.22022465,1.1175008,1.1178321,0.0,0.0,0.0,0.0,0.0,0.0,0.0,0.0,12.466762,0.0,0.0,nan,0.0,0.0,0.091037594,0.0025107474,0.002504917,0.002502767,0.0,0.0,0.0,0.0,0.0,0.0
133140000,133060000,0.10548944,0.10590507,0.22033241,1.1175,1.1177149,0.0,0.0,0.0,0.0,0.0,0.0,0.0,0.0,12.460142,0.0,0.0,nan,0.0,0.0,0.091037594,0.0025103707,0.0025042354,0.0025026712,0.0,0.0,0.0,0.0,0.0,0.0
133644000,133564000,0.10547094,0.1055969,0.22029161,1.1174992,1.1177049,0.0,0.0,0.0,0.0,0.0,0.0,0.0,0.0,12.462193,0.0,0.0,nan,0.0,0.0,0.091037594,0.002510437,0.002505115,0.0025040156,0.0,0.0,0.0,0.0,0.0,0.0
134148000,134068000,0.10545369,0.105737135,0.22023964,1.117499,1.1177061,0.0,0.0,0.0,0.0,0.0,0.0,0.0,0.0,12.464653,0.0,0.0,nan,0.0,0.0,0.091037594,0.0025105954,0.0025063544,0.0025056168,0.0,0.0,0.0,0.0,0.0,0.0
134644000,134564000,0.1054527,0.10633584,0.22018516,1.1175059,1.117712,0.0,0.0,0.0,0.0,0.0,0.0,0.0,0.0,12.465481,0.0,0.0,nan,0.0,0.0,0.091037594,0.0025108152,0.0025067981,0.0025061793,0.0,0.0,0.0,0.0,0.0,0.0
135140000,135060000,0.10544682,0.10763778,0.22025532,1.1174966,1.1177387,0.0,0.0,0.0,0.0,0.0,0.0,0.0,0.0,12.459364,0.0,0.0,nan,0.0,0.0,0.091037594,0.002511037,0.0025061,0.0025053136,0.0,0.0,0.0,0.0,0.0,0.0
135644000,135564000,0.10545732,0.10765784,0.22022595,1.1174974,1.1177988,0.0,0.0,0.0,0.0,0.0,0.0,0.0,0.0,12.4608345,0.0,0.0,nan,0.0,0.0,0.091037594,0.0025112643,0.0025047224,0.0025035779,0.0,0.0,0.0,0.0,0.0,0.0
136140000,136060000,0.105456926,0.107159026,0.22020815,1.1174908,1.1178895,0.0,0.0,0.0,0.0,0.0,0.0,0.0,0.0,12.463389,0.0,0.0,nan,0.0,0.0,0.091037594,0.0025114645,0.0025042584,0.0025025245,0.0,0.0,0.0,0.0,0.0,0.0
136644000,136564000,0.10544723,0.10639861,0.22018981,1.1174865,1.1179975,0.0,0.0,0.0,0.0,0.0,0.0,0.0,0.0,12.464413,0.0,0.0,nan,0.0,0.0,0.091037594,0.0025115917,0.0025051744,0.0025029085,0.0,0.0,0.0,0.0,0.0,0.0
137140000,137060000,0.10544329,0.10554767,0.22013688,1.1174878,1.1181291,0.0,0.0,0.0,0.0,0.0,0.0,0.0,0.0,12.467222,0.0,0.0,nan,0.0,0.0,0.091037594,0.002511637,0.0025067478,0.0025041278,0.0,0.0,0.0,0.0,0.0,0.0
137644000,137564000,0.10545336,0.10576317,0.22025143,1.1174937,1.1181031,0.0,0.0,0.0,0.0,0.0,0.0,0.0,0.0,12.461095,0.0,0.0,nan,0.0,0.0,0.091037594,0.0025113274,0.0025074556,0.0025049166,0.0,0.0,0.0,0.0,0.0,0.0
138140000,138060000,0.10545154,0.10618179,0.22021753,1.1174903,1.1180179,0.0,0.0,0.0,0.0,0.0,0.0,0.0,0.0,12.462836,0.0,0.0,nan,0.0,0.0,0.091037594,0.0025111265,0.0025070182,0.0025045,0.0,0.0,0.0,0.0,0.0,0.0
138648000,138564000,0.10546357,0.10650644,0.2201913,1.1174935,1.1179075,0.0,0.0,0.0,0.0,0.0,0.0,0.0,0.0,12.465626,0.0,0.0,nan,0.0,0.0,0.091037594,0.0025109104,0.0025056028,0.0025032526,0.0,0.0,0.0,0.0,0.0,0.0
139144000,139060000,0.10545839,0.106118746,0.22016662,1.1174836,1.1177318,0.0,0.0,0.0,0.0,0.0,0.0,0.0,0.0,12.466802,0.0,0.0,nan,0.0,0.0,0.091037594,0.002510753,0.002504484,0.0025024759,0.0,0.0,0.0,0.0,0.0,0.0
139648000,139564000,0.10545491,0.105714396,0.22030346,1.1174889,1.1177021,0.0,0.0,0.0,0.0,0.0,0.0,0.0,0.0,12.460372,0.0,0.0,nan,0.0,0.0,0.091037594,0.0025104408,0.0025044244,0.0025030451,0.0,0.0,0.0,0.0,0.0,0.0
140144000,140060000,0.10543502,0.105555974,0.22026746,1.1174873,1.1176927,0.0,0.0,0.0,0.0,0.0,0.0,0.0,0.0,12.464354,0.0,0.0,nan,0.0,0.0,0.091037594,0.0025105474,0.0025055066,0.0025045655,0.0,0.0,0.0,0.0,0.0,0.0
140640000,140556000,0.10536892,0.1057886,0.22016647,1.1171083,1.1173096,0.0,0.0,0.0,0.0,0.0,0.0,0.0,0.0,12.465282,0.0,0.0,nan,0.0,0.0,0.091037594,0.0025107395,0.0025064645,0.002505799,0.0,0.0,0.0,0.0,0.0,0.0
141144000,141060000,0.105440445,0.10729968,0.22026965,1.1175417,1.1177611,0.0,0.0,0.0,0.0,0.0,0.0,0.0,0.0,12.46043,0.0,0.0,nan,0.0,0.0,0.091037594,0.0025109404,0.0025062652,0.0025056528,0.0,0.0,0.0,0.0,0.0,0.0
141648000,141564000,0.10544147,0.10771086,0.22022621,1.1175292,1.1177909,0.0,0.0,0.0,0.0,0.0,0.0,0.0,0.0,12.461263,0.0,0.0,nan,0.0,0.0,0.091037594,0.0025111984,0.002505228,0.0025043096,0.0,0.0,0.0,0.0,0.0,0.0
142144000,142060000,0.10545155,0.10757158,0.2201909,1.1175249,1.1178609,0.0,0.0,0.0,0.0,0.0,0.0,0.0,0.0,12.463394,0.0,0.0,nan,0.0,0.0,0.091037594,0.002511393,0.0025043369,0.002502975,0.0,0.0,0.0,0.0,0.0,0.0
142640000,142556000,0.10545573,0.106969014,0.2203147,1.1175126,1.1179565,0.0,0.0,0.0,0.0,0.0,0.0,0.0,0.0,12.467252,0.0,0.0,nan,0.0,0.0,0.091037594,0.0025115737,0.0025044214,0.0025024477,0.0,0.0,0.0,0.0,0.0,0.0
143144000,143060000,0.10544423,0.10566598,0.22023804,1.1175073,1.1181418,0.0,0.0,0.0,0.0,0.0,0.0,0.0,0.0,12.459633,0.0,0.0,nan,0.0,0.0,0.091037594,0.0025115646,0.0025056635,0.00250335,0.0,0.0,0.0,0.0,0.0,0.0
143648000,143564000,0.10544815,0.1055696,0.22019425,1.1175008,1.1181593,0.0,0.0,0.0,0.0,0.0,0.0,0.0,0.0,12.461777,0.0,0.0,nan,0.0,0.0,0.091037594,0.002511495,0.0025069711,0.0025044295,0.0,0.0,0.0,0.0,0.0,0.0
144144000,144060000,0.10546395,0.10587008,0.22029965,1.1175047,1.1181118,0.0,0.0,0.0,0.0,0.0,0.0,0.0,0.0,12.463228,0.0,0.0,nan,0.0,0.0,0.091037594,0.0025113313,0.00250718,0.0025045953,0.0,0.0,0.0,0.0,0.0,0.0
144640000,144556000,0.105466075,0.10627589,0.22010623,1.1174995,1.1180108,0.0,0.0,0.0,0.0,0.0,0.0,0.0,0.0,12.465897,0.0,0.0,nan,0.0,0.0,0.091037594,0.0025110976,0.002506432,0.0025039385,0.0,0.0,0.0,0.0,0.0,0.0
145144000,145060000,0.10549071,0.10640883,0.22021382,1.1174945,1.1177945,0.0,0.0,0.0,0.0,0.0,0.0,0.0,0.0,12.466792,0.0,0.0,nan,0.0,0.0,0.091037594,0.0025108955,0.0025050566,0.0025027858,0.0,0.0,0.0,0.0,0.0,0.0
145648000,145564000,0.105430044,0.10597132,0.2201528,1.1171051,1.117345,0.0,0.0,0.0,0.0,0.0,0.0,0.0,0.0,12.460707,0.0,0.0,nan,0.0,0.0,0.091037594,0.0025104585,0.0025041117,0.0025024142,0.0,0.0,0.0,0.0,0.0,0.0
146144000,146060000,0.10550218,0.10568377,0.22018598,1.117552,1.1177622,0.0,0.0,0.0,0.0,0.0,0.0,0.0,0.0,12.46336,0.0,0.0,nan,0.0,0.0,0.091037594,0.0025104918,0.0025046477,0.0025034216,0.0,0.0,0.0,0.0,0.0,0.0
146648000,146564000,0.10543319,0.105589695,0.22025955,1.1171587,1.1173608,0.0,0.0,0.0,0.0,0.0,0.0,0.0,0.0,12.465734,0.0,0.0,nan,0.0,0.0,0.091037594,0.0025106259,0.0025057453,0.0025049187,0.0,0.0,0.0,0.0,0.0,0.0
147144000,147060000,0.105434716,0.1066964,0.2201657,1.1172049,1.1174115,0.0,0.0,0.0,0.0,0.0,0.0,0.0,0.0,12.467328,0.0,0.0,nan,0.0,0.0,0.091037594,0.0025108277,0.0025063583,0.0025057152,0.0,0.0,0.0,0.0,0.0,0.0
147648000,147564000,0.10550296,0.10743371,0.22017403,1.1176322,1.1178654,0.0,0.0,0.0,0.0,0.0,0.0,0.0,0.0,12.461776,0.0,0.0,nan,0.0,0.0,0.091037594,0.0025110354,0.0025057425,0.0025050326,0.0,0.0,0.0,0.0,0.0,0.0
148144000,148060000,0.10544649,0.10758711,0.22023913,1.1172334,1.1175092,0.0,0.0,0.0,0.0,0.0,0.0,0.0,0.0,12.463932,0.0,0.0,nan,0.0,0.0,0.091037594,0.002511284,0.0025047064,0.0025036049,0.0,0.0,0.0,0.0,0.0,0.0
148648000,148564000,0.10552546,0.107402444,0.22026119,1.1176534,1.1180235,0.0,0.0,0.0,0.0,0.0,0.0,0.0,0.0,12.465861,0.0,0.0,nan,0.0,0.0,0.091037594,0.0025114801,0.0025041595,0.0025024905,0.0,0.0,0.0,0.0,0.0,0.0
149144000,149060000,0.105468735,0.10599971,0.22016871,1.1172863,1.1178542,0.0,0.0,0.0,0.0,0.0,0.0,0.0,0.0,12.466867,0.0,0.0,nan,0.0,0.0,0.091037594,0.0025116187,0.0025048347,0.0025026032,0.0,0.0,0.0,0.0,0.0,0.0
149648000,149564000,0.10553714,0.1056741,0.22018544,1.1177042,1.1183448,0.0,0.0,0.0,0.0,0.0,0.0,0.0,0.0,12.461398,0.0,0.0,nan,0.0,0.0,0.091037594,0.002511558,0.0025062275,0.0025037592,0.0,0.0,0.0,0.0,0.0,0.0
150144000,150060000,0.105532475,0.10571669,0.22029811,1.1176779,1.1183194,0.0,0.0,0.0,0.0,0.0,0.0,0.0,0.0,12.463024,0.0,0.0,nan,0.0,0.0,0.091037594,0.00251144,0.002507042,0.002504446,0.0,0.0,0.0,0.0,0.0,0.0
150648000,150564000,0.10552582,0.10605985,0.22025111,1.1176637,1.118236,0.0,0.0,0.0,0.0,0.0,0.0,0.0,0.0,12.465713,0.0,0.0,nan,0.0,0.0,0.091037594,0.00251125,0.002506797,0.0025042084,0.0,0.0,0.0,0.0,0.0,0.0
151144000,151060000,0.10550247,0.106504455,0.22018617,1.1176178,1.1179807,0.0,0.0,0.0,0.0,0.0,0.0,0.0,0.0,12.467366,0.0,0.0,nan,0.0,0.0,0.091037594,0.002511028,0.0025056116,0.0025031783,0.0,0.0,0.0,0.0,0.0,0.0
151648000,151564000,0.105496824,0.106276534,0.22016995,1.1176045,1.1178802,0.0,0.0,0.0,0.0,0.0,0.0,0.0,0.0,12.461232,0.0,0.0,nan,0.0,0.0,0.091037594,0.0025105064,0.0025042752,0.0025023436,0.0,0.0,0.0,0.0,0.0,0.0
152144000,152060000,0.105420865,0.10580772,0.22025838,1.1171993,1.1174271,0.0,0.0,0.0,0.0,0.0,0.0,0.0,0.0,12.463547,0.0,0.0,nan,0.0,0.0,0.091037594,0.0025104627,0.0025042193,0.0025027457,0.0,0.0,0.0,0.0,0.0,0.0
152648000,152564000,0.10547969,0.10560429,0.22028145,1.1176227,1.1178328,0.0,0.0,0.0,0.0,0.0,0.0,0.0,0.0,12.466873,0.0,0.0,nan,0.0,0.0,0.091037594,0.002510532,0.002505119,0.0025041068,0.0,0.0,0.0,0.0,0.0,0.0
153144000,153060000,0.1054734,0.10628562,0.22017702,1.1175922,1.1177981,0.0,0.0,0.0,0.0,0.0,0.0,0.0,0.0,12.468457,0.0,0.0,nan,0.0,0.0,0.091037594,0.00251069,0.0025060463,0.0025053462,0.0,0.0,0.0,0.0,0.0,0.0
153648000,153564000,0.1054668,0.10700925,0.22028482,1.117575,1.1177919,0.0,0.0,0.0,0.0,0.0,0.0,0.0,0.0,12.462192,0.0,0.0,nan,0.0,0.0,0.091037594,0.00251086,0.0025060389,0.0025054445,0.0,0.0,0.0,0.0,0.0,0.0
154144000,154060000,0.1054775,0.10755599,0.22023855,1.1175656,1.1178112,0.0,0.0,0.0,0.0,0.0,0.0,0.0,0.0,12.464372,0.0,0.0,nan,0.0,0.0,0.091037594,0.002511123,0.0025052023,0.002504344,0.0,0.0,0.0,0.0,0.0,0.0
154648000,154564000,0.10547771,0.107615754,0.22020032,1.1175492,1.1178601,0.0,0.0,0.0,0.0,0.0,0.0,0.0,0.0,12.4656105,0.0,0.0,nan,0.0,0.0,0.091037594,0.0025113455,0.0025042964,0.0025029525,0.0,0.0,0.0,0.0,0.0,0.0
155144000,155060000,0.105476625,0.10645644,0.22016725,1.1175308,1.1180459,0.0,0.0,0.0,0.0,0.0,0.0,0.0,0.0,12.465955,0.0,0.0,nan,0.0,0.0,0.091037594,0.0025115334,0.0025042861,0.0025023255,0.0,0.0,0.0,0.0,0.0,0.0
155648000,155564000,0.1054575,0.10581218,0.22015102,1.1175215,1.1181326,0.0,0.0,0.0,0.0,0.0,0.0,0.0,0.0,12.460055,0.0,0.0,nan,0.0,0.0,0.091037594,0.0025115563,0.0025051662,0.0025028992,0.0,0.0,0.0,0.0,0.0,0.0
156144000,156060000,0.10539659,0.1055003,0.22022955,1.1171358,1.1177807,0.0,0.0,0.0,0.0,0.0,0.0,0.0,0.0,12.4624815,0.0,0.0,nan,0.0,0.0,0.091037594,0.0025115216,0.0025064324,0.0025038982,0.0,0.0,0.0,0.0,0.0,0.0
156648000,156564000,0.10541069,0.10568159,0.22019489,1.1171818,1.1178063,0.0,0.0,0.0,0.0,0.0,0.0,0.0,0.0,12.464609,0.0,0.0,nan,0.0,0.0,0.091037594,0.0025114024,0.002506994,0.0025043308,0.0,0.0,0.0,0.0,0.0,0.0
157144000,157060000,0.1054801,0.10648144,0.22019292,1.1175963,1.1180279,0.0,0.0,0.0,0.0,0.0,0.0,0.0,0.0,12.465786,0.0,0.0,nan,0.0,0.0,0.091037594,0.002510825,0.0025060305,0.002503652,0.0,0.0,0.0,0.0,0.0,0.0
157648000,157564000,0.10548092,0.10649425,0.2201747,1.1175756,1.1179061,0.0,0.0,0.0,0.0,0.0,0.0,0.0,0.0,12.461177,0.0,0.0,nan,0.0,0.0,0.091037594,0.0025106173,0.002504792,0.0025026207,0.0,0.0,0.0,0.0,0.0,0.0
158144000,158060000,0.10547726,0.10618993,0.22031094,1.1175574,1.117816,0.0,0.0,0.0,0.0,0.0,0.0,0.0,0.0,12.463499,0.0,0.0,nan,0.0,0.0,0.091037594,0.002510489,0.002504085,0.0025023024,0.0,0.0,0.0,0.0,0.0,0.0
158648000,158564000,0.10547835,0.105786435,0.22028318,1.117551,1.1177689,0.0,0.0,0.0,0.0,0.0,0.0,0.0,0.0,12.466849,0.0,0.0,nan,0.0,0.0,0.091037594,0.0025104787,0.0025045,0.0025032111,0.0,0.0,0.0,0.0,0.0,0.0
159144000,159060000,0.10545717,0.10580535,0.22033808,1.1175292,1.1177347,0.0,0.0,0.0,0.0,0.0,0.0,0.0,0.0,12.460185,0.0,0.0,nan,0.0,0.0,0.091037594,0.0025105614,0.0025054766,0.0025046114,0.0,0.0,0.0,0.0,0.0,0.0
159648000,159564000,0.10539921,0.10633105,0.22022624,1.1171439,1.1173475,0.0,0.0,0.0,0.0,0.0,0.0,0.0,0.0,12.461619,0.0,0.0,nan,0.0,0.0,0.091037594,0.002510669,0.002505939,0.0025053374,0.0,0.0,0.0,0.0,0.0,0.0
160144000,160060000,0.10547611,0.107135735,0.22022386,1.117574,1.1177937,0.0,0.0,0.0,0.0,0.0,0.0,0.0,0.0,12.464125,0.0,0.0,nan,0.0,0.0,0.091037594,0.0025109125,0.002505629,0.0025049392,0.0,0.0,0.0,0.0,0.0,0.0
160648000,160568000,0.105481714,0.107567586,0.22018142,1.1175573,1.1178148,0.0,0.0,0.0,0.0,0.0,0.0,0.0,0.0,12.465983,0.0,0.0,nan,0.0,0.0,0.091037594,0.002511167,0.0025047015,0.0025036375,0.0,0.0,0.0,0.0,0.0,0.0
161144000,161064000,0.10553243,0.10700576,0.2202921,1.117678,1.1181061,0.0,0.0,0.0,0.0,0.0,0.0,0.0,0.0,12.459633,0.0,0.0,nan,0.0,0.0,0.091037594,0.0025113842,0.002504119,0.0025024824,0.0,0.0,0.0,0.0,0.0,0.0
161648000,161568000,0.105501,0.10627465,0.22026473,1.1176934,1.1182295,0.0,0.0,0.0,0.0,0.0,0.0,0.0,0.0,12.461793,0.0,0.0,nan,0.0,0.0,0.091037594,0.00251148,0.0025043732,0.0025023418,0.0,0.0,0.0,0.0,0.0,0.0
162144000,162064000,0.10548802,0.105734155,0.22022271,1.1176958,1.1183078,0.0,0.0,0.0,0.0,0.0,0.0,0.0,0.0,12.46389,0.0,0.0,nan,0.0,0.0,0.091037594,0.0025115209,0.0025056112,0.0025031837,0.0,0.0,0.0,0.0,0.0,0.0
162648000,162568000,0.105481975,0.10559607,0.22017084,1.1176783,1.1183197,0.0,0.0,0.0,0.0,0.0,0.0,0.0,0.0,12.465722,0.0,0.0,nan,0.0,0.0,0.091037594,0.0025114738,0.0025067644,0.002504092,0.0,0.0,0.0,0.0,0.0,0.0
163144000,163064000,0.10550502,0.10625614,0.22008882,1.1176405,1.1181525,0.0,0.0,0.0,0.0,0.0,0.0,0.0,0.0,12.46701,0.0,0.0,nan,0.0,0.0,0.091037594,0.002510976,0.0025064454,0.0025039827,0.0,0.0,0.0,0.0,0.0,0.0
163648000,163568000,0.105442435,0.10642328,0.22017065,1.1172318,1.1176397,0.0,0.0,0.0,0.0,0.0,0.0,0.0,0.0,12.460561,0.0,0.0,nan,0.0,0.0,0.091037594,0.0025107455,0.002505422,0.0025030815,0.0,0.0,0.0,0.0,0.0,0.0
164144000,164064000,0.10551648,0.10641858,0.22021082,1.1176492,1.1179597,0.0,0.0,0.0,0.0,0.0,0.0,0.0,0.0,12.46325,0.0,0.0,nan,0.0,0.0,0.091037594,0.0025105602,0.0025043243,0.0025022817,0.0,0.0,0.0,0.0,0.0,0.0
164648000,164568000,0.10545293,0.10600552,0.22014566,1.1172452,1.11749,0.0,0.0,0.0,0.0,0.0,0.0,0.0,0.0,12.464941,0.0,0.0,nan,0.0,0.0,0.091037594,0.0025104927,0.0025041355,0.0025025697,0.0,0.0,0.0,0.0,0.0,0.0
165144000,165064000,0.10545153,0.10559089,0.22025532,1.1173148,1.1175182,0.0,0.0,0.0,0.0,0.0,0.0,0.0,0.0,12.45959,0.0,0.0,nan,0.0,0.0,0.091037594,0.002510375,0.0025047318,0.0025037432,0.0,0.0,0.0,0.0,0.0,0.0
165648000,165568000,0.105503246,0.10603101,0.220263,1.1177281,1.1179338,0.0,0.0,0.0,0.0,0.0,0.0,0.0,0.0,12.461166,0.0,0.0,nan,0.0,0.0,0.091037594,0.0025105744,0.0025056032,0.0025049208,0.0,0.0,0.0,0.0,0.0,0.0
166144000,166064000,0.1054814,0.10669063,0.22021578,1.1176949,1.1179062,0.0,0.0,0.0,0.0,0.0,0.0,0.0,0.0,12.463856,0.0,0.0,nan,0.0,0.0,0.091037594,0.0025108166,0.0025058005,0.0025051818,0.0,0.0,0.0,0.0,0.0,0.0
166648000,166568000,0.10548114,0.10734238,0.22016957,1.1176703,1.1178993,0.0,0.0,0.0,0.0,0.0,0.0,0.0,0.0,12.466132,0.0,0.0,nan,0.0,0.0,0.091037594,0.0025110631,0.0025051406,0.0025042868,0.0,0.0,0.0,0.0,0.0,0.0
167144000,167064000,0.10547525,0.10741102,0.22024831,1.1176093,1.1179723,0.0,0.0,0.0,0.0,0.0,0.0,0.0,0.0,12.468366,0.0,0.0,nan,0.0,0.0,0.091037594,0.0025112883,0.0025042852,0.0025029313,0.0,0.0,0.0,0.0,0.0,0.0
167640000,167560000,0.105480455,0.10678287,0.22022215,1.1175922,1.1180583,0.0,0.0,0.0,0.0,0.0,0.0,0.0,0.0,12.462014,0.0,0.0,nan,0.0,0.0,0.091037594,0.002511435,0.002504007,0.0025021993,0.0,0.0,0.0,0.0,0.0,0.0
168144000,168064000,0.10546433,0.10606886,0.22018741,1.1175722,1.118145,0.0,0.0,0.0,0.0,0.0,0.0,0.0,0.0,12.4641485,0.0,0.0,nan,0.0,0.0,0.091037594,0.0025115386,0.0025049124,0.0025026235,0.0,0.0,0.0,0.0,0.0,0.0
168648000,168568000,0.105405465,0.10557512,0.22024745,1.1171772,1.1178074,0.0,0.0,0.0,0.0,0.0,0.0,0.0,0.0,12.467316,0.0,0.0,nan,0.0,0.0,0.091037594,0.0025115444,0.002506164,0.0025035653,0.0,0.0,0.0,0.0,0.0,0.0
169144000,169064000,0.10541076,0.105847105,0.22028878,1.117198,1.1177888,0.0,0.0,0.0,0.0,0.0,0.0,0.0,0.0,12.460519,0.0,0.0,nan,0.0,0.0,0.091037594,0.0025114398,0.0025067646,0.0025040559,0.0,0.0,0.0,0.0,0.0,0.0
169648000,169568000,0.10542028,0.10621882,0.220244,1.1172335,1.1177272,0.0,0.0,0.0,0.0,0.0,0.0,0.0,0.0,12.462231,0.0,0.0,nan,0.0,0.0,0.091037594,0.0025109127,0.0025060829,0.002503628,0.0,0.0,0.0,0.0,0.0,0.0
170144000,170064000,0.10550549,0.106466755,0.220266,1.1176571,1.1180351,0.0,0.0,0.0,0.0,0.0,0.0,0.0,0.0,12.46435,0.0,0.0,nan,0.0,0.0,0.091037594,0.0025106845,0.002504962,0.0025026873,0.0,0.0,0.0,0.0,0.0,0.0
170640000,170560000,0.10544155,0.10622344,0.22018938,1.1172422,1.1175351,0.0,0.0,0.0,0.0,0.0,0.0,0.0,0.0,12.465516,0.0,0.0,nan,0.0,0.0,0.091037594,0.0025105448,0.00250411,0.0025021867,0.0,0.0,0.0,0.0,0.0,0.0
171144000,171064000,0.10550377,0.105636604,0.22020254,1.1176418,1.1178527,0.0,0.0,0.0,0.0,0.0,0.0,0.0,0.0,12.467867,0.0,0.0,nan,0.0,0.0,0.091037594,0.0025104983,0.0025042612,0.002502852,0.0,0.0,0.0,0.0,0.0,0.0
171648000,171568000,0.1054877,0.10570577,0.22031717,1.1176195,1.1178244,0.0,0.0,0.0,0.0,0.0,0.0,0.0,0.0,12.461196,0.0,0.0,nan,0.0,0.0,0.091037594,0.0025104235,0.0025049562,0.0025040891,0.0,0.0,0.0,0.0,0.0,0.0
172144000,172064000,0.10548712,0.1062101,0.22026223,1.1176084,1.1178113,0.0,0.0,0.0,0.0,0.0,0.0,0.0,0.0,12.464983,0.0,0.0,nan,0.0,0.0,0.091037594,0.0025106622,0.0025056794,0.0025050512,0.0,0.0,0.0,0.0,0.0,0.0
172648000,172568000,0.1054703,0.10692011,0.22020184,1.1175908,1.1178035,0.0,0.0,0.0,0.0,0.0,0.0,0.0,0.0,12.4670515,0.0,0.0,nan,0.0,0.0,0.091037594,0.0025108855,0.0025055062,0.0025048263,0.0,0.0,0.0,0.0,0.0,0.0
173144000,173064000,0.10547641,0.1076694,0.22025512,1.1176065,1.117914,0.0,0.0,0.0,0.0,0.0,0.0,0.0,0.0,12.469113,0.0,0.0,nan,0.0,0.0,0.091037594,0.0025111414,0.0025046885,0.0025036437,0.0,0.0,0.0,0.0,0.0,0.0
173648000,173568000,0.10548133,0.10729387,0.22021264,1.1175907,1.1179892,0.0,0.0,0.0,0.0,0.0,0.0,0.0,0.0,12.463113,0.0,0.0,nan,0.0,0.0,0.091037594,0.0025113283,0.0025039143,0.0025024337,0.0,0.0,0.0,0.0,0.0,0.0
174144000,174064000,0.10546799,0.10659735,0.22032836,1.1175712,1.1180832,0.0,0.0,0.0,0.0,0.0,0.0,0.0,0.0,12.465014,0.0,0.0,nan,0.0,0.0,0.091037594,0.0025114855,0.0025043194,0.0025022437,0.0,0.0,0.0,0.0,0.0,0.0
174648000,174568000,0.1054419,0.1059022,0.22027814,1.1175551,1.1181697,0.0,0.0,0.0,0.0,0.0,0.0,0.0,0.0,12.466927,0.0,0.0,nan,0.0,0.0,0.091037594,0.002511557,0.0025054817,0.0025029904,0.0,0.0,0.0,0.0,0.0,0.0
175144000,175064000,0.105385035,0.105580464,0.2202617,1.1171479,1.1177996,0.0,0.0,0.0,0.0,0.0,0.0,0.0,0.0,12.461652,0.0,0.0,nan,0.0,0.0,0.091037594,0.0025115192,0.0025064887,0.0025037879,0.0,0.0,0.0,0.0,0.0,0.0
175648000,175568000,0.10545578,0.105998114,0.22025277,1.117576,1.1181562,0.0,0.0,0.0,0.0,0.0,0.0,0.0,0.0,12.462127,0.0,0.0,nan,0.0,0.0,0.091037594,0.0025110885,0.0025064386,0.0025039066,0.0,0.0,0.0,0.0,0.0,0.0
176144000,176064000,0.105462395,0.106330894,0.22021073,1.1175649,1.1180333,0.0,0.0,0.0,0.0,0.0,0.0,0.0,0.0,12.464445,0.0,0.0,nan,0.0,0.0,0.091037594,0.002510856,0.0025056074,0.00250317,0.0,0.0,0.0,0.0,0.0,0.0
176648000,176568000,0.10546513,0.10639237,0.22018166,1.1175461,1.1179074,0.0,0.0,0.0,0.0,0.0,0.0,0.0,0.0,12.466477,0.0,0.0,nan,0.0,0.0,0.091037594,0.0025106622,0.002504477,0.0025023022,0.0,0.0,0.0,0.0,0.0,0.0
177144000,177064000,0.10545576,0.10576349,0.2202857,1.1175258,1.117754,0.0,0.0,0.0,0.0,0.0,0.0,0.0,0.0,12.468524,0.0,0.0,nan,0.0,0.0,0.091037594,0.0025105549,0.0025040423,0.0025023196,0.0,0.0,0.0,0.0,0.0,0.0
177648000,177568000,0.10543167,0.105543934,0.22024375,1.1175158,1.1177249,0.0,0.0,0.0,0.0,0.0,0.0,0.0,0.0,12.463258,0.0,0.0,nan,0.0,0.0,0.091037594,0.0025103549,0.0025044025,0.0025032994,0.0,0.0,0.0,0.0,0.0,0.0
178144000,178064000,0.10543135,0.10574061,0.22034459,1.1175144,1.1177162,0.0,0.0,0.0,0.0,0.0,0.0,0.0,0.0,12.465173,0.0,0.0,nan,0.0,0.0,0.091037594,0.0025105188,0.0025052605,0.00250452,0.0,0.0,0.0,0.0,0.0,0.0
178648000,178568000,0.105426684,0.106321245,0.22027963,1.1175056,1.1177106,0.0,0.0,0.0,0.0,0.0,0.0,0.0,0.0,12.468107,0.0,0.0,nan,0.0,0.0,0.091037594,0.0025107558,0.0025056317,0.0025050223,0.0,0.0,0.0,0.0,0.0,0.0
179144000,179064000,0.105453506,0.10752577,0.22031513,1.1175479,1.1178061,0.0,0.0,0.0,0.0,0.0,0.0,0.0,0.0,12.461139,0.0,0.0,nan,0.0,0.0,0.091037594,0.0025110152,0.0025051474,0.002504349,0.0,0.0,0.0,0.0,0.0,0.0
179648000,179568000,0.105456375,0.10750319,0.22027342,1.1175314,1.1178634,0.0,0.0,0.0,0.0,0.0,0.0,0.0,0.0,12.462344,0.0,0.0,nan,0.0,0.0,0.091037594,0.002511215,0.0025041755,0.002503029,0.0,0.0,0.0,0.0,0.0,0.0
180144000,180064000,0.10546158,0.10700815,0.2202408,1.1175256,1.117955,0.0,0.0,0.0,0.0,0.0,0.0,0.0,0.0,12.46526,0.0,0.0,nan,0.0,0.0,0.091037594,0.002511424,0.0025039143,0.0025021865,0.0,0.0,0.0,0.0,0.0,0.0
180648000,180568000,0.105450384,0.10630342,0.22020513,1.1175146,1.1180553,0.0,0.0,0.0,0.0,0.0,0.0,0.0,0.0,12.466529,0.0,0.0,nan,0.0,0.0,0.091037594,0.0025115684,0.0025048442,0.0025024908,0.0,0.0,0.0,0.0,0.0,0.0
181144000,181064000,0.105446726,0.10555026,0.22027397,1.1175053,1.1181631,0.0,0.0,0.0,0.0,0.0,0.0,0.0,0.0,12.460784,0.0,0.0,nan,0.0,0.0,0.091037594,0.0025114208,0.0025057835,0.0025033264,0.0,0.0,0.0,0.0,0.0,0.0
181648000,181568000,0.10544826,0.10575034,0.22022748,1.1174991,1.1181263,0.0,0.0,0.0,0.0,0.0,0.0,0.0,0.0,12.462149,0.0,0.0,nan,0.0,0.0,0.091037594,0.002511264,0.0025064116,0.002503837,0.0,0.0,0.0,0.0,0.0,0.0
182144000,182064000,0.1054416,0.10612163,0.22017959,1.117493,1.1180347,0.0,0.0,0.0,0.0,0.0,0.0,0.0,0.0,12.464156,0.0,0.0,nan,0.0,0.0,0.091037594,0.002511043,0.002506096,0.0025035387,0.0,0.0,0.0,0.0,0.0,0.0
182648000,182568000,0.105451986,0.106408164,0.22029237,1.1174928,1.1179198,0.0,0.0,0.0,0.0,0.0,0.0,0.0,0.0,12.46719,0.0,0.0,nan,0.0,0.0,0.091037594,0.002510814,0.0025050568,0.0025026677,0.0,0.0,0.0,0.0,0.0,0.0
183144000,183064000,0.10545645,0.10606052,0.22022456,1.1174763,1.1177329,0.0,0.0,0.0,0.0,0.0,0.0,0.0,0.0,12.469218,0.0,0.0,nan,0.0,0.0,0.091037594,0.0025106452,0.002504161,0.002502134,0.0,0.0,0.0,0.0,0.0,0.0
183648000,183568000,0.10545557,0.10569239,0.22034374,1.1174809,1.1176975,0.0,0.0,0.0,0.0,0.0,0.0,0.0,0.0,12.462229,0.0,0.0,nan,0.0,0.0,0.091037594,0.0025103188,0.0025040088,0.002502627,0.0,0.0,0.0,0.0,0.0,0.0
184144000,184064000,0.10544243,0.10556275,0.22029324,1.1174778,1.1176822,0.0,0.0,0.0,0.0,0.0,0.0,0.0,0.0,12.464444,0.0,0.0,nan,0.0,0.0,0.091037594,0.00251043,0.002504788,0.002503858,0.0,0.0,0.0,0.0,0.0,0.0
184640000,184560000,0.10545603,0.10588144,0.22023705,1.1174827,1.1176826,0.0,0.0,0.0,0.0,0.0,0.0,0.0,0.0,12.466467,0.0,0.0,nan,0.0,0.0,0.091037594,0.0025106107,0.0025053879,0.0025047027,0.0,0.0,0.0,0.0,0.0,0.0
185144000,185064000,0.1054379,0.10716699,0.22027782,1.1174253,1.117648,0.0,0.0,0.0,0.0,0.0,0.0,0.0,0.0,12.460059,0.0,0.0,nan,0.0,0.0,0.091037594,0.0025108324,0.002505364,0.0025046736,0.0,0.0,0.0,0.0,0.0,0.0
185648000,185568000,0.10544812,0.107524805,0.2202479,1.1174352,1.1176996,0.0,0.0,0.0,0.0,0.0,0.0,0.0,0.0,12.461894,0.0,0.0,nan,0.0,0.0,0.091037594,0.00251105,0.0025045485,0.0025036319,0.0,0.0,0.0,0.0,0.0,0.0
186144000,186064000,0.105451845,0.107396364,0.22022955,1.1174349,1.1177783,0.0,0.0,0.0,0.0,0.0,0.0,0.0,0.0,12.4628,0.0,0.0,nan,0.0,0.0,0.091037594,0.0025112783,0.002503933,0.002502503,0.0,0.0,0.0,0.0,0.0,0.0
186648000,186568000,0.10545035,0.10684359,0.22021694,1.1174352,1.1178842,0.0,0.0,0.0,0.0,0.0,0.0,0.0,0.0,12.4650755,0.0,0.0,nan,0.0,0.0,0.091037594,0.0025114454,0.0025041455,0.002502123,0.0,0.0,0.0,0.0,0.0,0.0
187144000,187064000,0.1054712,0.10568623,0.22031546,1.1175004,1.11813,0.0,0.0,0.0,0.0,0.0,0.0,0.0,0.0,12.460244,0.0,0.0,nan,0.0,0.0,0.091037594,0.0025115553,0.0025052081,0.00250271,0.0,0.0,0.0,0.0,0.0,0.0
187640000,187560000,0.10547692,0.10559909,0.2202635,1.1174968,1.1181471,0.0,0.0,0.0,0.0,0.0,0.0,0.0,0.0,12.4623,0.0,0.0,nan,0.0,0.0,0.091037594,0.0025113588,0.0025059886,0.002503466,0.0,0.0,0.0,0.0,0.0,0.0
188144000,188064000,0.10548501,0.10584894,0.22020596,1.1175041,1.1181039,0.0,0.0,0.0,0.0,0.0,0.0,0.0,0.0,12.464325,0.0,0.0,nan,0.0,0.0,0.091037594,0.0025111907,0.0025062915,0.0025036982,0.0,0.0,0.0,0.0,0.0,0.0
188648000,188568000,0.105477214,0.106182754,0.22015157,1.1175011,1.1180104,0.0,0.0,0.0,0.0,0.0,0.0,0.0,0.0,12.466763,0.0,0.0,nan,0.0,0.0,0.091037594,0.0025109698,0.0025056757,0.0025031513,0.0,0.0,0.0,0.0,0.0,0.0
189144000,189064000,0.10549267,0.1062558,0.22025213,1.1174976,1.1178043,0.0,0.0,0.0,0.0,0.0,0.0,0.0,0.0,12.459228,0.0,0.0,nan,0.0,0.0,0.091037594,0.002510427,0.002504305,0.0025022246,0.0,0.0,0.0,0.0,0.0,0.0
189648000,189568000,0.10548189,0.105909094,0.22023693,1.1174935,1.1177396,0.0,0.0,0.0,0.0,0.0,0.0,0.0,0.0,12.461389,0.0,0.0,nan,0.0,0.0,0.091037594,0.0025103486,0.0025038423,0.0025021788,0.0,0.0,0.0,0.0,0.0,0.0
190144000,190064000,0.105459474,0.105604365,0.22020796,1.1174912,1.1177073,0.0,0.0,0.0,0.0,0.0,0.0,0.0,0.0,12.463535,0.0,0.0,nan,0.0,0.0,0.091037594,0.0025103951,0.0025042898,0.0025031138,0.0,0.0,0.0,0.0,0.0,0.0
190648000,190568000,0.10545559,0.105637,0.22031994,1.1174966,1.1176997,0.0,0.0,0.0,0.0,0.0,0.0,0.0,0.0,12.466708,0.0,0.0,nan,0.0,0.0,0.091037594,0.0025105132,0.002505011,0.0025042025,0.0,0.0,0.0,0.0,0.0,0.0
191144000,191064000,0.105448104,0.106757864,0.22021593,1.1174897,1.1177033,0.0,0.0,0.0,0.0,0.0,0.0,0.0,0.0,12.467587,0.0,0.0,nan,0.0,0.0,0.091037594,0.0025107302,0.0025053825,0.002504722,0.0,0.0,0.0,0.0,0.0,0.0
191640000,191560000,0.10545287,0.1073454,0.2201729,1.1174937,1.1177332,0.0,0.0,0.0,0.0,0.0,0.0,0.0,0.0,12.461347,0.0,0.0,nan,0.0,0.0,0.091037594,0.0025109504,0.0025048784,0.0025041301,0.0,0.0,0.0,0.0,0.0,0.0
192144000,192064000,0.105449736,0.107544616,0.22014011,1.1174866,1.1177858,0.0,0.0,0.0,0.0,0.0,0.0,0.0,0.0,12.4635515,0.0,0.0,nan,0.0,0.0,0.091037594,0.0025111802,0.0025041944,0.0025030617,0.0,0.0,0.0,0.0,0.0,0.0
192640000,192560000,0.10544924,0.10726532,0.22026789,1.1174787,1.1178697,0.0,0.0,0.0,0.0,0.0,0.0,0.0,0.0,12.464776,0.0,0.0,nan,0.0,0.0,0.091037594,0.0025114014,0.002503907,0.0025021755,0.0,0.0,0.0,0.0,0.0,0.0
193144000,193064000,0.1054385,0.10595865,0.2202262,1.1174773,1.1180775,0.0,0.0,0.0,0.0,0.0,0.0,0.0,0.0,12.467184,0.0,0.0,nan,0.0,0.0,0.091037594,0.0025115488,0.0025045748,0.0025022742,0.0,0.0,0.0,0.0,0.0,0.0
193640000,193560000,0.10537739,0.1055207,0.2201474,1.1170968,1.1177464,0.0,0.0,0.0,0.0,0.0,0.0,0.0,0.0,12.459155,0.0,0.0,nan,0.0,0.0,0.091037594,0.002511467,0.0025054542,0.0025030023,0.0,0.0,0.0,0.0,0.0,0.0
194144000,194064000,0.105458096,0.105625525,0.22017385,1.1175323,1.1181861,0.0,0.0,0.0,0.0,0.0,0.0,0.0,0.0,12.463339,0.0,0.0,nan,0.0,0.0,0.091037594,0.0025113681,0.0025062168,0.0025035993,0.0,0.0,0.0,0.0,0.0,0.0
194648000,194568000,0.10545435,0.10593031,0.22013766,1.1175234,1.1181142,0.0,0.0,0.0,0.0,0.0,0.0,0.0,0.0,12.464443,0.0,0.0,nan,0.0,0.0,0.091037594,0.002511181,0.002506149,0.0025035115,0.0,0.0,0.0,0.0,0.0,0.0
195144000,195064000,0.10546427,0.10637962,0.22024335,1.1175095,1.1178851,0.0,0.0,0.0,0.0,0.0,0.0,0.0,0.0,12.45794,0.0,0.0,nan,0.0,0.0,0.091037594,0.0025109588,0.002505244,0.0025027466,0.0,0.0,0.0,0.0,0.0,0.0
195640000,195560000,0.10546668,0.10617929,0.22023672,1.1174985,1.1177876,0.0,0.0,0.0,0.0,0.0,0.0,0.0,0.0,12.460353,0.0,0.0,nan,0.0,0.0,0.091037594,0.0025104124,0.0025040635,0.0025020738,0.0,0.0,0.0,0.0,0.0,0.0
196144000,196064000,0.10547047,0.10582124,0.22022507,1.117499,1.1177315,0.0,0.0,0.0,0.0,0.0,0.0,0.0,0.0,12.463186,0.0,0.0,nan,0.0,0.0,0.091037594,0.00251036,0.002503882,0.0025023634,0.0,0.0,0.0,0.0,0.0,0.0
196640000,196560000,0.10545475,0.105570495,0.22020254,1.117494,1.1177031,0.0,0.0,0.0,0.0,0.0,0.0,0.0,0.0,12.465624,0.0,0.0,nan,0.0,0.0,0.091037594,0.002510436,0.002504486,0.002503441,0.0,0.0,0.0,0.0,0.0,0.0
197144000,197064000,0.105446,0.106229015,0.2202621,1.1174941,1.1176959,0.0,0.0,0.0,0.0,0.0,0.0,0.0,0.0,12.467988,0.0,0.0,nan,0.0,0.0,0.091037594,0.0025106044,0.002505148,0.0025044135,0.0,0.0,0.0,0.0,0.0,0.0
197648000,197568000,0.105449446,0.10691915,0.22020201,1.1174973,1.1177092,0.0,0.0,0.0,0.0,0.0,0.0,0.0,0.0,12.462283,0.0,0.0,nan,0.0,0.0,0.091037594,0.0025107919,0.002505088,0.0025044493,0.0,0.0,0.0,0.0,0.0,0.0
198144000,198064000,0.10545691,0.107444,0.22030227,1.1174892,1.1177367,0.0,0.0,0.0,0.0,0.0,0.0,0.0,0.0,12.464356,0.0,0.0,nan,0.0,0.0,0.091037594,0.0025110617,0.0025045313,0.0025036242,0.0,0.0,0.0,0.0,0.0,0.0
198640000,198560000,0.10546057,0.1075126,0.22025351,1.1174817,1.1177976,0.0,0.0,0.0,0.0,0.0,0.0,0.0,0.0,12.466758,0.0,0.0,nan,0.0,0.0,0.091037594,0.0025112978,0.0025039564,0.0025025515,0.0,0.0,0.0,0.0,0.0,0.0
199144000,199064000,0.10547063,0.10643525,0.22018987,1.1174791,1.1180003,0.0,0.0,0.0,0.0,0.0,0.0,0.0,0.0,12.4683275,0.0,0.0,nan,0.0,0.0,0.091037594,0.002511479,0.0025040838,0.0025020707,0.0,0.0,0.0,0.0,0.0,0.0
199648000,199568000,0.10545096,0.10581727,0.22015657,1.1174773,1.1180928,0.0,0.0,0.0,0.0,0.0,0.0,0.0,0.0,12.460669,0.0,0.0,nan,0.0,0.0,0.091037594,0.0025115141,0.0025047949,0.0025024877,0.0,0.0,0.0,0.0,0.0,0.0
200144000,200064000,0.10545645,0.10556252,0.22012642,1.117483,1.1181375,0.0,0.0,0.0,0.0,0.0,0.0,0.0,0.0,12.462747,0.0,0.0,nan,0.0,0.0,0.091037594,0.0025114883,0.0025058475,0.0025032659,0.0,0.0,0.0,0.0,0.0,0.0
200640000,200560000,0.105457656,0.10569717,0.22009945,1.1174809,1.118116,0.0,0.0,0.0,0.0,0.0,0.0,0.0,0.0,12.46389,0.0,0.0,nan,0.0,0.0,0.091037594,0.0025113549,0.0025062896,0.0025036056,0.0,0.0,0.0,0.0,0.0,0.0
201144000,201064000,0.10546563,0.10634328,0.22020392,1.117481,1.1179271,0.0,0.0,0.0,0.0,0.0,0.0,0.0,0.0,12.4664,0.0,0.0,nan,0.0,0.0,0.091037594,0.0025111511,0.0025057811,0.0025031483,0.0,0.0,0.0,0.0,0.0,0.0
201640000,201560000,0.105482414,0.106375344,0.22018719,1.1174836,1.117822,0.0,0.0,0.0,0.0,0.0,0.0,0.0,0.0,12.460385,0.0,0.0,nan,0.0,0.0,0.091037594,0.0025105632,0.0025045197,0.0025023094,0.0,0.0,0.0,0.0,0.0,0.0
202144000,202064000,0.10547845,0.10609517,0.2201738,1.1174787,1.1177418,0.0,0.0,0.0,0.0,0.0,0.0,0.0,0.0,12.462711,0.0,0.0,nan,0.0,0.0,0.091037594,0.0025104436,0.0025038754,0.0025020554,0.0,0.0,0.0,0.0,0.0,0.0
202640000,202560000,0.10547838,0.10573733,0.22030924,1.1174846,1.1177018,0.0,0.0,0.0,0.0,0.0,0.0,0.0,0.0,12.465481,0.0,0.0,nan,0.0,0.0,0.091037594,0.002510444,0.0025041078,0.0025027965,0.0,0.0,0.0,0.0,0.0,0.0
203144000,203064000,0.10545389,0.10581109,0.22023195,1.1174817,1.1176796,0.0,0.0,0.0,0.0,0.0,0.0,0.0,0.0,12.467846,0.0,0.0,nan,0.0,0.0,0.091037594,0.002510553,0.0025047925,0.0025038994,0.0,0.0,0.0,0.0,0.0,0.0
203648000,203568000,0.105457574,0.10639852,0.22018345,1.1174889,1.1176883,0.0,0.0,0.0,0.0,0.0,0.0,0.0,0.0,12.46099,0.0,0.0,nan,0.0,0.0,0.091037594,0.002510678,0.0025050433,0.0025043965,0.0,0.0,0.0,0.0,0.0,0.0
204144000,204064000,0.1054529,0.10705792,0.2201398,1.117485,1.1177021,0.0,0.0,0.0,0.0,0.0,0.0,0.0,0.0,12.463285,0.0,0.0,nan,0.0,0.0,0.091037594,0.0025109435,0.0025048184,0.0025040633,0.0,0.0,0.0,0.0,0.0,0.0
204640000,204560000,0.10546865,0.10746646,0.22025755,1.1174874,1.1177438,0.0,0.0,0.0,0.0,0.0,0.0,0.0,0.0,12.464642,0.0,0.0,nan,0.0,0.0,0.091037594,0.0025112021,0.002504201,0.0025030496,0.0,0.0,0.0,0.0,0.0,0.0
205144000,205064000,0.10548025,0.106906354,0.2202205,1.117484,1.1179129,0.0,0.0,0.0,0.0,0.0,0.0,0.0,0.0,12.458726,0.0,0.0,nan,0.0,0.0,0.091037594,0.0025113986,0.002503724,0.002502119,0.0,0.0,0.0,0.0,0.0,0.0
205640000,205560000,0.10546851,0.10622662,0.22020346,1.1174811,1.1180184,0.0,0.0,0.0,0.0,0.0,0.0,0.0,0.0,12.461042,0.0,0.0,nan,0.0,0.0,0.091037594,0.0025115141,0.0025041492,0.0025020866,0.0,0.0,0.0,0.0,0.0,0.0
206144000,206064000,0.10546529,0.105710566,0.22032622,1.1174875,1.1181008,0.0,0.0,0.0,0.0,0.0,0.0,0.0,0.0,12.462661,0.0,0.0,nan,0.0,0.0,0.091037594,0.0025115618,0.002505193,0.0025027348,0.0,0.0,0.0,0.0,0.0,0.0
206640000,206560000,0.105460994,0.10556922,0.22028565,1.1174854,1.1181275,0.0,0.0,0.0,0.0,0.0,0.0,0.0,0.0,12.465426,0.0,0.0,nan,0.0,0.0,0.091037594,0.0025114976,0.002506069,0.002503402,0.0,0.0,0.0,0.0,0.0,0.0
207144000,207064000,0.105456054,0.10612773,0.22020578,1.1174896,1.1180038,0.0,0.0,0.0,0.0,0.0,0.0,0.0,0.0,12.466455,0.0,0.0,nan,0.0,0.0,0.091037594,0.00251134,0.0025061478,0.0025034377,0.0,0.0,0.0,0.0,0.0,0.0
207640000,207560000,0.105442606,0.10632254,0.22018239,1.1174862,1.117895,0.0,0.0,0.0,0.0,0.0,0.0,0.0,0.0,12.46047,0.0,0.0,nan,0.0,0.0,0.091037594,0.0025107479,0.0025051585,0.002502772,0.0,0.0,0.0,0.0,0.0,0.0
208144000,208064000,0.10490591,0.105656974,0.22015896,1.1175364,1.1178454,0.0,0.0,0.0,0.0,0.0,0.0,0.0,0.0,12.462778,0.0,0.0,nan,0.0,0.0,0.091037594,0.0025107667,0.0025043488,0.0025021161,0.0,0.0,0.0,0.0,0.0,0.0
208648000,208568000,0.10510388,0.105571225,0.22029682,1.1174542,1.1177003,0.0,0.0,0.0,0.0,0.0,0.0,0.0,0.0,12.466809,0.0,0.0,nan,0.0,0.0,0.091037594,0.0025106962,0.0025039809,0.0025021615,0.0,0.0,0.0,0.0,0.0,0.0
209144000,209064000,0.10524112,0.105368845,0.22023024,1.1173962,1.1175953,0.0,0.0,0.0,0.0,0.0,0.0,0.0,0.0,12.467683,0.0,0.0,nan,0.0,0.0,0.091037594,0.002510719,0.002504417,0.002503121,0.0,0.0,0.0,0.0,0.0,0.0
209648000,209568000,0.10530083,0.105794035,0.22018662,1.1173785,1.1175767,0.0,0.0,0.0,0.0,0.0,0.0,0.0,0.0,12.461477,0.0,0.0,nan,0.0,0.0,0.091037594,0.002510737,0.0025049222,0.0025040791,0.0,0.0,0.0,0.0,0.0,0.0
210144000,210064000,0.10537303,0.10653195,0.22014093,1.1173759,1.1175786,0.0,0.0,0.0,0.0,0.0,0.0,0.0,0.0,12.461824,0.0,0.0,nan,0.0,0.0,0.091037594,0.0025109788,0.0025051576,0.002504414,0.0,0.0,0.0,0.0,0.0,0.0
210640000,210560000,0.10543185,0.10725806,0.22010589,1.1173702,1.117598,0.0,0.0,0.0,0.0,0.0,0.0,0.0,0.0,12.464672,0.0,0.0,nan,0.0,0.0,0.091037594,0.002511212,0.0025047488,0.0025038065,0.0,0.0,0.0,0.0,0.0,0.0
211144000,211064000,0.105497904,0.107452326,0.22022061,1.117382,1.1177491,0.0,0.0,0.0,0.0,0.0,0.0,0.0,0.0,12.4588375,0.0,0.0,nan,0.0,0.0,0.091037594,0.0025114324,0.0025041467,0.0025027383,0.0,0.0,0.0,0.0,0.0,0.0
211648000,211568000,0.10549544,0.106870376,0.22020288,1.1173891,1.1178683,0.0,0.0,0.0,0.0,0.0,0.0,0.0,0.0,12.461132,0.0,0.0,nan,0.0,0.0,0.091037594,0.00251158,0.0025038777,0.0025020223,0.0,0.0,0.0,0.0,0.0,0.0
212144000,212064000,0.10549398,0.10618282,0.2201753,1.1174064,1.1179897,0.0,0.0,0.0,0.0,0.0,0.0,0.0,0.0,12.463183,0.0,0.0,nan,0.0,0.0,0.091037594,0.0025116736,0.0025046347,0.00250228,0.0,0.0,0.0,0.0,0.0,0.0
212640000,212560000,0.10549556,0.105713144,0.22014639,1.1174141,1.1180748,0.0,0.0,0.0,0.0,0.0,0.0,0.0,0.0,12.465634,0.0,0.0,nan,0.0,0.0,0.091037594,0.0025116939,0.0025057443,0.0025030607,0.0,0.0,0.0,0.0,0.0,0.0
213144000,213064000,0.105524406,0.10588966,0.22020498,1.1174418,1.1180658,0.0,0.0,0.0,0.0,0.0,0.0,0.0,0.0,12.468004,0.0,0.0,nan,0.0,0.0,0.091037594,0.002511604,0.0025063467,0.0025035306,0.0,0.0,0.0,0.0,0.0,0.0
213640000,213560000,0.10552596,0.106210604,0.22015435,1.117451,1.11798,0.0,0.0,0.0,0.0,0.0,0.0,0.0,0.0,12.4623165,0.0,0.0,nan,0.0,0.0,0.091037594,0.0025110769,0.0025057795,0.002503218,0.0,0.0,0.0,0.0,0.0,0.0
214144000,214064000,0.10552135,0.106356174,0.22026911,1.1174673,1.1178814,0.0,0.0,0.0,0.0,0.0,0.0,0.0,0.0,12.464405,0.0,0.0,nan,0.0,0.0,0.091037594,0.0025108482,0.002504834,0.0025024414,0.0,0.0,0.0,0.0,0.0,0.0
214648000,214568000,0.10549754,0.106192276,0.22023672,1.1174719,1.1177922,0.0,0.0,0.0,0.0,0.0,0.0,0.0,0.0,12.466259,0.0,0.0,nan,0.0,0.0,0.091037594,0.0025106978,0.0025040212,0.0025020167,0.0,0.0,0.0,0.0,0.0,0.0
215144000,215064000,0.10544682,0.10557536,0.22019337,1.1174856,1.1177071,0.0,0.0,0.0,0.0,0.0,0.0,0.0,0.0,12.46858,0.0,0.0,nan,0.0,0.0,0.091037594,0.002510617,0.0025040028,0.00250246,0.0,0.0,0.0,0.0,0.0,0.0
215640000,215560000,0.105428256,0.10562734,0.22030704,1.1174855,1.1176956,0.0,0.0,0.0,0.0,0.0,0.0,0.0,0.0,12.461822,0.0,0.0,nan,0.0,0.0,0.091037594,0.0025105427,0.0025044384,0.0025034763,0.0,0.0,0.0,0.0,0.0,0.0
216144000,216064000,0.10544193,0.10610218,0.22025234,1.1174911,1.1176981,0.0,0.0,0.0,0.0,0.0,0.0,0.0,0.0,12.464314,0.0,0.0,nan,0.0,0.0,0.091037594,0.002510761,0.0025049942,0.0025042903,0.0,0.0,0.0,0.0,0.0,0.0
216648000,216568000,0.10623895,0.10691453,0.21906132,1.1174464,1.1176775,0.0,0.0,0.0,0.0,0.0,0.0,0.0,0.0,12.4648285,0.0,0.0,nan,0.0,0.0,0.091037594,0.0025108561,0.0025040582,0.0025028645,0.0,0.0,0.0,0.0,0.0,0.0
217144000,217064000,0.11021489,0.11109526,0.21633016,1.1175407,1.1178315,0.0,0.0,0.0,0.0,0.0,0.0,0.0,0.0,12.4654255,0.0,0.0,nan,0.0,0.0,0.091037594,0.0025108864,0.0025086913,0.002509071,0.0,0.0,0.0,0.0,0.0,0.0
217640000,217560000,0.11271763,0.11381175,0.21590182,1.1175228,1.1178305,0.0,0.0,0.0,0.0,0.0,0.0,0.0,0.0,12.457973,0.0,0.0,nan,0.0,0.0,0.091037594,0.0025103695,0.0025106005,0.0025109558,0.0,0.0,0.0,0.0,0.0,0.0
218144000,218064000,0.11423023,0.11581066,0.2158773,1.1176281,1.117943,0.0,0.0,0.0,0.0,0.0,0.0,0.0,0.0,12.458236,0.0,0.0,nan,0.0,0.0,0.091037594,0.0025166695,0.002511064,0.0025056421,0.0,0.0,0.0,0.0,0.0,0.0
218648000,218568000,0.11379293,0.11517348,0.21502493,1.1176993,1.118103,0.0,0.0,0.0,0.0,0.0,0.0,0.0,0.0,12.457632,0.0,0.0,nan,0.0,0.0,0.091037594,0.002523497,0.0025183896,0.0025043585,0.0,0.0,0.0,0.0,0.0,0.0
219140000,219056000,0.11267744,0.11313022,0.21324983,1.1180856,1.118541,0.0,0.0,0.0,0.0,0.0,0.0,0.0,0.0,12.451266,0.0,0.0,nan,0.0,0.0,0.091037594,0.0025217468,0.0025144685,0.0025014542,0.0,0.0,0.0,0.0,0.0,0.0
219644000,219560000,0.11247553,0.112800136,0.21260543,1.1182983,1.118752,0.0,0.0,0.0,0.0,0.0,0.0,0.0,0.0,12.448911,0.0,0.0,nan,0.0,0.0,0.091037594,0.0025197766,0.0025127523,0.002501168,0.0,0.0,0.0,0.0,0.0,0.0
220140000,220056000,0.112819,0.11309365,0.21229765,1.1184802,1.1189339,0.0,0.0,0.0,0.0,0.0,0.0,0.0,0.0,12.447588,0.0,0.0,nan,0.0,0.0,0.090278074,0.0025192837,0.0025126347,0.0025012116,0.0,0.0,0.0,0.0,0.0,0.0
220644000,220560000,0.090192385,0.09019488,0.20266992,1.0774366,1.0775602,0.0,0.0,0.0,0.0,0.0,0.0,0.0,0.0,12.348542,0.0,0.0,nan,0.0,0.0,0.09027621,0.0025192837,0.0025126347,0.0025012116,0.0,0.0,0.0,0.0,0.0,0.0
221148000,221064000,0.09012195,0.09012208,0.20262073,1.0611943,1.0612758,0.0,0.0,0.0,0.0,0.0,0.0,0.0,0.0,12.340867,0.0,0.0,nan,0.0,0.0,0.09027591,0.0025192837,0.0025126347,0.0025012116,0.0,0.0,0.0,0.0,0.0,0.0
221644000,221560000,0.09010173,0.09010177,0.20260242,1.0570779,1.0571622,0.0,0.0,0.0,0.0,0.0,0.0,0.0,0.0,12.33548,0.0,0.0,nan,0.0,0.0,0.09027587,0.0025192837,0.0025126347,0.0025012116,0.0,0.0,0.0,0.0,0.0,0.0
222140000,222056000,0.09008343,0.09008345,0.20258452,1.0537124,1.0537951,0.0,0.0,0.0,0.0,0.0,0.0,0.0,0.0,12.330794,0.0,0.0,nan,0.0,0.0,0.0902759,0.0025192837,0.0025126347,0.0025012116,0.0,0.0,0.0,0.0,0.0,0.0
222644000,222560000,0.09006609,0.0900661,0.20256701,1.0508276,1.0509064,0.0,0.0,0.0,0.0,0.0,0.0,0.0,0.0,12.326215,0.0,0.0,nan,0.0,0.0,0.0902761,0.0025192837,0.0025126347,0.0025012116,0.0,0.0,0.0,0.0,0.0,0.0
