timestamp,accel_device_id,gyro_device_id,accel_clipping[0],accel_clipping[1],accel_clipping[2],accel_error_count,gyro_error_count,accel_rate_hz,gyro_rate_hz,accel_raw_rate_hz,gyro_raw_rate_hz,accel_vibration_metric,gyro_vibration_metric,delta_angle_coning_metric,mean_accel[0],mean_accel[1],mean_accel[2],mean_gyro[0],mean_gyro[1],mean_gyro[2],var_accel[0],var_accel[1],var_accel[2],var_gyro[0],var_gyro[1],var_gyro[2],temperature_accel,temperature_gyro
9464000,1310988,1310988,0,0,0,0,0,250.0,250.0,250.0,250.0,0.023800015,0.0022449838,1.816955e-11,-0.20178334,0.1784161,-9.924253,-0.0015978967,-0.005262406,-0.0002769689,0.0002882243,0.0009910383,0.00045046673,4.720719e-06,5.2726796e-06,4.1106578e-06,11.832729,11.832729
10464000,1310988,1310988,0,0,0,0,0,250.0,250.0,250.0,250.0,0.024137601,0.002204186,1.5678873e-11,-0.19728224,0.16539162,-9.932108,-0.0009800434,-0.0056245965,0.00017044223,0.00039391674,0.00043882075,0.0003356818,2.6935336e-06,3.224615e-06,2.739833e-06,11.832729,11.832729
11464000,1310988,1310988,0,0,0,0,0,250.0,250.0,250.0,250.0,0.024631891,0.002129356,1.2695829e-11,-0.19029118,0.17372344,-9.924444,-0.0007243799,-0.0047084684,0.0003834951,0.0005008201,0.00024262315,0.00045446175,4.1052103e-06,3.9418005e-06,3.756603e-06,11.832729,11.832729
12464000,1310988,1310988,0,0,0,0,0,250.0,250.0,250.0,250.0,0.023749586,0.002218713,1.1220669e-11,-0.17688361,0.15638945,-9.926168,-0.00089482206,-0.0046445536,0.0007030745,0.00040965516,0.0004887138,0.00025080377,3.1710526e-06,3.5977328e-06,3.1256611e-06,11.832729,11.832729
13464000,1310988,1310988,0,0,0,0,0,250.0,250.0,250.0,250.0,0.023436606,0.0021126983,9.8190015e-12,-0.17228676,0.15188833,-9.922529,-0.0015552861,-0.0052837115,-0.0002556636,0.00023363541,0.00050997327,0.0002989892,1.1329726e-06,4.6962077e-06,2.6127364e-06,11.832729,11.832729
14464000,1310988,1310988,0,0,0,0,0,250.0,250.0,250.0,250.0,0.02521989,0.0031875288,6.762927e-10,-0.062440783,-0.013981963,-10.130921,0.12998357,0.14811438,0.039031293,0.00082906894,0.001473717,0.0005673118,1.1721917e-05,0.0005533432,2.7541788e-05,11.832656,11.832656
15464000,1310988,1310988,0,0,0,0,0,250.0,250.0,250.0,250.0,0.024108686,0.0029304102,9.7153736e-11,-0.12545615,0.10687733,-10.291045,-0.026120286,-0.028613007,-0.002790993,0.000274687,0.00042687936,0.00043506658,1.0337468e-05,3.2119106e-06,5.385251e-06,11.8311205,11.8311205
16464000,1310988,1310988,0,0,0,0,0,250.0,250.0,250.0,250.0,0.023798143,0.0022826598,2.0668814e-11,-0.16979678,0.17707533,-10.13121,0.009395633,0.0032597093,-0.0006391586,0.00045899808,0.00030930043,0.00032470786,1.2638819e-05,3.5024102e-06,1.9745316e-06,11.8272705,11.8272705
17464000,1310988,1310988,0,0,0,0,0,250.0,250.0,250.0,250.0,0.023281302,0.0021353685,5.762112e-12,-0.19622877,0.20513539,-10.05651,0.0019600866,-0.00085221155,-0.0007030746,0.00037625257,0.00026355303,0.0003704798,5.531411e-06,1.7248782e-06,2.3313094e-06,11.821964,11.821964
18464000,1310988,1310988,0,0,0,0,0,250.0,250.0,250.0,250.0,0.024476117,0.002013548,7.508802e-12,-0.19460072,0.20005968,-9.960742,0.0029827408,-0.0018109495,-0.00017044238,0.00046844478,0.00026325948,0.0006474592,6.2413374e-06,2.8823624e-06,3.579576e-06,11.815796,11.815796
19464000,1310988,1310988,0,0,0,0,0,250.0,250.0,250.0,250.0,0.024394063,0.00228347,1.4656418e-11,-0.16998832,0.1735319,-9.953847,0.006093312,0.00066046393,-0.0013635387,0.00042785157,0.00037975598,0.0004457946,4.858709e-06,9.379707e-06,2.407568e-06,11.8092165,11.8092165
20464000,1310988,1310988,0,0,0,0,0,250.0,250.0,250.0,250.0,0.022801291,0.0022627723,2.1170576e-11,-0.14374788,0.15945402,-9.940726,-0.004452805,-0.0061572287,-0.0024288027,0.00045283465,0.00040400546,0.00049572915,3.4924246e-06,4.4728804e-06,4.4501858e-06,11.802367,11.802367
21464000,1310988,1310988,0,0,0,0,0,250.0,250.0,250.0,250.0,0.035660714,0.0030687028,1.2662266e-10,-0.15322892,0.1536121,-7.241407,-0.07388674,-0.00017044226,0.00061785337,0.00038978964,0.00036671295,0.06685313,0.0019884335,3.8746216e-06,1.3771793e-06,11.795529,11.795529
22464000,1310988,1310988,0,0,0,0,0,250.0,250.0,250.0,250.0,0.031901397,0.0029749274,1.1353098e-10,-0.15361197,0.45901653,-9.795828,0.04695686,-0.012655341,0.000980043,0.00040798585,0.00046431704,0.0012652543,5.9909547e-05,6.497343e-06,2.5800548e-06,11.794583,11.794583
23464000,1310988,1310988,0,0,0,0,0,250.0,250.0,250.0,250.0,0.025167735,0.0026604848,6.0734606e-10,-0.1664449,0.5473147,-9.906056,0.21192369,-0.017065536,0.0008096007,0.00065077445,0.00021415445,0.0005127383,1.584881e-05,1.05871195e-05,5.200054e-06,11.794399,11.794399
24464000,1310988,1310988,0,0,0,0,0,250.0,250.0,250.0,250.0,0.02400288,0.0025820732,1.7339574e-10,-0.19785681,0.047884207,-10.066565,0.0604218,-0.0047297743,0.0016831177,0.0003787288,0.00053882686,0.00032838766,8.33116e-06,7.3606916e-06,4.7588487e-06,11.794399,11.794399
25464000,1310988,1310988,0,0,0,0,0,250.0,250.0,250.0,250.0,0.022076728,0.0025196655,3.822352e-10,-0.22084118,-0.45595157,-9.895524,-0.14862569,0.006583334,0.0007456853,0.00037249233,0.00047695544,0.00029134023,2.9492701e-05,2.028729e-05,4.3575883e-06,11.794277,11.794277
26464000,1310988,1310988,0,0,0,0,0,250.0,250.0,250.0,250.0,0.023316016,0.0026522654,7.0720646e-10,-0.19373882,-0.39590502,-9.96237,-0.21497038,-0.00556068,0.0030892668,0.00035948682,0.0008230894,0.00052895775,7.376149e-06,1.8362687e-05,3.6540193e-06,11.794089,11.794089
27464000,1310988,1310988,0,0,0,0,0,250.0,250.0,250.0,250.0,0.022014396,0.0024889298,1.6732034e-10,-0.14767435,0.21078569,-10.028354,-0.07147924,-0.0071159666,-0.000213053,0.0003029905,0.0012379171,0.0002568021,4.536878e-05,1.2252989e-05,2.541926e-06,11.793758,11.793758
28464000,1310988,1310988,0,0,0,0,0,250.0,250.0,250.0,250.0,0.022072317,0.0024863335,3.409195e-10,-0.14183252,0.7865433,-9.887286,0.13761088,-0.016682044,-0.0017257287,0.00033259604,0.00042194512,0.00045614556,1.3660057e-05,4.782453e-06,5.9299496e-06,11.793667,11.793667
29464000,1310988,1310988,0,0,0,0,0,250.0,250.0,250.0,250.0,0.023552088,0.0024364828,5.282857e-10,-0.16998835,0.7914276,-9.883361,0.21914622,-0.010311759,0.00070307445,0.0004792123,0.00067964895,0.00048356137,4.843475e-05,5.12652e-06,2.535571e-06,11.793758,11.793758
30464000,1310988,1310988,0,0,0,0,0,250.0,250.0,250.0,250.0,0.024688952,0.0024872562,1.9789631e-10,-0.22591686,0.20082581,-10.119621,0.081940144,-0.0012996229,0.00023435816,0.0007987845,0.0006297715,0.0003175736,7.595821e-06,2.0859225e-05,2.4756548e-06,11.793861,11.793861
31464000,1310988,1310988,0,0,0,0,0,250.0,250.0,250.0,250.0,0.023977704,0.0024088018,2.9131536e-10,-0.24784777,-0.4127602,-9.936703,-0.11602861,0.010290455,0.0054328493,0.00029950507,0.0003801598,0.0003708613,5.5710803e-05,1.3111798e-05,3.7901932e-06,11.793919,11.793919
32464000,1310988,1310988,0,0,0,0,0,250.0,250.0,250.0,250.0,0.021793034,0.0026758271,6.1839145e-10,-0.21624428,-0.5184882,-9.891214,-0.23165241,-0.0061998386,0.0075207665,0.00044927615,0.00035130678,0.0002474977,2.523584e-05,2.6505928e-05,3.956326e-06,11.79409,11.79409
33464000,1310988,1310988,0,0,0,0,0,250.0,250.0,250.0,250.0,0.023618886,0.002537456,2.8335467e-10,-0.18492815,0.02624063,-10.100755,-0.117583886,-0.009097358,-0.00044741124,0.00031929734,0.0004867694,0.00040569826,6.430345e-05,7.4877885e-06,3.4197985e-06,11.794186,11.794186
34464000,1310988,1310988,0,0,0,0,0,250.0,250.0,250.0,250.0,0.024682315,0.0024043832,1.8999151e-10,-0.16357186,0.6828264,-9.905963,0.09329586,-0.014402375,-0.0028122985,0.00026492873,0.0006947436,0.00056136155,1.22938445e-05,5.208223e-06,2.5537274e-06,11.794186,11.794186
35464000,1310988,1310988,0,0,0,0,0,250.0,250.0,250.0,250.0,0.024772631,0.002478346,5.791881e-10,-0.16146496,0.87560767,-9.847734,0.21629128,-0.012293152,-0.0017257285,0.0005443668,0.0005390664,0.0005987566,7.919012e-06,6.1941287e-06,4.7497697e-06,11.7943125,11.7943125
36464000,1310988,1310988,0,0,0,0,0,250.0,250.0,250.0,250.0,0.022782475,0.0025344829,3.5590653e-10,-0.18588582,0.41170707,-10.092807,0.12938704,-0.007925569,0.0014913703,0.0004543939,0.0008641771,0.00040635947,3.447935e-06,2.2521468e-05,3.5405396e-06,11.794369,11.794369
37464000,1310988,1310988,0,0,0,0,0,250.0,250.0,250.0,250.0,0.023056429,0.0024446417,1.4724914e-10,-0.23999476,-0.26719272,-9.953463,-0.056927733,-0.0026205503,0.0025779402,0.00019410605,0.0007644461,0.0002309963,6.3328436e-05,5.0139483e-06,4.9858054e-06,11.794164,11.794164
38464000,1310988,1310988,0,0,0,0,0,250.0,250.0,250.0,250.0,0.02427409,0.002547887,5.148547e-10,-0.22170305,-0.55267733,-9.837105,-0.21352161,-0.003025351,0.0030679617,0.00021461377,0.00031351874,0.0005386076,7.337993e-06,1.10010915e-05,2.7979343e-06,11.793967,11.793967
39464000,1310988,1310988,0,0,0,0,0,250.0,250.0,250.0,250.0,0.022237977,0.002587484,3.4722497e-10,-0.19488798,-0.17640461,-9.989567,-0.1575313,0.00040480035,0.0014061491,0.00047004057,0.00070791325,0.00075253396,7.1997245e-05,3.887331e-06,3.447033e-06,11.793667,11.793667
40464000,1310988,1310988,0,0,0,0,0,250.0,250.0,250.0,250.0,0.021988181,0.0025158653,9.39464e-11,-0.16874333,0.5102525,-9.94245,0.029358689,-0.009992181,-0.0021518345,0.00024493466,0.00053989084,0.0011544803,1.8595096e-05,6.156909e-06,3.1883017e-06,11.793363,11.793363
41464000,1310988,1310988,0,0,0,0,0,250.0,250.0,250.0,250.0,0.023947239,0.002529123,4.8348875e-10,-0.15571888,0.87618226,-9.775621,0.19916184,-0.015680693,-0.0024288031,0.00048447656,0.0004019325,0.00037303835,1.0619842e-05,3.792008e-06,3.701226e-06,11.793301,11.793301
42464000,1310988,1310988,0,0,0,0,0,250.0,250.0,250.0,250.0,0.022738172,0.0024728067,4.3374862e-10,-0.18502392,0.5749917,-9.979798,0.17589644,-0.010801783,0.0011504854,0.00055832556,0.00045842904,0.0003855283,1.0809576e-05,1.2698739e-05,2.2396184e-06,11.793392,11.793392
43464000,1310988,1310988,0,0,0,0,0,250.0,250.0,250.0,250.0,0.023751264,0.0023130467,2.1456448e-11,-0.19967642,-0.12679675,-9.971374,0.003600595,-0.004751079,0.0019813918,0.00055854575,0.000743572,0.0005818966,7.678615e-05,5.6721246e-06,2.6445107e-06,11.793392,11.793392
44464000,1310988,1310988,0,0,0,0,0,250.0,250.0,250.0,250.0,0.024164863,0.0024028423,4.7325055e-10,-0.23070528,-0.5603389,-9.813162,-0.18797657,0.0008309063,0.0003408846,0.00065891875,0.0004950217,0.00041479166,1.6793041e-05,1.3256143e-05,3.560513e-06,11.793453,11.793453
45464000,1310988,1310988,0,0,0,0,0,250.0,250.0,250.0,250.0,0.023029888,0.002416855,5.323171e-10,-0.23846251,-0.36257774,-9.948673,-0.19138542,0.0047723847,0.0009587381,0.00036044116,0.0007777819,0.0004465375,2.7001635e-05,9.066504e-06,3.2681903e-06,11.79351,11.79351
46464000,1310988,1310988,0,0,0,0,0,250.0,250.0,250.0,250.0,0.02429933,0.0021760294,7.176845e-11,-0.20331562,0.3221639,-9.948387,-0.028655615,-0.0048149955,8.522108e-05,0.0003017066,0.0007699866,0.00097171415,3.6948728e-05,8.49911e-06,2.580055e-06,11.793331,11.793331
47464000,1310988,1310988,0,0,0,0,0,250.0,250.0,250.0,250.0,0.022645473,0.0023172107,4.741526e-10,-0.17324445,0.8301178,-9.797649,0.16498816,-0.01836516,-0.0018322552,0.00036543014,0.00019834311,0.00051465543,1.7731778e-05,8.28668e-06,3.8827916e-06,11.793362,11.793362
48464000,1310988,1310988,0,0,0,0,0,250.0,250.0,250.0,250.0,0.022682695,0.0027007328,5.053421e-10,-0.17822437,0.71519613,-9.871389,0.19675434,-0.013741912,-2.1305546e-05,0.00071587384,0.0005115513,0.00020245266,6.627172e-06,2.0267322e-05,9.187249e-07,11.79354,11.79354
49464000,1310988,1310988,0,0,0,0,0,250.0,250.0,250.0,250.0,0.023968037,0.0023589735,1.12782596e-10,-0.19479224,0.074507736,-9.979226,0.05089834,-0.007840346,0.001107875,0.00054840185,0.00093701784,0.0003700387,5.4312826e-05,3.7339091e-06,1.8592372e-06,11.79356,11.79356
50464000,1310988,1310988,0,0,0,0,0,250.0,250.0,250.0,250.0,0.026528478,0.0025232658,4.1359616e-10,-0.22294806,-0.49665296,-9.792764,-0.14434335,-0.0023222768,0.0004900216,0.0005857484,0.0007062444,0.0006388005,1.8156607e-05,1.0210373e-05,3.1528962e-06,11.793514,11.793514
51464000,1310988,1310988,0,0,0,0,0,250.0,250.0,250.0,250.0,0.024988862,0.0024386346,5.7496385e-10,-0.22802377,-0.49665296,-9.817088,-0.22264026,0.004495416,-0.000894822,0.0003367232,0.00064983737,0.0005098883,4.464239e-05,8.217682e-06,3.1483569e-06,11.793545,11.793545
52464000,1310988,1310988,0,0,0,0,0,250.0,250.0,250.0,250.0,0.022570496,0.0023501972,1.9598628e-10,-0.19498377,0.08887293,-10.023278,-0.077189066,-0.0019813918,0.00010652639,0.0002705964,0.0005275093,0.00043569747,2.723311e-05,3.1211212e-06,3.0866245e-06,11.793514,11.793514
53464000,1310988,1310988,0,0,0,0,0,250.0,250.0,250.0,250.0,0.023938602,0.0025044207,3.192235e-10,-0.18713081,0.719793,-9.798988,0.10950919,-0.013124059,-0.0018535603,0.0003236081,0.0005694966,0.00038153137,2.571429e-05,7.0102697e-06,1.999951e-06,11.793423,11.793423
54464000,1310988,1310988,0,0,0,0,0,250.0,250.0,250.0,250.0,0.022436969,0.0025712156,5.453561e-10,-0.17851168,0.8174764,-9.79621,0.22342856,-0.014040186,-0.00038349544,0.00020135158,0.00045035826,0.00020401228,3.7586935e-05,7.4641844e-06,1.7366802e-06,11.793563,11.793563
55464000,1310988,1310988,0,0,0,0,0,250.0,250.0,250.0,250.0,0.023144726,0.0025117865,3.0573238e-10,-0.2158612,0.2808879,-10.010253,0.11619905,-0.008735168,0.0007243797,0.00030709928,0.00094728975,0.00037350602,6.152096e-05,4.539152e-06,7.078356e-06,11.793728,11.793728
56464000,1310988,1310988,0,0,0,0,0,250.0,250.0,250.0,250.0,0.024271296,0.0022966992,2.2823783e-10,-0.23472753,-0.3777091,-9.873976,-0.09265671,-0.0010226538,0.00068176934,0.00062113215,0.00036194484,0.0013947106,2.1912294e-05,4.174205e-06,3.0530343e-06,11.793887,11.793887
57464000,1310988,1310988,0,0,0,0,0,250.0,250.0,250.0,250.0,0.023561668,0.0024914383,5.617705e-10,-0.23807941,-0.5888777,-9.817569,-0.22004104,8.522116e-05,-0.0005326323,0.00022382189,0.0005917832,0.0005507928,3.7974578e-06,4.6907608e-06,3.608627e-06,11.794033,11.794033
58464000,1310988,1310988,0,0,0,0,0,250.0,250.0,250.0,250.0,0.024184823,0.002416524,2.9552746e-10,-0.20360292,-0.14537576,-10.001155,-0.13104881,-0.0032597093,-0.00014913708,0.00023088387,0.00069223007,0.0002674774,1.28566735e-05,4.5691118e-06,2.3721616e-06,11.793957,11.793957
59464000,1310988,1310988,0,0,0,0,0,250.0,250.0,250.0,250.0,0.024325263,0.0025061052,1.2156827e-10,-0.1739148,0.5169562,-9.839786,0.0515588,-0.013464943,-0.00093743287,0.00045760395,0.0006951642,0.00040387124,0.00011806335,7.456013e-06,2.4801943e-06,11.793789,11.793789
60464000,1310988,1310988,0,0,0,0,0,250.0,250.0,250.0,250.0,0.02262323,0.0025770096,5.5184507e-10,-0.17353176,0.8239887,-9.742103,0.2135429,-0.012996225,-0.00046871655,0.00042194486,0.0004134885,0.00019282286,1.1005643e-05,6.6725543e-06,2.2314482e-06,11.793758,11.793758
61464000,1310988,1310988,0,0,0,0,0,250.0,250.0,250.0,250.0,0.024035508,0.0024279524,3.9971582e-10,-0.18617311,0.44187403,-9.966008,0.16277239,-0.011142666,0.0015978965,0.0005141923,0.0004980505,0.0010258704,3.5586807e-05,2.8578509e-06,3.2001033e-06,11.793836,11.793836
62464000,1310988,1310988,0,0,0,0,0,250.0,250.0,250.0,250.0,0.02453534,0.002320139,7.1938754e-11,-0.23654713,-0.24918833,-9.909985,-0.03206446,-0.0030892664,-0.0008522116,0.00031962752,0.0009079441,0.0004653133,4.45064e-05,4.0398454e-06,4.4029784e-06,11.79385,11.79385
63464000,1310988,1310988,0,0,0,0,0,250.0,250.0,250.0,250.0,0.025032168,0.0025742997,5.338435e-10,-0.23635559,-0.6165546,-9.774855,-0.20614998,0.006966829,-0.00068176916,0.0007931166,0.00034169407,0.0004285504,1.2743219e-05,9.394233e-06,2.826077e-06,11.793968,11.793968
64464000,1310988,1310988,0,0,0,0,0,250.0,250.0,250.0,250.0,0.02354968,0.002727235,4.544887e-10,-0.2099236,-0.32494083,-9.9179325,-0.17382985,0.0017470338,0.0017044231,0.0002841888,0.0003405017,0.00036094792,2.1649004e-05,7.660274e-06,2.9958414e-06,11.794117,11.794117
65464000,1310988,1310988,0,0,0,0,0,250.0,250.0,250.0,250.0,0.023009485,0.0024149385,2.3891944e-11,-0.16663645,0.36123732,-9.909027,-0.008351672,-0.004729774,0.00021305279,0.00045811763,0.00081457844,0.0005064069,6.252047e-05,3.457019e-06,3.4951481e-06,11.794216,11.794216
66464000,1310988,1310988,0,0,0,0,0,250.0,250.0,250.0,250.0,0.023065435,0.0023287947,4.518304e-10,-0.15533581,0.81690174,-9.749095,0.18778482,-0.017981665,-0.00074568525,0.0006747122,0.00041822172,0.00035423881,8.0361e-06,9.379705e-06,5.1065476e-06,11.794502,11.794502
67464000,1310988,1310988,0,0,0,0,0,250.0,250.0,250.0,250.0,0.021300001,0.0024150484,5.1269994e-10,-0.1487278,0.6084147,-9.959784,0.18778482,-0.011568773,0.0015552859,0.00030464123,0.00047752372,0.0004785017,1.684207e-05,1.1314294e-05,2.472023e-06,11.794988,11.794988
68464000,1310988,1310988,0,0,0,0,0,250.0,250.0,250.0,250.0,0.023269696,0.0023089796,6.802568e-11,-0.19421762,-0.055162236,-9.959686,0.02788862,-0.0060080914,0.0024714135,0.00030051408,0.0010599896,0.0002659404,4.468342e-06,1.2358298e-05,3.0158142e-06,11.795193,11.795193
69464000,1310988,1310988,0,0,0,0,0,250.0,250.0,250.0,250.0,0.025327578,0.0022734483,3.2999006e-10,-0.21586122,-0.5672341,-9.761735,-0.16716132,0.0010652645,0.00023435817,0.0006533242,0.00048651287,0.00020052631,2.9156627e-05,3.6313227e-06,2.3394796e-06,11.795223,11.795223
70464000,1310988,1310988,0,0,0,0,0,250.0,250.0,250.0,250.0,0.024918532,0.0025368368,5.512007e-10,-0.21174319,-0.48056403,-9.875603,-0.19963056,0.0048789103,-0.0017683388,0.0005246476,0.0003716849,0.00041042673,7.625775e-06,1.0682443e-05,1.9681768e-06,11.795345,11.795345
71464000,1310988,1310988,0,0,0,0,0,250.0,250.0,250.0,250.0,0.02333164,0.0025361518,1.369358e-10,-0.20475213,0.1331178,-9.988992,-0.054839812,-0.004261057,-0.00031957944,0.00049623434,0.0013729768,0.00061798294,8.123904e-05,4.062542e-06,2.2468812e-06,11.795406,11.795406
72464000,1310988,1310988,0,0,0,0,0,250.0,250.0,250.0,250.0,0.025225904,0.0023436176,3.7606102e-10,-0.17190368,0.71538764,-9.793242,0.13856958,-0.011973574,-0.0022796663,0.00060486177,0.0005044341,0.00038887176,1.4518099e-05,5.4043144e-06,5.3453064e-06,11.795432,11.795432
73464000,1310988,1310988,0,0,0,0,0,250.0,250.0,250.0,250.0,0.023810338,0.0023874682,4.855082e-10,-0.16721104,0.7416281,-9.797935,0.22251244,-0.0153824175,0.0017257282,0.0006248923,0.0004513671,0.0003356395,4.403611e-05,2.6399705e-06,3.4561115e-06,11.795498,11.795498
74464000,1310988,1310988,0,0,0,0,0,250.0,250.0,250.0,250.0,0.02347381,0.0025748098,2.2878707e-10,-0.19144039,0.14968567,-10.0351515,0.07633685,-0.0059015653,0.0012144013,0.00035882674,0.00056272774,0.0003348009,5.2363653e-06,6.0579546e-06,5.935396e-06,11.795498,11.795498
75464000,1310988,1310988,0,0,0,0,0,250.0,250.0,250.0,250.0,0.023933046,0.002490783,2.1320996e-10,-0.21710621,-0.459495,-9.816609,-0.110830106,0.0013422332,-0.0003408846,0.0004382702,0.00017192935,0.0005350114,3.9398055e-05,6.312146e-06,1.6994593e-06,11.795437,11.795437
76464000,1310988,1310988,0,0,0,0,0,250.0,250.0,250.0,250.0,0.021722222,0.0024409217,5.7825716e-10,-0.21078554,-0.57652366,-9.808854,-0.23013975,0.0011291805,-0.00031957935,0.0005803192,0.0004383999,0.00018065386,4.6735004e-06,5.771987e-06,3.5178439e-06,11.795467,11.795467
77464000,1310988,1310988,0,0,0,0,0,250.0,250.0,250.0,250.0,0.024793748,0.0024305654,2.1780709e-10,-0.1889504,-0.06263214,-10.002304,-0.1027128,-0.00014913706,-0.00021305295,0.0006979162,0.0006725844,0.0004716488,1.8762168e-05,3.938169e-06,2.51923e-06,11.795345,11.795345
78464000,1310988,1310988,0,0,0,0,0,250.0,250.0,250.0,250.0,0.025912426,0.0024309405,2.1226328e-10,-0.16788143,0.58581346,-9.79918,0.08764997,-0.011973573,-0.0018535604,0.0007375371,0.0011545668,0.00039636667,3.014175e-05,8.332069e-06,2.2723004e-06,11.795071,11.795071
79464000,1310988,1310988,0,0,0,0,0,250.0,250.0,250.0,250.0,0.023743697,0.0027810389,5.830215e-10,-0.15926228,0.7743808,-9.744974,0.21175326,-0.01216532,-0.00017044254,0.0004971516,0.00022611505,0.00026564882,1.4595185e-05,1.5380467e-05,2.7852245e-06,11.794965,11.794965
80464000,1310988,1310988,0,0,0,0,0,250.0,250.0,250.0,250.0,0.02523586,0.002517213,3.018162e-10,-0.18330008,0.33193234,-9.971753,0.12996227,-0.008692558,0.001619202,0.0002962769,0.00056628697,0.0002749072,9.350661e-06,9.934391e-06,3.4379545e-06,11.794888,11.794888
81464000,1310988,1310988,0,0,0,0,0,250.0,250.0,250.0,250.0,0.024424613,0.0024954046,1.3396659e-10,-0.22419304,-0.3593216,-9.882211,-0.056395102,-0.0075633763,0.000894822,0.0006070996,0.0010693622,0.0002082224,6.51214e-05,1.0780485e-05,1.763915e-06,11.794735,11.794735
82464000,1310988,1310988,0,0,0,0,0,250.0,250.0,250.0,250.0,0.023663286,0.0024595486,3.787527e-10,-0.23731329,-0.65045655,-9.751202,-0.21247764,0.0020240024,-0.0005113269,0.00043304253,0.00018926385,0.000382309,1.5272442e-05,6.2413365e-06,2.030817e-06,11.794704,11.794704
83464000,1310988,1310988,0,0,0,0,0,250.0,250.0,250.0,250.0,0.024515653,0.002454863,4.7389087e-10,-0.20494366,-0.26115936,-9.894086,-0.16166452,-0.0042184475,-0.00014913708,0.0005039752,0.0006327992,0.00056456577,7.135829e-05,4.4465546e-06,5.231828e-06,11.794613,11.794613
84464000,1310988,1310988,0,0,0,0,0,250.0,250.0,250.0,250.0,0.021816263,0.0023210975,7.550186e-11,-0.18004395,0.42789194,-9.891978,0.03310842,-0.008607337,-0.0015126757,0.0003393464,0.00047303006,0.00032963845,1.6356382e-05,4.2595407e-06,2.6481418e-06,11.79446,11.79446
85464000,1310988,1310988,0,0,0,0,0,250.0,250.0,250.0,250.0,0.022040201,0.0025819684,5.733696e-10,-0.15418659,0.7897037,-9.712511,0.19824573,-0.011249192,-0.0019813923,0.00034118048,0.0002075884,0.00043597634,1.3912447e-05,1.1627494e-05,4.3920845e-06,11.79446,11.79446
86464000,1310988,1310988,0,0,0,0,0,250.0,250.0,250.0,250.0,0.024178963,0.0025030104,4.2442094e-10,-0.1742979,0.48966226,-9.928659,0.17574735,-0.016426375,0.00029827375,0.00037970103,0.0004301982,0.0008642008,5.5259393e-06,4.7588487e-06,2.6799162e-06,11.794552,11.794552
87464000,1310988,1310988,0,0,0,0,0,250.0,250.0,250.0,250.0,0.023354737,0.002400185,2.1639825e-11,-0.20408176,-0.21595684,-9.889203,-0.006498113,-0.0044315,0.0015978965,0.00035598341,0.0010336302,0.00066039665,5.09066e-05,2.8306158e-06,2.5646216e-06,11.794491,11.794491
88464000,1310988,1310988,0,0,0,0,0,250.0,250.0,250.0,250.0,0.023972115,0.0023172528,3.4180392e-10,-0.21988349,-0.66769475,-9.745167,-0.18625084,0.0018322549,-0.0008096009,0.00040340016,0.00048853067,0.00046486026,6.0001297e-05,4.4728813e-06,2.363083e-06,11.794552,11.794552
89464000,1310988,1310988,0,0,0,0,0,250.0,250.0,250.0,250.0,0.023296095,0.0023465985,5.0087096e-10,-0.21806388,-0.4682099,-9.858365,-0.19108714,0.0015765916,-0.0007882957,0.00054475194,0.00063241227,0.0003187138,5.1003713e-05,4.413873e-06,3.3163055e-06,11.794552,11.794552
90464000,1310988,1310988,0,0,0,0,0,250.0,250.0,250.0,250.0,0.022771453,0.0023968562,4.7753412e-11,-0.19144034,0.18770559,-9.940535,-0.023925839,-0.0048363013,0.0005113269,0.00028132726,0.00073234603,0.0003305965,1.1504935e-05,2.7443716e-06,4.504656e-06,11.7945175,11.7945175
91464000,1310988,1310988,0,0,0,0,0,250.0,250.0,250.0,250.0,0.024405107,0.0027199385,4.6328785e-10,-0.18301277,0.70609814,-9.760968,0.16343288,-0.0106739495,-0.0012783175,0.00044026974,0.00038195724,0.0004512156,5.838887e-05,9.588507e-06,4.856895e-06,11.794551,11.794551
92464000,1310988,1310988,0,0,0,0,0,250.0,250.0,250.0,250.0,0.024863139,0.002447264,3.524114e-10,-0.1906742,0.6042967,-9.824368,0.19705263,-0.0123144565,0.00017044213,0.0005107987,0.0005493743,0.00045766498,1.2697806e-05,2.6853636e-06,1.0376505e-06,11.794755,11.794755
93464000,1310988,1310988,0,0,0,0,0,250.0,250.0,250.0,250.0,0.023513831,0.0023895456,9.719697e-11,-0.19709069,-0.0041178525,-9.997037,0.035388082,-0.005581986,0.001193096,0.00043735316,0.0004739476,0.0005457591,3.824418e-05,4.451093e-06,5.476034e-06,11.795004,11.795004
94464000,1310988,1310988,0,0,0,0,0,250.0,250.0,250.0,250.0,0.022701478,0.0024048463,3.243714e-10,-0.23137566,-0.54415387,-9.787975,-0.14764565,0.0013635384,-0.00010652642,0.0003218654,0.00037627103,0.00054616993,2.8029228e-05,3.020353e-06,3.2681903e-06,11.795109,11.795109
95464000,1310988,1310988,0,0,0,0,0,250.0,250.0,250.0,250.0,0.02472028,0.0024874154,5.767283e-10,-0.21528661,-0.5259581,-9.791901,-0.21763352,0.0021731397,0.0009800432,0.0005699733,0.00063408376,0.00042129096,3.6176898e-05,7.5331786e-06,3.5786688e-06,11.795223,11.795223
96464000,1310988,1310988,0,0,0,0,0,250.0,250.0,250.0,250.0,0.024588613,0.0025511363,1.5865427e-10,-0.17602171,0.042616967,-9.9677305,-0.07177753,-0.004644553,0.0003408845,0.00041552508,0.0010070332,0.0009045191,8.6795044e-05,7.1382724e-06,2.3576365e-06,11.79523,11.79523
97464000,1310988,1310988,0,0,0,0,0,250.0,250.0,250.0,250.0,0.02425312,0.002381301,2.8868977e-10,-0.15380354,0.65457493,-9.803776,0.12092883,-0.0033449307,-0.0020026974,0.00065680884,0.00029624018,0.0007428847,2.2366148e-05,3.2119044e-06,2.7525427e-06,11.7952385,11.7952385
98464000,1310988,1310988,0,0,0,0,0,250.0,250.0,250.0,250.0,0.023674015,0.0021369567,4.794742e-10,-0.1544739,0.74881065,-9.794872,0.21867746,-0.015382418,-0.0006604642,0.00022475736,0.0005600488,0.00075385143,9.239014e-06,3.4116279e-06,1.8447118e-06,11.795437,11.795437
99464000,1310988,1310988,0,0,0,0,0,250.0,250.0,250.0,250.0,0.025230568,0.0023606154,2.9081942e-10,-0.17985241,0.20963648,-9.998378,0.11460114,-0.011227886,0.0006604637,0.00043762807,0.00048154153,0.00047687656,0.00011020321,6.19413e-06,3.183762e-06,11.795467,11.795467
100464000,1310988,1310988,0,0,0,0,0,250.0,250.0,250.0,250.0,0.024137245,0.00244968,2.1711286e-10,-0.21461627,-0.44244832,-9.829251,-0.084539376,0.00044741115,0.00063915877,0.00025858168,0.0006681449,0.0003935001,0.00011648663,3.6921476e-06,3.2454943e-06,11.795437,11.795437
101464000,1310988,1310988,0,0,0,0,0,250.0,250.0,250.0,250.0,0.022906514,0.0023807506,6.7978567e-10,-0.22141577,-0.62220496,-9.775238,-0.22442992,0.00624245,-0.0006604638,0.000300881,0.0005210895,0.0006086822,5.5123455e-06,2.3479226e-05,3.910027e-06,11.795555,11.795555
102464000,1310988,1310988,0,0,0,0,0,250.0,250.0,250.0,250.0,0.023965478,0.0023442986,3.1326303e-10,-0.22955607,-0.1512176,-10.0054655,-0.13000487,0.0018961708,0.0007243799,0.00061372155,0.00064140104,0.0004418195,3.2725417e-05,5.062971e-06,2.0852872e-06,11.795618,11.795618
103464000,1310988,1310988,0,0,0,0,0,250.0,250.0,250.0,250.0,0.022666086,0.0024721317,2.0076044e-10,-0.18789695,0.5369718,-9.8394985,0.06351106,-0.006072007,-0.0014061492,0.00038801055,0.00044734927,0.00034050443,7.969126e-05,1.6726777e-05,2.7888561e-06,11.795528,11.795528
104464000,1310988,1310988,0,0,0,0,0,250.0,250.0,250.0,250.0,0.025012791,0.0023183771,4.568342e-10,-0.18100168,0.8153695,-9.764895,0.21203026,-0.0077977353,-0.0016405074,0.00023891804,0.00041046238,0.00043017953,2.040822e-06,1.2661516e-05,1.2918431e-06,11.79562,11.79562
105464000,1310988,1310988,0,0,0,0,0,250.0,250.0,250.0,250.0,0.024404418,0.0025311934,3.3831893e-10,-0.1896208,0.41994315,-10.00173,0.14935008,-0.011781825,0.0006604637,0.00021553067,0.0005498332,0.00022567065,1.3730907e-05,9.221743e-06,2.3894106e-06,11.795681,11.795681
106464000,1310988,1310988,0,0,0,0,0,250.0,250.0,250.0,250.0,0.0237822,0.0024565517,4.3570706e-11,-0.2156697,-0.27293882,-9.862004,-0.020921797,-0.0015126757,0.0013635388,0.0002916178,0.0007506895,0.00020879749,8.0105165e-05,1.8537899e-06,5.403409e-06,11.795467,11.795467
107464000,1310988,1310988,0,0,0,0,0,250.0,250.0,250.0,250.0,0.023351172,0.0024459928,4.981862e-10,-0.22946028,-0.63867706,-9.780027,-0.20651218,-0.0002769687,-8.522113e-05,0.00053180155,0.00048713683,0.00027206965,5.368002e-06,1.8794817e-05,3.215536e-06,11.795406,11.795406
108464000,1310988,1310988,0,0,0,0,0,250.0,250.0,250.0,250.0,0.022294533,0.0024810352,4.2237275e-10,-0.2138501,-0.33470917,-9.908068,-0.17010143,-0.00044741115,-0.00012783176,0.00029473606,0.0010139098,0.00038745152,1.3660158e-05,6.3021607e-06,3.3199367e-06,11.795305,11.795305
109464000,1310988,1310988,0,0,0,0,0,250.0,250.0,250.0,250.0,0.023596741,0.0024043054,2.714765e-11,-0.18684348,0.3614289,-9.889202,-0.0012144013,-0.0065833335,-0.0018109496,0.0005069469,0.0008838949,0.0005342883,4.0705316e-05,1.7473016e-05,3.9717597e-06,11.795193,11.795193
110464000,1310988,1310988,0,0,0,0,0,250.0,250.0,250.0,250.0,0.022896096,0.0024976167,5.538884e-10,-0.16108188,0.81029373,-9.764895,0.1933668,-0.006178533,-0.0006817694,0.00026116832,0.0005030944,0.00039303477,3.838956e-05,1.7680002e-05,1.8501592e-06,11.795243,11.795243
111464000,1310988,1310988,0,0,0,0,0,250.0,250.0,250.0,250.0,0.025115239,0.0024895808,5.524657e-10,-0.16433801,0.5998913,-9.89294,0.1970313,-0.013614083,0.00074568484,0.0004709025,0.00059664366,0.00028819294,5.77589e-05,8.512727e-06,2.8142754e-06,11.795193,11.795193
112464000,1310988,1310988,0,0,0,0,0,250.0,250.0,250.0,250.0,0.024480032,0.002299111,3.576378e-11,-0.19144037,-0.063398294,-9.92138,0.020559605,-0.00596548,0.00080960087,0.0005156597,0.0011033888,0.00075522263,8.374739e-06,6.876814e-06,1.7276019e-06,11.794918,11.794918
113464000,1310988,1310988,0,0,0,0,0,250.0,250.0,250.0,250.0,0.023434673,0.0025231615,4.4652462e-10,-0.21346702,-0.58025855,-9.746795,-0.16545689,-0.0041971416,0.00027696884,0.00015806196,0.00044934943,0.0005979804,3.9533203e-05,7.996173e-06,7.1745853e-06,11.794704,11.794704
114464000,1310988,1310988,0,0,0,0,0,250.0,250.0,250.0,250.0,0.023796508,0.0025827917,5.354823e-10,-0.20187907,-0.4515463,-9.820058,-0.20323114,0.004942827,0.0001278318,0.00041901026,0.00050214125,0.0006209152,1.0260283e-05,1.4083178e-05,3.297241e-06,11.794613,11.794613
115464000,1310988,1310988,0,0,0,0,0,250.0,250.0,250.0,250.0,0.025037887,0.0024562108,1.1480743e-10,-0.1772667,0.1895252,-9.914102,-0.04768123,-0.0033023197,-0.0008309063,0.0005225383,0.00085784873,0.0004270769,2.0769334e-05,3.9717593e-06,2.135218e-06,11.794522,11.794522
116464000,1310988,1310988,0,0,0,0,0,250.0,250.0,250.0,250.0,0.0230923,0.0024658525,3.9696638e-10,-0.16615759,0.7587706,-9.722854,0.14285198,-0.007158577,0.00055393745,0.0004833393,0.00023796418,0.0002687305,4.816029e-05,6.9467196e-06,2.5301242e-06,11.794572,11.794572
117464000,1310988,1310988,0,0,0,0,0,250.0,250.0,250.0,250.0,0.023431169,0.0027016657,5.641643e-10,-0.14978126,0.74038315,-9.809427,0.21266942,-0.012740564,0.00053263205,0.0005076804,0.00031058423,0.00032452412,3.5825837e-05,7.170045e-06,3.2001035e-06,11.7948265,11.7948265
118464000,1310988,1310988,0,0,0,0,0,250.0,250.0,250.0,250.0,0.023064977,0.0023620294,1.5605743e-10,-0.16730683,0.1111869,-10.004507,0.06762298,-0.004261058,0.0012357066,0.00051191763,0.000318747,0.0006222304,1.10864175e-05,7.625776e-06,2.5809625e-06,11.794949,11.794949
119464000,1310988,1310988,0,0,0,0,0,250.0,250.0,250.0,250.0,0.023851365,0.0022859208,2.0651869e-10,-0.21337128,-0.48496935,-9.793146,-0.11415373,-0.00042610578,-0.00051132694,0.00031656405,0.00066634774,0.00023520074,5.5530276e-05,4.561849e-06,1.2137697e-06,11.794979,11.794979
120464000,1310988,1310988,0,0,0,0,0,250.0,250.0,250.0,250.0,0.023733428,0.0023908264,5.005756e-10,-0.21519084,-0.5703945,-9.779069,-0.22922361,-8.522109e-05,-0.0012144014,0.0007609246,0.00033030365,0.00025044187,8.054285e-06,3.760235e-06,2.5537272e-06,11.795101,11.795101
121464000,1310988,1310988,0,0,0,0,0,250.0,250.0,250.0,250.0,0.022557775,0.0024396009,2.437279e-10,-0.17937359,-0.0009575058,-10.035536,-0.101626225,-0.002151834,-0.0008735169,0.00014762483,0.00064017234,0.0005296506,6.26857e-05,3.5514333e-06,2.8796392e-06,11.795223,11.795223
122464000,1310988,1310988,0,0,0,0,0,250.0,250.0,250.0,250.0,0.024107696,0.002453881,2.294172e-10,-0.16941372,0.63685787,-9.791711,0.09723733,-0.01184574,-0.0014061494,0.00044494722,0.00049296895,0.00035001928,1.7999579e-05,3.365328e-06,3.4697289e-06,11.795223,11.795223
123464000,1310988,1310988,0,0,0,0,0,250.0,250.0,250.0,250.0,0.0256975,0.002678557,6.161032e-10,-0.15782578,0.7925767,-9.780888,0.221085,-0.010972224,-0.00014913721,0.0005525475,0.0005826121,0.00033030903,1.5748992e-05,1.4048682e-05,4.0743444e-06,11.795502,11.795502
124464000,1310988,1310988,0,0,0,0,0,250.0,250.0,250.0,250.0,0.024699701,0.0024601237,2.727088e-10,-0.1610819,0.331645,-10.01169,0.123677194,-0.007307714,0.00025566333,0.00040699542,0.00070075935,0.0006075453,1.3299713e-05,4.392084e-06,2.2042123e-06,11.795751,11.795751
125464000,1310988,1310988,0,0,0,0,0,250.0,250.0,250.0,250.0,0.024022117,0.0024279156,1.3801399e-10,-0.1801397,-0.33873144,-9.887765,-0.06547115,-0.0003834952,0.00025566344,0.0004596214,0.00065352616,0.00040872896,6.1140585e-05,2.689902e-06,4.1106573e-06,11.795803,11.795803
126464000,1310988,1310988,0,0,0,0,0,250.0,250.0,250.0,250.0,0.023861052,0.0023790973,4.4269244e-10,-0.20264524,-0.5918466,-9.7783985,-0.21620607,-0.0004048006,0.00017044232,0.000375519,0.0006644784,0.00020269128,6.5799645e-06,8.17683e-06,8.7878027e-07,11.795834,11.795834
127464000,1310988,1310988,0,0,0,0,0,250.0,250.0,250.0,250.0,0.024621135,0.0025333418,3.8336162e-10,-0.1772667,-0.1566764,-9.975489,-0.14990403,-0.0044315,-0.00059654814,0.00049089675,0.0006888181,0.00071040646,2.3287788e-05,8.322992e-06,2.821538e-06,11.795816,11.795816
128464000,1310988,1310988,0,0,0,0,0,250.0,250.0,250.0,250.0,0.02260335,0.0023899814,1.131448e-10,-0.17659631,0.5080498,-9.850703,0.041374877,-0.00551807,-0.0010013488,0.00033993332,0.000517732,0.00028202464,3.2493965e-05,1.0301153e-05,5.8173796e-06,11.7957115,11.7957115
129464000,1310988,1310988,0,0,0,0,0,250.0,250.0,250.0,250.0,0.022854472,0.0024969038,6.118449e-10,-0.15275007,0.8471645,-9.771409,0.20546821,-0.0055606803,-0.0014913703,0.000234791,0.0005840799,0.00039598843,6.8831664e-06,7.3779397e-06,6.037074e-06,11.795828,11.795828
130464000,1310988,1310988,0,0,0,0,0,250.0,250.0,250.0,250.0,0.022414582,0.002445764,4.4297951e-10,-0.16519989,0.53189605,-9.941873,0.16198413,-0.014189323,0.0015552859,0.00042188994,0.0006565349,0.00046919737,5.885476e-06,6.3520906e-06,5.05934e-06,11.795925,11.795925
131464000,1310988,1310988,0,0,0,0,0,250.0,250.0,250.0,250.0,0.024414657,0.0023767103,1.3579164e-11,-0.21088126,-0.15705945,-9.909793,0.0009800436,4.2610478e-05,0.001107875,0.00054796186,0.0007575679,0.0002774067,6.964605e-05,2.721676e-06,2.3131527e-06,11.795803,11.795803
132464000,1310988,1310988,0,0,0,0,0,250.0,250.0,250.0,250.0,0.02294892,0.0022880528,4.035418e-10,-0.21068974,-0.58332306,-9.787975,-0.19639215,0.0011717909,0.0005326322,0.000505351,0.00039982382,0.00043015613,1.2471814e-05,9.759179e-06,2.1107066e-06,11.795742,11.795742
133464000,1310988,1310988,0,0,0,0,0,250.0,250.0,250.0,250.0,0.024011523,0.002703612,4.8382987e-10,-0.20111296,-0.36353543,-9.8983965,-0.18058363,0.008735169,-0.00042610566,0.0005979834,0.00057353213,0.00038828677,2.6565e-05,1.3753637e-05,3.381669e-06,11.795537,11.795537
134464000,1310988,1310988,0,0,0,0,0,250.0,250.0,250.0,250.0,0.024683468,0.0024354267,5.919454e-11,-0.16692375,0.31115058,-9.922434,-0.021731393,-0.009608685,-0.00044741126,0.00062665326,0.00048356,0.0005754475,4.2100633e-05,5.775619e-06,3.419798e-06,11.795218,11.795218
135464000,1310988,1310988,0,0,0,0,0,250.0,250.0,250.0,250.0,0.023903523,0.0023475336,3.9044412e-10,-0.145759,0.8173806,-9.728789,0.1704423,-0.0069881347,-0.0029827405,0.00057657686,0.00032834124,0.0004425797,2.2378052e-05,6.6798184e-06,3.2454948e-06,11.795101,11.795101
136464000,1310988,1310988,0,0,0,0,0,250.0,250.0,250.0,250.0,0.023140198,0.0025270313,5.2626453e-10,-0.16797717,0.68962616,-9.852808,0.18703914,-0.014040187,0.00068176904,0.0003373653,0.0004528365,0.0005354263,8.934849e-06,2.0536952e-05,3.5750372e-06,11.795162,11.795162
137464000,1310988,1310988,0,0,0,0,0,250.0,250.0,250.0,250.0,0.021813279,0.002317792,1.10168964e-10,-0.18464084,0.024899872,-9.944747,0.057694722,0.00294013,0.00029827398,0.00019412444,0.00062962517,0.0004263527,6.581136e-05,3.1120437e-06,3.4061807e-06,11.795028,11.795028
138464000,1310988,1310988,0,0,0,0,0,250.0,250.0,250.0,250.0,0.023663562,0.002300332,3.6284972e-10,-0.21250932,-0.51724315,-9.771981,-0.15446335,-0.004601943,0.0013848435,0.00038762524,0.00031847204,0.000668208,1.36174385e-05,2.2216434e-05,2.6554053e-06,11.794765,11.794765
139464000,1310988,1310988,0,0,0,0,0,250.0,250.0,250.0,250.0,0.02380619,0.002481901,5.987852e-10,-0.20072986,-0.485065,-9.797266,-0.22134066,0.0061785346,0.0006391588,0.0002117155,0.0007988378,0.00033701884,3.9282027e-06,6.990296e-06,2.0199234e-06,11.794485,11.794485
140464000,1310988,1310988,0,0,0,0,0,250.0,250.0,250.0,250.0,0.025163405,0.0023922026,1.4415784e-10,-0.19038692,0.08944755,-9.901651,-0.06570551,-0.0023648874,-0.0004900218,0.0004526699,0.00046218964,0.00047449343,3.2654627e-06,5.562279e-06,4.15151e-06,11.794112,11.794112
141464000,1310988,1310988,0,0,0,0,0,250.0,250.0,250.0,250.0,0.026358979,0.0024670966,3.0979674e-10,-0.18215087,0.70571506,-9.729555,0.11907525,-0.0060933125,-0.0016618127,0.00062316837,0.0006687325,0.00027881493,4.20798e-05,3.973575e-06,7.4968666e-06,11.793911,11.793911
142464000,1310988,1310988,0,0,0,0,0,250.0,250.0,250.0,250.0,0.023828704,0.0027646995,7.158835e-10,-0.17937358,0.78472376,-9.770736,0.22705047,-0.012974921,-0.0019174764,0.00024346718,0.00061782997,0.00036042838,1.1836295e-05,1.706449e-05,3.154712e-06,11.794033,11.794033
143464000,1310988,1310988,0,0,0,0,0,250.0,250.0,250.0,250.0,0.024691558,0.0024941736,1.8626403e-10,-0.18789695,0.23309964,-10.008626,0.1019032,-0.0031105718,0.0005113269,0.00044395676,0.0012894606,0.00097578554,3.973397e-05,2.4438798e-06,2.55282e-06,11.794247,11.794247
144464000,1310988,1310988,0,0,0,0,0,250.0,250.0,250.0,250.0,0.024469709,0.002346916,2.3571403e-10,-0.21988349,-0.38249743,-9.806842,-0.09742908,-0.0058376496,-0.0004900218,0.0004428377,0.00090352504,0.00071215344,1.3592961e-05,7.0238857e-06,1.9046289e-06,11.794372,11.794372
145464000,1310988,1310988,0,0,0,0,0,250.0,250.0,250.0,250.0,0.02407944,0.0023849122,5.3778243e-10,-0.21854272,-0.556125,-9.770259,-0.22649655,0.004772384,-0.000106526364,0.00034600485,0.00047624003,0.00046498972,9.94713e-06,7.273539e-06,1.6340953e-06,11.794659,11.794659
146464000,1310988,1310988,0,0,0,0,0,250.0,250.0,250.0,250.0,0.023229606,0.0022849252,2.4367217e-10,-0.19172767,-0.065888256,-9.967637,-0.11890482,-0.0017257285,-0.0014061491,0.00034114387,0.00045908982,0.00043347536,6.588121e-06,6.383865e-06,2.879639e-06,11.7948265,11.7948265
147464000,1310988,1310988,0,0,0,0,0,250.0,250.0,250.0,250.0,0.023366166,0.0024373848,1.6132115e-10,-0.165583,0.5851431,-9.810482,0.07096792,-0.0064981133,-0.0025779398,0.0005345528,0.0006007341,0.00034715398,3.479895e-05,3.1320155e-06,2.9431872e-06,11.794996,11.794996
148464000,1310988,1310988,0,0,0,0,0,250.0,250.0,250.0,250.0,0.024282658,0.0026283753,6.066327e-10,-0.16223109,0.8262871,-9.777346,0.21676,-0.016426379,-0.0009800436,0.00035873486,0.00041699264,0.0005618831,4.3518765e-05,9.661131e-06,3.0112747e-06,11.795521,11.795521
149464000,1310988,1310988,0,0,0,0,0,250.0,250.0,250.0,250.0,0.022411643,0.002311914,2.752625e-10,-0.18205512,0.4153463,-10.017723,0.1425324,-0.0071798824,-0.0002343583,0.00018410923,0.0007741311,0.00030343348,4.334896e-05,2.521953e-06,2.2940876e-06,11.795952,11.795952
150464000,1310988,1310988,0,0,0,0,0,250.0,250.0,250.0,250.0,0.022433203,0.0024245612,1.1296256e-10,-0.19009963,-0.25531748,-9.869186,-0.04648814,-0.00095873803,-0.00076699036,0.00024350389,0.00076622574,0.00035188222,1.5036399e-05,7.1037753e-06,3.860096e-06,11.795956,11.795956
151464000,1310988,1310988,0,0,0,0,0,250.0,250.0,250.0,250.0,0.023020025,0.0023640848,4.8463894e-10,-0.19632453,-0.58792,-9.740092,-0.20838703,-0.0020879183,-0.0012144016,0.00043702289,0.0004315571,0.00025864586,8.176841e-06,9.9162335e-06,4.1197354e-06,11.795986,11.795986
152464000,1310988,1310988,0,0,0,0,0,250.0,250.0,250.0,250.0,0.022277761,0.0024072523,3.5802677e-10,-0.17525558,-0.24545339,-9.961314,-0.15976836,0.005134575,-0.00010652636,0.0002531339,0.000702594,0.00046455077,6.5699746e-06,5.648522e-06,1.656791e-06,11.796017,11.796017
153464000,1310988,1310988,0,0,0,0,0,250.0,250.0,250.0,250.0,0.023431081,0.0025095202,3.29919e-11,-0.14642936,0.45001435,-9.91027,0.0020666132,-0.010162624,-0.0010013487,0.00029242484,0.0006339722,0.00027536508,5.352388e-05,6.2395225e-06,3.230061e-06,11.795864,11.795864
154464000,1310988,1310988,0,0,0,0,0,250.0,250.0,250.0,250.0,0.023839459,0.0025833333,4.870691e-10,-0.13934252,0.84467447,-9.752348,0.19170499,-0.007861652,-0.0010013486,0.00044023315,0.00018526471,0.00027089348,3.3406388e-05,1.1013801e-05,2.3449268e-06,11.795803,11.795803
155464000,1310988,1310988,0,0,0,0,0,250.0,250.0,250.0,250.0,0.024554908,0.0025841119,5.2436755e-10,-0.15667656,0.62622744,-9.9051,0.18450382,-0.008181229,0.0017044231,0.00065671763,0.00044256198,0.00041469725,2.0607858e-05,8.2358365e-06,3.495148e-06,11.795803,11.795803
156464000,1310988,1310988,0,0,0,0,0,250.0,250.0,250.0,250.0,0.022995323,0.002413049,3.913855e-11,-0.18847156,-0.038881663,-9.930478,0.014338459,-0.0020453075,0.0013422333,0.0005156781,0.0008691301,0.0004216678,1.2049632e-05,1.1227141e-05,1.6141231e-06,11.795633,11.795633
157464000,1310988,1310988,0,0,0,0,0,250.0,250.0,250.0,250.0,0.024492068,0.0023402679,3.5795034e-10,-0.18684351,-0.550762,-9.764799,-0.16605341,0.0016192021,-0.0013848437,0.00063626526,0.00041110473,0.0004283589,3.0668467e-05,1.2970177e-05,1.9745319e-06,11.795528,11.795528
158464000,1310988,1310988,0,0,0,0,0,250.0,250.0,250.0,250.0,0.023410495,0.0024664826,4.4616075e-10,-0.15495275,-0.39600074,-9.849266,-0.19236547,0.002599245,-0.0011291802,0.00039369686,0.00081488956,0.00034438624,1.5267e-05,6.997557e-06,3.593194e-06,11.795467,11.795467
159464000,1310988,1310988,0,0,0,0,0,250.0,250.0,250.0,250.0,0.022647833,0.0024986574,1.3022196e-10,-0.13857642,0.24976328,-9.929998,-0.047553405,-0.012207929,-0.00066046417,0.00028904984,0.00093307404,0.0003008761,4.0024417e-05,1.949384e-05,2.7752387e-06,11.795345,11.795345
160464000,1310988,1310988,0,0,0,0,0,250.0,250.0,250.0,250.0,0.02385344,0.0024086914,3.7457956e-10,-0.13503298,0.79612005,-9.763744,0.14770955,-0.0078616515,-0.0001491372,0.00035493795,0.0006535279,0.0005167902,2.831807e-05,1.7550183e-05,2.3040743e-06,11.795428,11.795428
161464000,1310988,1310988,0,0,0,0,0,250.0,250.0,250.0,250.0,0.023549395,0.0025316454,5.5850286e-10,-0.15887924,0.75896204,-9.798032,0.20717263,-0.0072011882,-0.0005539376,0.00069422944,0.00039896177,0.00040630996,2.9719651e-05,3.0212607e-06,3.8010867e-06,11.795702,11.795702
162464000,1310988,1310988,0,0,0,0,0,250.0,250.0,250.0,250.0,0.025088323,0.002575676,1.5977088e-10,-0.18033129,0.1604117,-10.082941,0.064789385,-0.005262406,0.0017044229,0.00064279523,0.0015536562,0.0005347083,4.4229523e-06,4.4783287e-06,3.8582803e-06,11.796047,11.796047
163464000,1310988,1310988,0,0,0,0,0,250.0,250.0,250.0,250.0,0.025148222,0.0025653474,2.7991323e-10,-0.21547814,-0.44263983,-9.806842,-0.12043881,0.0013635384,-0.0007030745,0.000729136,0.00048119324,0.00041314907,6.695961e-05,4.9948844e-06,3.488793e-06,11.796078,11.796078
164464000,1310988,1310988,0,0,0,0,0,250.0,250.0,250.0,250.0,0.023180248,0.0023869541,5.924099e-10,-0.2021664,-0.5063256,-9.820632,-0.22820094,0.002556635,0.00025566353,0.0002522536,0.00036049625,0.000462115,8.717011e-06,7.830041e-06,3.0666522e-06,11.795986,11.795986
165464000,1310988,1310988,0,0,0,0,0,250.0,250.0,250.0,250.0,0.023276148,0.0023497737,1.8607407e-10,-0.17889474,0.053917594,-9.953367,-0.095745966,-0.000149137,-0.0005752428,0.00042946573,0.0010423985,0.0007275375,3.314218e-05,1.6912887e-06,3.1528955e-06,11.795716,11.795716
166464000,1310988,1310988,0,0,0,0,0,250.0,250.0,250.0,250.0,0.025251254,0.002359284,2.0974404e-10,-0.14844051,0.68177307,-9.811629,0.101285346,-0.009992181,-0.0009374329,0.00053332414,0.0007833771,0.000525491,5.7049878e-05,9.288925e-06,2.0716695e-06,11.795589,11.795589
167464000,1310988,1310988,0,0,0,0,0,250.0,250.0,250.0,250.0,0.025022296,0.0024166913,5.989917e-10,-0.16836026,0.84352523,-9.795253,0.22579345,-0.014615428,0.00061785313,0.00041259013,0.0004910063,0.00046650026,1.0302029e-05,5.0856684e-06,5.1446764e-06,11.7957115,11.7957115
168464000,1310988,1310988,0,0,0,0,0,250.0,250.0,250.0,250.0,0.024358492,0.0024685422,2.2406114e-10,-0.19144037,0.3484044,-10.010254,0.115538575,-0.010482203,0.0015126752,0.00043724306,0.0007654184,0.00028498468,2.7216752e-06,6.6888983e-06,2.6935338e-06,11.795834,11.795834
169464000,1310988,1310988,0,0,0,0,0,250.0,250.0,250.0,250.0,0.02452813,0.0023433533,1.4200088e-10,-0.21136013,-0.32474938,-9.864399,-0.07245929,0.0003834953,0.0007456851,0.00037260223,0.00052501407,0.00047982385,7.213806e-05,6.3893126e-06,1.4298334e-06,11.795803,11.795803
170464000,1310988,1310988,0,0,0,0,0,250.0,250.0,250.0,250.0,0.023427146,0.002512552,5.65406e-10,-0.20417751,-0.5740336,-9.826186,-0.21560952,0.005305017,-0.000106526364,0.00030473305,0.0006325053,0.00038507167,1.4411826e-05,2.1117956e-05,3.7901934e-06,11.795864,11.795864
171464000,1310988,1310988,0,0,0,0,0,250.0,250.0,250.0,250.0,0.02223118,0.0023957114,3.0953684e-10,-0.17113756,-0.16874316,-9.997897,-0.14598386,-0.0026205503,-0.00012783178,0.00027107363,0.0007117652,0.00024410247,3.7627735e-05,4.060727e-06,3.024892e-06,11.795681,11.795681
172464000,1310988,1310988,0,0,0,0,0,250.0,250.0,250.0,250.0,0.022760851,0.0024244941,1.0102453e-10,-0.1418325,0.5105397,-9.884604,0.042290997,-0.008117314,-0.00095873815,0.00031838025,0.00041697416,0.00030268932,8.079689e-06,8.176829e-06,1.7248783e-06,11.795367,11.795367
173464000,1310988,1310988,0,0,0,0,0,250.0,250.0,250.0,250.0,0.024298431,0.00251972,4.6082865e-10,-0.14920665,0.84505755,-9.768535,0.19922574,-0.007968179,-0.0006391587,0.00046578483,0.00029233357,0.0006360165,2.8062886e-05,6.0252705e-06,2.5419258e-06,11.795284,11.795284
174464000,1310988,1310988,0,0,0,0,0,250.0,250.0,250.0,250.0,0.024638478,0.002290139,4.3195536e-10,-0.15619773,0.5066132,-9.943501,0.16373114,-0.009566075,0.00087351655,0.0006471793,0.0005571703,0.00081890106,3.1093089e-06,4.3684827e-06,1.4271101e-06,11.795284,11.795284
175464000,1310988,1310988,0,0,0,0,0,250.0,250.0,250.0,250.0,0.023466015,0.0024176245,2.3385427e-11,-0.19067422,-0.16673203,-9.891309,-0.008223842,-0.0043675844,0.0014700646,0.00033195416,0.00039936468,0.00039523354,6.166622e-05,3.2454946e-06,3.7057644e-06,11.795145,11.795145
176464000,1310988,1310988,0,0,0,0,0,250.0,250.0,250.0,250.0,0.023203904,0.0024856043,4.383043e-10,-0.20350717,-0.58926076,-9.75484,-0.19543341,0.004303668,-0.0008522115,0.00025955407,0.00031289543,0.00095426064,3.1114105e-05,6.1714322e-06,2.042619e-06,11.794979,11.794979
177464000,1310988,1310988,0,0,0,0,0,250.0,250.0,250.0,250.0,0.022556325,0.0024516056,5.381868e-10,-0.16089036,-0.32446203,-9.881253,-0.18580343,0.0028549088,0.0002769688,0.00015591584,0.0008887754,0.0003992743,3.6918733e-05,7.305314e-06,3.815613e-06,11.79474,11.79474
178464000,1310988,1310988,0,0,0,0,0,250.0,250.0,250.0,250.0,0.02329086,0.0024669566,4.167135e-11,-0.14528018,0.33777416,-9.9132395,-0.012697952,-0.0077977357,-0.0016405076,0.0003144552,0.0005154027,0.00049394526,1.2793147e-05,5.4896523e-06,2.3131524e-06,11.79443,11.79443
179464000,1310988,1310988,0,0,0,0,0,250.0,250.0,250.0,250.0,0.023417922,0.002451996,4.7812787e-10,-0.13915099,0.84821796,-9.714809,0.17137975,-0.008649949,-0.00080960116,0.00040644532,0.0006330734,0.00038377955,4.6362975e-06,9.515879e-06,3.0666522e-06,11.794308,11.794308
180464000,1310988,1310988,0,0,0,0,0,250.0,250.0,250.0,250.0,0.023612808,0.0024695878,4.9636906e-10,-0.121721216,0.6923075,-9.84716,0.19115105,-0.009203885,0.002237055,0.00038735,0.0006817556,0.00028015318,3.4797222e-06,2.0998123e-06,5.3108092e-06,11.794399,11.794399
181464000,1310988,1310988,0,0,0,0,0,250.0,250.0,250.0,250.0,0.02385904,0.0023598042,9.8872646e-11,-0.16596606,0.049129188,-9.943696,0.051047467,-0.011419634,0.002130529,0.00041901006,0.0004728469,0.0007498864,3.4535668e-05,4.3594027e-06,2.065315e-06,11.794399,11.794399
182464000,1310988,1310988,0,0,0,0,0,250.0,250.0,250.0,250.0,0.024926512,0.0025196846,3.9164352e-10,-0.19412188,-0.51446587,-9.766236,-0.15361114,0.0029827403,-0.0007030746,0.00057914504,0.00024044076,0.0004096562,4.607241e-05,4.5618494e-06,6.098806e-06,11.794399,11.794399
183464000,1310988,1310988,0,0,0,0,0,250.0,250.0,250.0,250.0,0.024253076,0.002516127,5.354725e-10,-0.19249384,-0.4757756,-9.801861,-0.2131594,0.0020453075,-0.00057524274,0.00043473023,0.0007202033,0.00019581492,2.4034734e-05,8.163213e-06,2.8124596e-06,11.794491,11.794491
184464000,1310988,1310988,0,0,0,0,0,250.0,250.0,250.0,250.0,0.023578575,0.0025407085,1.4283105e-10,-0.15993266,0.11473031,-9.992344,-0.05912217,2.1305312e-05,0.0014274542,0.0003347606,0.00090014853,0.00055032,5.156472e-05,2.620907e-06,4.351233e-06,11.794476,11.794476
185464000,1310988,1310988,0,0,0,0,0,250.0,250.0,250.0,250.0,0.023295965,0.0023741217,2.9618383e-10,-0.13532028,0.7161538,-9.746508,0.12131231,-0.010354371,-0.0011078753,0.00034811432,0.0002904258,0.0006549978,3.0123654e-05,4.1097487e-06,4.31038e-06,11.794458,11.794458
186464000,1310988,1310988,0,0,0,0,0,250.0,250.0,250.0,250.0,0.02280175,0.0026069852,5.4217253e-10,-0.13512877,0.7611648,-9.791708,0.22281072,-0.0102265375,0.00059654796,0.000119725024,0.00046679456,0.00035967983,9.934366e-06,6.8541212e-06,3.2300613e-06,11.794746,11.794746
187464000,1310988,1310988,0,0,0,0,0,250.0,250.0,250.0,250.0,0.024697332,0.0024619545,2.0633026e-10,-0.15744272,0.20944493,-10.031322,0.099580914,-0.0080960095,0.0021731392,0.00097185146,0.00060491654,0.00026628067,6.376324e-05,3.6086265e-06,2.2450656e-06,11.794979,11.794979
188464000,1310988,1310988,0,0,0,0,0,250.0,250.0,250.0,250.0,0.023621375,0.002492508,2.4261534e-10,-0.15916656,-0.42214552,-9.829825,-0.10143449,0.002641856,0.00042610583,0.0004104807,0.0005767596,0.00034197955,2.0609523e-05,4.186915e-06,3.2908865e-06,11.794979,11.794979
189464000,1310988,1310988,0,0,0,0,0,250.0,250.0,250.0,250.0,0.02422199,0.0026123489,5.9163113e-10,-0.18416198,-0.57020295,-9.774374,-0.22330073,0.010780477,0.0012357068,0.00043102502,0.0005336357,0.00038663234,5.5214323e-06,1.0786846e-05,5.985328e-06,11.79504,11.79504
190464000,1310988,1310988,0,0,0,0,0,250.0,250.0,250.0,250.0,0.02402387,0.0023029814,2.4468316e-10,-0.15705964,-0.073932774,-9.971945,-0.1160286,-0.00366451,0.00031957933,0.0001664631,0.0012295892,0.00053629506,8.9121595e-06,2.390318e-06,2.9731455e-06,11.79501,11.79501
191464000,1310988,1310988,0,0,0,0,0,250.0,250.0,250.0,250.0,0.024482707,0.0022085872,1.2403036e-10,-0.14585477,0.58648384,-9.784145,0.0624245,-0.007520767,-0.00108657,0.00027006466,0.00060691603,0.0008745273,4.4188637e-05,4.6371993e-06,3.5741293e-06,11.794845,11.794845
192464000,1310988,1310988,0,0,0,0,0,250.0,250.0,250.0,250.0,0.024299588,0.0026657921,7.8549883e-10,-0.12804191,0.8238928,-9.750051,0.21671739,-0.011739215,-0.0014700652,0.00047284705,0.00042295395,0.00041221254,5.159211e-06,8.680675e-06,6.6335188e-06,11.794905,11.794905
193464000,1310988,1310988,0,0,0,0,0,250.0,250.0,250.0,250.0,0.024444908,0.0024274273,2.926378e-10,-0.13369222,0.41228172,-9.960262,0.15148059,-0.004218447,0.0010865695,0.000480441,0.0012193546,0.0009587241,6.8609115e-05,8.395617e-06,2.9840394e-06,11.794987,11.794987
194464000,1310988,1310988,0,0,0,0,0,250.0,250.0,250.0,250.0,0.022751087,0.0022612205,8.662084e-11,-0.15792154,-0.27954683,-9.880488,-0.04384629,-0.0050067427,0.0015339806,0.00027398998,0.00058985694,0.000574915,5.8491405e-06,7.3761234e-06,1.3009216e-06,11.794944,11.794944
195464000,1310988,1310988,0,0,0,0,0,250.0,250.0,250.0,250.0,0.021971058,0.0023929877,4.3918222e-10,-0.1754471,-0.62708914,-9.753979,-0.2082805,0.0037071204,-0.0005539375,0.00026025117,0.00022741691,0.0004099621,1.4740421e-05,2.938648e-06,3.30178e-06,11.794949,11.794949
196464000,1310988,1310988,0,0,0,0,0,250.0,250.0,250.0,250.0,0.024377933,0.0023630434,3.2751288e-10,-0.15648502,-0.29688084,-9.910846,-0.16251676,0.0025992454,0.0007243799,0.0005461093,0.00076628086,0.00060399726,9.471455e-06,5.6812037e-06,1.9037211e-06,11.794888,11.794888
197464000,1310988,1310988,0,0,0,0,0,250.0,250.0,250.0,250.0,0.022621611,0.0023520167,1.9891075e-11,-0.11702858,0.3847963,-9.861239,0.008181231,-0.0033449305,0.00012783168,0.00044725853,0.00048953865,0.0005576461,6.4612126e-05,3.6204287e-06,3.5015025e-06,11.794765,11.794765
198464000,1310988,1310988,0,0,0,0,0,250.0,250.0,250.0,250.0,0.022504972,0.0024377906,4.5507054e-10,-0.080157876,0.81517804,-9.7512,0.19006449,-0.013869742,-4.2610856e-05,0.00013166638,0.0002729075,0.00034607842,3.626058e-05,6.320317e-06,4.378467e-06,11.794867,11.794867
199464000,1310988,1310988,0,0,0,0,0,250.0,250.0,250.0,250.0,0.023502005,0.0023468873,4.1187054e-10,-0.09653421,0.5760451,-9.891597,0.18294853,-0.013060141,0.001640507,0.000363981,0.0006195355,0.00057096523,2.6443333e-05,3.043958e-06,1.9954116e-06,11.79501,11.79501
200464000,1310988,1310988,0,0,0,0,0,250.0,250.0,250.0,250.0,0.023188327,0.0021937622,3.1749655e-11,-0.13426682,-0.08532917,-9.907782,0.017427728,-0.001257012,0.001555286,0.00052640866,0.00088774855,0.00031883724,4.1878243e-06,1.7221547e-06,3.402549e-06,11.79504,11.79504
201464000,1310988,1310988,0,0,0,0,0,250.0,250.0,250.0,250.0,0.024040563,0.002316487,3.7699535e-10,-0.158975,-0.5846638,-9.753691,-0.1708045,0.007946871,-0.0011504856,0.000628708,0.0003434735,0.00035691835,3.322024e-05,3.879159e-06,4.0098885e-06,11.795101,11.795101
202464000,1310988,1310988,0,0,0,0,0,250.0,250.0,250.0,250.0,0.023798728,0.0024850813,5.431586e-10,-0.15169662,-0.43641493,-9.85578,-0.19336684,0.002641856,-6.391579e-05,0.00042779653,0.00040607827,0.00025135902,1.0065196e-05,1.0473643e-05,4.0471095e-06,11.795132,11.795132
203464000,1310988,1310988,0,0,0,0,0,250.0,250.0,250.0,250.0,0.023418734,0.002470198,9.5900586e-11,-0.113293625,0.2086788,-9.915922,-0.04616856,-0.0061785337,0.00036218984,0.0003066591,0.0009977149,0.00044109748,6.1703424e-05,1.7021819e-06,3.5341845e-06,11.795071,11.795071
204464000,1310988,1310988,0,0,0,0,0,250.0,250.0,250.0,250.0,0.023376288,0.0022883478,3.286937e-10,-0.11358092,0.7537907,-9.750721,0.14487597,-0.008479506,0.00051132677,0.00030315548,0.0005143758,0.00029755864,2.5283047e-05,2.767068e-06,3.5514333e-06,11.795101,11.795101
205464000,1310988,1310988,0,0,0,0,0,250.0,250.0,250.0,250.0,0.02443578,0.0024105904,4.4106635e-10,-0.11233593,0.7204634,-9.817089,0.20977186,-0.008948222,0.0008735168,0.00033243085,0.00053649687,0.00043329902,6.8329646e-05,3.358974e-06,2.0625914e-06,11.795223,11.795223
206464000,1310988,1310988,0,0,0,0,0,250.0,250.0,250.0,250.0,0.025832424,0.0025184453,1.3965153e-10,-0.1454717,0.103238165,-9.980086,0.0580143,-0.007840347,0.0040053944,0.00040505116,0.0006540767,0.00046181932,5.921782e-06,8.863151e-06,1.8410806e-06,11.795193,11.795193
207464000,1310988,1310988,0,0,0,0,0,250.0,250.0,250.0,250.0,0.029574329,0.0025014414,3.7817938e-10,-0.17209522,-0.4910027,-9.4643755,-0.11460116,0.008074705,0.01908954,0.00022393189,0.00048788666,0.099090695,5.8028536e-06,3.7349964e-05,0.00021070022,11.795071,11.795071
208464000,1310988,1310988,0,0,0,0,0,250.0,250.0,250.0,250.0,0.03478316,0.0028867708,6.0090233e-10,-0.21997924,-0.58255696,-9.759915,-0.21554561,0.012186625,0.0040267,0.00026657942,0.00055245607,0.00028483893,1.887655e-05,1.464603e-05,2.5891334e-06,11.798927,11.798927
209464000,1310988,1310988,0,0,0,0,0,250.0,250.0,250.0,250.0,0.023795476,0.0025917254,2.6632277e-10,-0.14566323,-0.014939648,-9.967923,-0.11065967,0.010141318,0.0011504861,0.00035158123,0.00057885156,0.00057362724,4.7236183e-05,4.0280443e-06,3.6013637e-06,11.803353,11.803353
210464000,1310988,1310988,0,0,0,0,0,250.0,250.0,250.0,250.0,0.02418622,0.0026342962,2.9403763e-10,-0.061483093,0.6240248,-9.79985,0.10068881,-0.018876484,-0.0010865701,0.0004034186,0.0006304881,0.0005790462,5.707513e-06,1.5707288e-05,2.6209075e-06,11.807594,11.807594
211464000,1310988,1310988,0,0,0,0,0,250.0,250.0,250.0,250.0,0.025284767,0.0024401152,4.20359e-10,-0.05027823,0.7539821,-9.673341,0.21352158,-0.021688785,-0.0013209282,0.0005374513,0.00025630745,0.00064463704,3.774791e-06,6.0715706e-06,2.4084745e-06,11.811965,11.811965
212464000,1310988,1310988,0,0,0,0,0,250.0,250.0,250.0,250.0,0.024219923,0.0024051596,2.930397e-10,-0.102663375,0.2355896,-9.966582,0.13228454,-0.017981663,0.0032170988,0.00035737746,0.0012551218,0.0006640235,6.8286968e-06,6.179602e-06,2.8024733e-06,11.816541,11.816541
213464000,1310988,1310988,0,0,0,0,0,250.0,250.0,250.0,250.0,0.024227513,0.0023146523,1.3551386e-10,-0.17956513,-0.43641493,-9.806267,-0.06553507,0.002748382,0.0007882957,0.00033246764,0.0011677733,0.00021538521,6.094908e-05,6.3021603e-06,1.7729933e-06,11.820763,11.820763
214464000,1310988,1310988,0,0,0,0,0,250.0,250.0,250.0,250.0,0.023728779,0.0025335853,5.369697e-10,-0.20992361,-0.66520476,-9.632065,-0.213479,0.0173212,-0.00091612706,0.00029978045,0.00032039772,0.0006878341,4.9703754e-05,4.995794e-06,3.325384e-06,11.825055,11.825055
215464000,1310988,1310988,0,0,0,0,0,250.0,250.0,250.0,250.0,0.023287732,0.0024982984,4.4970228e-10,-0.14173673,-0.21911715,-9.895716,-0.16626649,0.010546118,0.00257794,0.00049113494,0.00030454967,0.00024992242,6.0318187e-05,2.9958421e-06,5.66668e-06,11.829584,11.829584
216464000,1310988,1310988,0,0,0,0,0,250.0,250.0,250.0,250.0,0.52658737,0.02175077,8.557636e-10,-0.13867214,0.77993536,-10.036302,-0.3101411,-0.0041545313,0.0012144013,0.0004956843,0.009406893,0.0024239619,0.0019983514,6.9902944e-06,1.3735479e-06,11.83259,11.83259
217464000,1310988,1310988,0,0,0,0,0,250.0,250.0,250.0,250.0,0.15943578,0.029930566,1.643911e-09,-0.14393942,3.1293173,-11.540243,-0.5163337,-0.0051771854,-0.0005113271,0.0007279071,0.04982592,0.42643315,0.10384222,5.572265e-06,3.7783914e-06,11.832166,11.832166
218464000,1310988,1310988,0,0,0,0,0,250.0,250.0,250.0,250.0,1.3911377,0.07481594,5.6024163e-10,-1.5440683,4.7253885,-8.200427,0.21362814,-0.003408846,-8.5221254e-05,0.013573847,0.0015599261,0.0051968144,0.0041259057,5.1292436e-06,6.234072e-06,11.832246,11.832246
219464000,1310988,1310988,0,0,0,0,0,250.0,250.0,250.0,250.0,0.28219,0.011169257,8.336414e-12,-0.12277466,0.06224941,-9.715767,-0.00042610578,-0.0028549086,0.00012783169,0.00023732234,0.00026734985,0.000554645,3.9036718e-06,5.5577393e-06,2.911413e-06,11.832729,11.832729
220464000,1310988,1310988,0,0,0,0,0,250.0,250.0,250.0,250.0,0.044404786,0.002863562,1.2537826e-11,-0.13790601,0.05382183,-9.723523,-0.00012783174,-0.005070659,0.00021305283,0.00075435755,0.00039076185,0.00026896351,4.613595e-06,2.294996e-06,1.9518359e-06,11.832729,11.832729
221464000,1310988,1310988,0,0,0,0,0,250.0,250.0,250.0,250.0,0.02574756,0.0022870875,1.2587498e-11,-0.12670116,0.04616038,-9.719597,-0.00012783175,-0.0056885127,0.0008522115,0.00030033066,0.00048266057,0.00040625114,3.0475878e-06,6.3257644e-06,2.8142751e-06,11.832729,11.832729
222464000,1310988,1310988,0,0,0,0,0,250.0,250.0,250.0,250.0,0.022196596,0.0022737137,7.488294e-12,-0.13694833,0.03610473,-9.70801,4.261064e-05,-0.0032384042,0.0002769687,0.00059890037,0.0001678022,0.00042327013,3.992639e-06,3.9245524e-06,2.0226469e-06,11.832729,11.832729
