timestamp,time_utc_usec,lat,lon,alt,alt_ellipsoid,s_variance_m_s,c_variance_rad,eph,epv,hdop,vdop,noise_per_ms,jamming_indicator,vel_m_s,vel_n_m_s,vel_e_m_s,vel_d_m_s,cog_rad,timestamp_time_relative,heading,heading_offset,fix_type,jamming_state,vel_ned_valid,satellites_used,selected
8704000,1665836735944388,473977507,85456073,488115,488115,0.25,0.5,1.0,1.0,0.0,0.0,0,0,0.0,0.0,0.0,-0.02,0.8559094,0,nan,nan,3,0,1,10,0
9108000,1665836736348388,473977508,85456074,488098,488098,0.25,0.5,1.0,1.0,0.0,0.0,0,0,0.0,-0.01,0.0,0.02,2.9890509,0,nan,nan,3,0,1,10,0
9508000,1665836736744388,473977508,85456074,488100,488100,0.25,0.5,1.0,1.0,0.0,0.0,0,0,0.0,-0.01,0.0,0.0,2.7790878,0,nan,nan,3,0,1,10,0
9908000,1665836737144388,473977508,85456074,488100,488100,0.25,0.5,1.0,1.0,0.0,0.0,0,0,0.0,-0.02,-0.02,-0.01,3.9477603,0,nan,nan,3,0,1,10,0
10308000,1665836737548388,473977507,85456074,488098,488098,0.25,0.5,1.0,1.0,0.0,0.0,0,0,0.0,0.0,0.01,-0.01,1.7859954,0,nan,nan,3,0,1,10,0
10708000,1665836737944388,473977508,85456073,488101,488101,0.25,0.5,1.0,1.0,0.0,0.0,0,0,0.0,0.0,0.03,0.02,1.728225,0,nan,nan,3,0,1,10,0
11104000,1665836738348388,473977508,85456073,488101,488101,0.25,0.5,1.0,1.0,0.0,0.0,0,0,0.0,0.0,0.0,-0.01,2.2120302,0,nan,nan,3,0,1,10,0
11508000,1665836738744388,473977508,85456074,488104,488104,0.25,0.5,1.0,1.0,0.0,0.0,0,0,0.0,0.0,0.0,0.03,3.9234998,0,nan,nan,3,0,1,10,0
11908000,1665836739144388,473977508,85456074,488115,488115,0.25,0.5,1.0,1.0,0.0,0.0,0,0,0.0,0.0,0.0,0.02,0.91018915,0,nan,nan,3,0,1,10,0
12308000,1665836739548388,473977508,85456074,488107,488107,0.25,0.5,1.0,1.0,0.0,0.0,0,0,0.0,0.0,-0.01,0.04,4.550422,0,nan,nan,3,0,1,10,0
12708000,1665836739944388,473977508,85456074,488099,488099,0.25,0.5,1.0,1.0,0.0,0.0,0,0,0.0,0.0,0.0,0.0,5.3714247,0,nan,nan,3,0,1,10,0
13108000,1665836740348388,473977508,85456074,488099,488099,0.25,0.5,1.0,1.0,0.0,0.0,0,0,0.0,0.0,0.0,0.0,5.1419144,0,nan,nan,3,0,1,10,0
13508000,1665836740748388,473977508,85456074,488109,488109,0.25,0.5,1.0,1.0,0.0,0.0,0,0,0.0,-0.03,-0.01,0.01,3.438473,0,nan,nan,3,0,1,10,0
13908000,1665836741148388,473977508,85456074,488105,488105,0.25,0.5,1.0,1.0,0.0,0.0,0,0,0.0,0.0,0.0,0.0,2.6344,0,nan,nan,3,0,1,10,0
14308000,1665836741544388,473977508,85456074,488110,488110,0.25,0.5,1.0,1.0,0.0,0.0,0,0,0.0,0.0,0.0,-0.01,4.1238637,0,nan,nan,3,0,1,10,0
14704000,1665836741944388,473977507,85456073,488124,488124,0.25,0.5,1.0,1.0,0.0,0.0,0,0,0.089999996,-0.08,-0.049999997,-0.099999994,3.6601298,0,nan,nan,3,0,1,10,0
15108000,1665836742348388,473977501,85456066,488195,488195,0.25,0.5,1.0,1.0,0.0,0.0,0,0,0.21,-0.17999999,-0.14,-0.28,3.825936,0,nan,nan,3,0,1,10,0
15508000,1665836742748388,473977496,85456061,488340,488340,0.25,0.5,1.0,1.0,0.0,0.0,0,0,0.14999999,-0.14,-0.08,-0.42999998,3.6674602,0,nan,nan,3,0,1,10,0
15904000,1665836743148388,473977492,85456058,488554,488554,0.25,0.5,1.0,1.0,0.0,0.0,0,0,0.06,-0.04,-0.04,-0.59,3.8414695,0,nan,nan,3,0,1,10,0
16308000,1665836743544388,473977492,85456059,488800,488800,0.25,0.5,1.0,1.0,0.0,0.0,0,0,0.03,0.01,0.03,-0.65,1.1807152,0,nan,nan,3,0,1,10,0
16708000,1665836743944388,473977493,85456061,489084,489084,0.25,0.5,1.0,1.0,0.0,0.0,0,0,0.089999996,0.06,0.049999997,-0.71,0.6700319,0,nan,nan,3,0,1,10,0
17108000,1665836744348388,473977496,85456064,489413,489413,0.25,0.5,1.0,1.0,0.0,0.0,0,0,0.11,0.07,0.08,-0.81,0.83304566,0,nan,nan,3,0,1,10,0
17504000,1665836744748388,473977500,85456070,489754,489754,0.25,0.5,1.0,1.0,0.0,0.0,0,0,0.12,0.08,0.06,-0.89,0.6829473,0,nan,nan,3,0,1,10,0
17908000,1665836745148388,473977503,85456075,490125,490125,0.25,0.5,1.0,1.0,0.0,0.0,0,0,0.12,0.099999994,0.07,-0.93,0.63268185,0,nan,nan,3,0,1,10,0
18308000,1665836745544388,473977506,85456079,490512,490512,0.25,0.5,1.0,1.0,0.0,0.0,0,0,0.11,0.08,0.07,-1.02,0.6803293,0,nan,nan,3,0,1,10,0
18708000,1665836745944388,473977508,85456083,490897,490897,0.25,0.5,1.0,1.0,0.0,0.0,0,0,0.08,0.07,0.06,-0.97999996,0.6649704,0,nan,nan,3,0,1,10,0
19108000,1665836746348388,473977510,85456085,491306,491306,0.25,0.5,1.0,1.0,0.0,0.0,0,0,0.06,0.07,0.049999997,-1.01,0.6597344,0,nan,nan,3,0,1,10,0
19508000,1665836746748388,473977511,85456089,491720,491720,0.25,0.5,1.0,1.0,0.0,0.0,0,0,0.04,0.01,0.04,-1.0699999,1.150521,0,nan,nan,3,0,1,10,0
19908000,1665836747148388,473977511,85456089,492128,492128,0.25,0.5,1.0,1.0,0.0,0.0,0,0,0.01,0.0,0.0,-1.02,6.247755,0,nan,nan,3,0,1,10,0
20308000,1665836747544388,473977511,85456089,492552,492552,0.25,0.5,1.0,1.0,0.0,0.0,0,0,0.01,0.0,-0.01,-1.09,5.1665235,0,nan,nan,3,0,1,10,0
20708000,1665836747944388,473977510,85456088,492983,492983,0.25,0.5,1.0,1.0,0.0,0.0,0,0,0.02,-0.01,0.0,-1.05,3.2937853,0,nan,nan,3,0,1,10,0
21108000,1665836748348388,473977509,85456088,493407,493407,0.25,0.5,1.0,1.0,0.0,0.0,0,0,0.03,-0.03,0.0,-1.0699999,3.335324,0,nan,nan,3,0,1,10,0
21508000,1665836748748388,473977508,85456086,493814,493814,0.25,0.5,1.0,1.0,0.0,0.0,0,0,0.03,-0.02,-0.03,-0.77,4.0543995,0,nan,nan,3,0,1,10,0
21908000,1665836749148388,473977509,85456085,493930,493930,0.25,0.5,1.0,1.0,0.0,0.0,0,0,0.14,0.11,-0.049999997,0.01,5.820673,0,nan,nan,3,0,1,10,0
22308000,1665836749544388,473977522,85456083,493948,493948,0.25,0.5,1.0,1.0,0.0,0.0,0,0,0.59999996,0.58,-0.04,-0.13,6.212325,0,nan,nan,3,0,1,10,0
22704000,1665836749944388,473977552,85456080,493979,493979,0.25,0.5,1.0,1.0,0.0,0.0,0,0,0.98999995,1.02,-0.03,-0.07,6.2521186,0,nan,nan,3,0,1,10,0
23108000,1665836750348388,473977592,85456078,493994,493994,0.25,0.5,1.0,1.0,0.0,0.0,0,0,1.18,1.16,-0.04,0.0,6.24601,0,nan,nan,3,0,1,10,0
23508000,1665836750748388,473977634,85456076,494005,494005,0.25,0.5,1.0,1.0,0.0,0.0,0,0,1.05,1.05,-0.02,0.0,6.2639866,0,nan,nan,3,0,1,10,0
23908000,1665836751148388,473977665,85456075,493992,493992,0.25,0.5,1.0,1.0,0.0,0.0,0,0,0.62,0.62,0.01,0.0,0.02391101,0,nan,nan,3,0,1,10,0
24308000,1665836751544388,473977676,85456076,493985,493985,0.25,0.5,1.0,1.0,0.0,0.0,0,0,0.03,0.01,0.02,0.01,1.2168436,0,nan,nan,3,0,1,10,0
24708000,1665836751944388,473977664,85456078,494006,494006,0.25,0.5,1.0,1.0,0.0,0.0,0,0,0.68,-0.68,0.06,-0.02,3.053279,0,nan,nan,3,0,1,10,0
25108000,1665836752348388,473977627,85456082,494010,494010,0.25,0.5,1.0,1.0,0.0,0.0,0,0,1.3199999,-1.3199999,0.06,0.0,3.0916762,0,nan,nan,3,0,1,10,0
25508000,1665836752748388,473977570,85456087,494013,494013,0.25,0.5,1.0,1.0,0.0,0.0,0,0,1.76,-1.75,0.099999994,0.01,3.0836475,0,nan,nan,3,0,1,10,0
25908000,1665836753148388,473977503,85456093,494024,494024,0.25,0.5,1.0,1.0,0.0,0.0,0,0,1.93,-1.91,0.07,-0.01,3.101101,0,nan,nan,3,0,1,10,0
26308000,1665836753544388,473977435,85456096,494048,494048,0.25,0.5,1.0,1.0,0.0,0.0,0,0,1.78,-1.79,0.03,0.0,3.121696,0,nan,nan,3,0,1,10,0
26708000,1665836753944388,473977378,85456096,494052,494052,0.25,0.5,1.0,1.0,0.0,0.0,0,0,1.3399999,-1.3399999,-0.02,-0.08,3.159046,0,nan,nan,3,0,1,10,0
27108000,1665836754348388,473977341,85456095,494076,494076,0.25,0.5,1.0,1.0,0.0,0.0,0,0,0.66999996,-0.7,-0.04,-0.08,3.2114058,0,nan,nan,3,0,1,10,0
27508000,1665836754748388,473977331,85456091,494093,494093,0.25,0.5,1.0,1.0,0.0,0.0,0,0,0.12,0.089999996,-0.08,-0.03,5.55451,0,nan,nan,3,0,1,10,0
27904000,1665836755148388,473977349,85456087,494110,494110,0.25,0.5,1.0,1.0,0.0,0.0,0,0,0.85999995,0.83,-0.11,0.0,6.142337,0,nan,nan,3,0,1,10,0
28308000,1665836755544388,473977391,85456082,494109,494109,0.25,0.5,1.0,1.0,0.0,0.0,0,0,1.49,1.48,-0.099999994,0.03,6.215641,0,nan,nan,3,0,1,10,0
28708000,1665836755944388,473977453,85456076,494116,494116,0.25,0.5,1.0,1.0,0.0,0.0,0,0,1.9,1.9,-0.07,-0.01,6.2439156,0,nan,nan,3,0,1,10,0
29108000,1665836756348388,473977525,85456073,494110,494110,0.25,0.5,1.0,1.0,0.0,0.0,0,0,2.0,1.99,-0.04,0.02,6.2604957,0,nan,nan,3,0,1,10,0
29508000,1665836756744388,473977594,85456072,494094,494094,0.25,0.5,1.0,1.0,0.0,0.0,0,0,1.78,1.78,-0.02,0.04,6.2711425,0,nan,nan,3,0,1,10,0
29908000,1665836757148388,473977650,85456072,494079,494079,0.25,0.5,1.0,1.0,0.0,0.0,0,0,1.26,1.25,0.01,0.0,0.01308997,0,nan,nan,3,0,1,10,0
30308000,1665836757544388,473977684,85456075,494079,494079,0.25,0.5,1.0,1.0,0.0,0.0,0,0,0.56,0.56,0.07,0.03,0.12671089,0,nan,nan,3,0,1,10,0
30708000,1665836757948388,473977689,85456079,494070,494070,0.25,0.5,1.0,1.0,0.0,0.0,0,0,0.26,-0.22999999,0.099999994,0.02,2.7092745,0,nan,nan,3,0,1,10,0
31104000,1665836758348388,473977666,85456085,494087,494087,0.25,0.5,1.0,1.0,0.0,0.0,0,0,1.01,-1.0,0.099999994,0.01,3.0393164,0,nan,nan,3,0,1,10,0
31504000,1665836758744388,473977619,85456089,494065,494065,0.25,0.5,1.0,1.0,0.0,0.0,0,0,1.61,-1.5999999,0.089999996,0.0,3.0848694,0,nan,nan,3,0,1,10,0
31908000,1665836759148388,473977552,85456094,494058,494058,0.25,0.5,1.0,1.0,0.0,0.0,0,0,1.9699999,-1.9699999,0.08,0.01,3.1007516,0,nan,nan,3,0,1,10,0
32308000,1665836759544388,473977480,85456096,494046,494046,0.25,0.5,1.0,1.0,0.0,0.0,0,0,2.02,-2.02,0.04,0.01,3.1215212,0,nan,nan,3,0,1,10,0
32704000,1665836759948388,473977410,85456097,494051,494051,0.25,0.5,1.0,1.0,0.0,0.0,0,0,1.73,-1.75,0.0,0.03,3.1464796,0,nan,nan,3,0,1,10,0
33108000,1665836760348388,473977357,85456095,494034,494034,0.25,0.5,1.0,1.0,0.0,0.0,0,0,1.18,-1.1999999,-0.06,0.0,3.1941268,0,nan,nan,3,0,1,10,0
33508000,1665836760744388,473977328,85456093,494025,494025,0.25,0.5,1.0,1.0,0.0,0.0,0,0,0.45,-0.47,-0.04,0.0,3.231826,0,nan,nan,3,0,1,10,0
33908000,1665836761148388,473977326,85456090,494032,494032,0.25,0.5,1.0,1.0,0.0,0.0,0,0,0.35999998,0.35999998,-0.04,-0.02,6.1484456,0,nan,nan,3,0,1,10,0
34308000,1665836761544388,473977353,85456087,494027,494027,0.25,0.5,1.0,1.0,0.0,0.0,0,0,1.1,1.1,-0.049999997,0.0,6.233967,0,nan,nan,3,0,1,10,0
34708000,1665836761948388,473977405,85456083,494028,494028,0.25,0.5,1.0,1.0,0.0,0.0,0,0,1.68,1.6999999,-0.08,0.07,6.2322216,0,nan,nan,3,0,1,10,0
35108000,1665836762348388,473977472,85456080,494020,494020,0.25,0.5,1.0,1.0,0.0,0.0,0,0,1.99,1.9799999,-0.04,0.01,6.258227,0,nan,nan,3,0,1,10,0
35508000,1665836762744388,473977545,85456079,494017,494017,0.25,0.5,1.0,1.0,0.0,0.0,0,0,1.99,1.9799999,-0.01,-0.03,6.274284,0,nan,nan,3,0,1,10,0
35908000,1665836763148388,473977612,85456077,494010,494010,0.25,0.5,1.0,1.0,0.0,0.0,0,0,1.66,1.64,-0.03,0.03,6.26451,0,nan,nan,3,0,1,10,0
36304000,1665836763544388,473977662,85456076,494004,494004,0.25,0.5,1.0,1.0,0.0,0.0,0,0,1.0799999,1.0799999,-0.01,0.02,6.265383,0,nan,nan,3,0,1,10,0
36708000,1665836763948388,473977688,85456077,494004,494004,0.25,0.5,1.0,1.0,0.0,0.0,0,0,0.32999998,0.31,0.02,0.0,0.0731293,0,nan,nan,3,0,1,10,0
37104000,1665836764348388,473977685,85456078,494022,494022,0.25,0.5,1.0,1.0,0.0,0.0,0,0,0.45999998,-0.45999998,0.01,-0.049999997,3.1054642,0,nan,nan,3,0,1,10,0
37508000,1665836764744388,473977655,85456080,494029,494029,0.25,0.5,1.0,1.0,0.0,0.0,0,0,1.18,-1.18,0.049999997,-0.04,3.0986574,0,nan,nan,3,0,1,10,0
37908000,1665836765148388,473977602,85456083,494039,494039,0.25,0.5,1.0,1.0,0.0,0.0,0,0,1.7199999,-1.73,0.07,-0.01,3.1009264,0,nan,nan,3,0,1,10,0
38308000,1665836765544388,473977534,85456084,494054,494054,0.25,0.5,1.0,1.0,0.0,0.0,0,0,1.99,-1.9799999,0.03,0.0,3.1222196,0,nan,nan,3,0,1,10,0
38708000,1665836765948388,473977461,85456086,494080,494080,0.25,0.5,1.0,1.0,0.0,0.0,0,0,1.9399999,-1.93,0.01,-0.06,3.1351347,0,nan,nan,3,0,1,10,0
39108000,1665836766348388,473977397,85456087,494091,494091,0.25,0.5,1.0,1.0,0.0,0.0,0,0,1.5799999,-1.5699999,-0.01,-0.06,3.14997,0,nan,nan,3,0,1,10,0
39508000,1665836766744388,473977351,85456086,494111,494111,0.25,0.5,1.0,1.0,0.0,0.0,0,0,0.97999996,-0.98999995,-0.02,-0.03,3.1616638,0,nan,nan,3,0,1,10,0
39904000,1665836767148388,473977329,85456085,494136,494136,0.25,0.5,1.0,1.0,0.0,0.0,0,0,0.21,-0.19999999,-0.01,-0.049999997,3.2033772,0,nan,nan,3,0,1,10,0
40308000,1665836767544388,473977335,85456084,494143,494143,0.25,0.5,1.0,1.0,0.0,0.0,0,0,0.57,0.56,-0.02,-0.01,6.2322216,0,nan,nan,3,0,1,10,0
40708000,1665836767948388,473977369,85456082,494161,494161,0.25,0.5,1.0,1.0,0.0,0.0,0,0,1.28,1.29,-0.02,-0.03,6.263288,0,nan,nan,3,0,1,10,0
41108000,1665836768348388,473977426,85456079,494170,494170,0.25,0.5,1.0,1.0,0.0,0.0,0,0,1.79,1.79,-0.03,-0.02,6.26259,0,nan,nan,3,0,1,10,0
41508000,1665836768744388,473977495,85456077,494174,494174,0.25,0.5,1.0,1.0,0.0,0.0,0,0,2.02,2.02,-0.04,-0.01,6.2604957,0,nan,nan,3,0,1,10,0
41908000,1665836769148388,473977568,85456075,494157,494157,0.25,0.5,1.0,1.0,0.0,0.0,0,0,1.92,1.92,-0.049999997,0.04,6.2522926,0,nan,nan,3,0,1,10,0
42308000,1665836769544388,473977631,85456073,494153,494153,0.25,0.5,1.0,1.0,0.0,0.0,0,0,1.52,1.54,-0.01,0.03,6.270968,0,nan,nan,3,0,1,10,0
42708000,1665836769948388,473977675,85456072,494155,494155,0.25,0.5,1.0,1.0,0.0,0.0,0,0,0.87,0.87,-0.01,-0.03,6.2704444,0,nan,nan,3,0,1,10,0
43108000,1665836770348388,473977692,85456072,494145,494145,0.25,0.5,1.0,1.0,0.0,0.0,0,0,0.089999996,0.089999996,0.01,0.0,0.18221237,0,nan,nan,3,0,1,10,0
43508000,1665836770744388,473977681,85456073,494155,494155,0.25,0.5,1.0,1.0,0.0,0.0,0,0,0.68,-0.68,0.01,0.04,3.1166344,0,nan,nan,3,0,1,10,0
43908000,1665836771148388,473977643,85456073,494153,494153,0.25,0.5,1.0,1.0,0.0,0.0,0,0,1.38,-1.38,0.01,-0.01,3.1311204,0,nan,nan,3,0,1,10,0
44308000,1665836771544388,473977584,85456075,494151,494151,0.25,0.5,1.0,1.0,0.0,0.0,0,0,1.8399999,-1.8399999,0.02,0.01,3.127979,0,nan,nan,3,0,1,10,0
44712000,1665836771952388,473977512,85456077,494144,494144,0.25,0.5,1.0,1.0,0.0,0.0,0,0,2.02,-2.01,0.01,0.0,3.133564,0,nan,nan,3,0,1,10,0
45112000,1665836772348388,473977441,85456079,494138,494138,0.25,0.5,1.0,1.0,0.0,0.0,0,0,1.88,-1.88,0.02,0.03,3.1300733,0,nan,nan,3,0,1,10,0
45512000,1665836772752388,473977380,85456080,494128,494128,0.25,0.5,1.0,1.0,0.0,0.0,0,0,1.43,-1.4599999,0.03,0.02,3.1154127,0,nan,nan,3,0,1,10,0
45912000,1665836773148388,473977341,85456081,494144,494144,0.25,0.5,1.0,1.0,0.0,0.0,0,0,0.76,-0.77,0.03,-0.049999997,3.0925488,0,nan,nan,3,0,1,10,0
46312000,1665836773552388,473977328,85456082,494158,494158,0.25,0.5,1.0,1.0,0.0,0.0,0,0,0.03,0.04,0.02,-0.04,0.5038765,0,nan,nan,3,0,1,10,0
46712000,1665836773952388,473977343,85456083,494171,494171,0.25,0.5,1.0,1.0,0.0,0.0,0,0,0.81,0.83,0.0,-0.01,6.276029,0,nan,nan,3,0,1,10,0
47112000,1665836774348388,473977385,85456081,494176,494176,0.25,0.5,1.0,1.0,0.0,0.0,0,0,1.4699999,1.4699999,-0.03,0.02,6.257878,0,nan,nan,3,0,1,10,0
47512000,1665836774752388,473977447,85456080,494159,494159,0.25,0.5,1.0,1.0,0.0,0.0,0,0,1.9,1.92,-0.03,0.04,6.2674775,0,nan,nan,3,0,1,10,0
47912000,1665836775148388,473977519,85456079,494150,494150,0.25,0.5,1.0,1.0,0.0,0.0,0,0,2.03,2.05,-0.03,0.01,6.267128,0,nan,nan,3,0,1,10,0
48312000,1665836775552388,473977590,85456077,494145,494145,0.25,0.5,1.0,1.0,0.0,0.0,0,0,1.8299999,1.8499999,0.0,0.02,6.2823124,0,nan,nan,3,0,1,10,0
48712000,1665836775952388,473977648,85456077,494143,494143,0.25,0.5,1.0,1.0,0.0,0.0,0,0,1.3299999,1.35,0.01,0.049999997,0.008028514,0,nan,nan,3,0,1,10,0
49112000,1665836776348388,473977684,85456076,494130,494130,0.25,0.5,1.0,1.0,0.0,0.0,0,0,0.64,0.62,0.01,-0.02,0.02687807,0,nan,nan,3,0,1,10,0
49512000,1665836776752388,473977692,85456076,494133,494133,0.25,0.5,1.0,1.0,0.0,0.0,0,0,0.16,-0.17,0.0,0.0,3.1951742,0,nan,nan,3,0,1,10,0
49912000,1665836777148388,473977673,85456076,494149,494149,0.25,0.5,1.0,1.0,0.0,0.0,0,0,0.91999996,-0.91999996,0.0,-0.04,3.1419415,0,nan,nan,3,0,1,10,0
50308000,1665836777552388,473977627,85456076,494139,494139,0.25,0.5,1.0,1.0,0.0,0.0,0,0,1.54,-1.53,0.0,0.01,3.141418,0,nan,nan,3,0,1,10,0
50716000,1665836777952388,473977563,85456076,494141,494141,0.25,0.5,1.0,1.0,0.0,0.0,0,0,1.93,-1.91,0.0,-0.02,3.1403708,0,nan,nan,3,0,1,10,0
51112000,1665836778348388,473977492,85456076,494140,494140,0.25,0.5,1.0,1.0,0.0,0.0,0,0,2.01,-2.01,-0.01,0.0,3.1464796,0,nan,nan,3,0,1,10,0
51512000,1665836778752388,473977422,85456078,494133,494133,0.25,0.5,1.0,1.0,0.0,0.0,0,0,1.77,-1.77,0.01,-0.01,3.135833,0,nan,nan,3,0,1,10,0
51916000,1665836779148388,473977367,85456077,494127,494127,0.25,0.5,1.0,1.0,0.0,0.0,0,0,1.25,-1.27,0.01,-0.01,3.1267571,0,nan,nan,3,0,1,10,0
52312000,1665836779552388,473977334,85456077,494141,494141,0.25,0.5,1.0,1.0,0.0,0.0,0,0,0.53,-0.53,0.0,0.0,3.1239645,0,nan,nan,3,0,1,10,0
52712000,1665836779952388,473977329,85456077,494146,494146,0.25,0.5,1.0,1.0,0.0,0.0,0,0,0.26,0.26999998,0.0,-0.02,6.264859,0,nan,nan,3,0,1,10,0
53112000,1665836780348388,473977353,85456075,494153,494153,0.25,0.5,1.0,1.0,0.0,0.0,0,0,1.01,1.01,-0.02,-0.03,6.261543,0,nan,nan,3,0,1,10,0
53512000,1665836780752388,473977402,85456073,494153,494153,0.25,0.5,1.0,1.0,0.0,0.0,0,0,1.62,1.62,-0.01,0.0,6.2767277,0,nan,nan,3,0,1,10,0
53908000,1665836781148388,473977466,85456073,494145,494145,0.25,0.5,1.0,1.0,0.0,0.0,0,0,1.9599999,1.9399999,0.0,0.01,6.2784724,0,nan,nan,3,0,1,10,0
54312000,1665836781552388,473977540,85456071,494127,494127,0.25,0.5,1.0,1.0,0.0,0.0,0,0,2.0,1.9799999,-0.01,0.03,6.275331,0,nan,nan,3,0,1,10,0
54716000,1665836781952388,473977608,85456071,494125,494125,0.25,0.5,1.0,1.0,0.0,0.0,0,0,1.7199999,1.73,-0.02,0.01,6.268001,0,nan,nan,3,0,1,10,0
55112000,1665836782348388,473977660,85456070,494108,494108,0.25,0.5,1.0,1.0,0.0,0.0,0,0,1.17,1.18,0.01,0.0,0.012391837,0,nan,nan,3,0,1,10,0
55512000,1665836782752388,473977690,85456071,494107,494107,0.25,0.5,1.0,1.0,0.0,0.0,0,0,0.42999998,0.41,0.03,-0.04,0.09040805,0,nan,nan,3,0,1,10,0
55908000,1665836783148388,473977692,85456071,494096,494096,0.25,0.5,1.0,1.0,0.0,0.0,0,0,0.35999998,-0.35,0.01,0.04,3.0949924,0,nan,nan,3,0,1,10,0
56308000,1665836783552388,473977664,85456073,494086,494086,0.25,0.5,1.0,1.0,0.0,0.0,0,0,1.1,-1.1,0.02,0.03,3.1166344,0,nan,nan,3,0,1,10,0
56712000,1665836783952388,473977613,85456074,494075,494075,0.25,0.5,1.0,1.0,0.0,0.0,0,0,1.68,-1.66,0.03,0.089999996,3.1225684,0,nan,nan,3,0,1,10,0
57112000,1665836784348388,473977546,85456075,494069,494069,0.25,0.5,1.0,1.0,0.0,0.0,0,0,1.99,-1.99,0.0,0.049999997,3.1400216,0,nan,nan,3,0,1,10,0
57512000,1665836784752388,473977472,85456077,494059,494059,0.25,0.5,1.0,1.0,0.0,0.0,0,0,1.99,-1.99,0.04,0.0,3.1206486,0,nan,nan,3,0,1,10,0
57912000,1665836785148388,473977406,85456077,494065,494065,0.25,0.5,1.0,1.0,0.0,0.0,0,0,1.68,-1.67,0.02,-0.02,3.1281536,0,nan,nan,3,0,1,10,0
58312000,1665836785552388,473977355,85456077,494056,494056,0.25,0.5,1.0,1.0,0.0,0.0,0,0,1.09,-1.0799999,0.0,0.0,3.1349602,0,nan,nan,3,0,1,10,0
58712000,1665836785952388,473977329,85456076,494061,494061,0.25,0.5,1.0,1.0,0.0,0.0,0,0,0.34,-0.37,-0.01,-0.01,3.1791172,0,nan,nan,3,0,1,10,0
59112000,1665836786348388,473977330,85456075,494080,494080,0.25,0.5,1.0,1.0,0.0,0.0,0,0,0.42999998,0.42,-0.04,-0.02,6.174626,0,nan,nan,3,0,1,10,0
59512000,1665836786752388,473977360,85456073,494086,494086,0.25,0.5,1.0,1.0,0.0,0.0,0,0,1.17,1.18,-0.02,0.06,6.2592745,0,nan,nan,3,0,1,10,0
59908000,1665836787148388,473977412,85456071,494101,494101,0.25,0.5,1.0,1.0,0.0,0.0,0,0,1.6999999,1.73,-0.02,0.0,6.270968,0,nan,nan,3,0,1,10,0
60312000,1665836787552388,473977480,85456069,494114,494114,0.25,0.5,1.0,1.0,0.0,0.0,0,0,1.9699999,1.9699999,0.0,0.0,6.279171,0,nan,nan,3,0,1,10,0
60712000,1665836787952388,473977552,85456068,494103,494103,0.25,0.5,1.0,1.0,0.0,0.0,0,0,1.92,1.91,-0.02,0.0,6.268001,0,nan,nan,3,0,1,10,0
61112000,1665836788352388,473977615,85456068,494100,494100,0.25,0.5,1.0,1.0,0.0,0.0,0,0,1.56,1.5899999,0.0,0.02,6.278996,0,nan,nan,3,0,1,10,0
61512000,1665836788752388,473977661,85456068,494085,494085,0.25,0.5,1.0,1.0,0.0,0.0,0,0,0.95,0.93,0.0,0.04,0.004363323,0,nan,nan,3,0,1,10,0
61912000,1665836789148388,473977682,85456069,494087,494087,0.25,0.5,1.0,1.0,0.0,0.0,0,0,0.19,0.19999999,0.01,0.03,0.08464847,0,nan,nan,3,0,1,10,0
62308000,1665836789548388,473977675,85456070,494078,494078,0.25,0.5,1.0,1.0,0.0,0.0,0,0,0.59,-0.59999996,0.02,0.02,3.1035442,0,nan,nan,3,0,1,10,0
62712000,1665836789948388,473977640,85456072,494078,494078,0.25,0.5,1.0,1.0,0.0,0.0,0,0,1.29,-1.3,0.03,0.01,3.1120965,0,nan,nan,3,0,1,10,0
63112000,1665836790352388,473977583,85456074,494069,494069,0.25,0.5,1.0,1.0,0.0,0.0,0,0,1.79,-1.8,0.04,0.03,3.1148891,0,nan,nan,3,0,1,10,0
63512000,1665836790752388,473977514,85456076,494073,494073,0.25,0.5,1.0,1.0,0.0,0.0,0,0,2.0,-1.99,0.01,0.03,3.1360075,0,nan,nan,3,0,1,10,0
63912000,1665836791148388,473977442,85456079,494055,494055,0.25,0.5,1.0,1.0,0.0,0.0,0,0,1.9,-1.89,0.04,0.01,3.1176815,0,nan,nan,3,0,1,10,0
64312000,1665836791548388,473977381,85456080,494039,494039,0.25,0.5,1.0,1.0,0.0,0.0,0,0,1.49,-1.5,0.02,0.0,3.1225684,0,nan,nan,3,0,1,10,0
64712000,1665836791948388,473977337,85456080,494039,494039,0.25,0.5,1.0,1.0,0.0,0.0,0,0,0.84999996,-0.83,0.0,0.049999997,3.1311204,0,nan,nan,3,0,1,10,0
65112000,1665836792352388,473977321,85456079,494040,494040,0.25,0.5,1.0,1.0,0.0,0.0,0,0,0.06,-0.07,0.0,0.03,3.0803313,0,nan,nan,3,0,1,10,0
65512000,1665836792752388,473977333,85456078,494028,494028,0.25,0.5,1.0,1.0,0.0,0.0,0,0,0.71,0.7,-0.03,0.01,6.2309995,0,nan,nan,3,0,1,10,0
65912000,1665836793148388,473977371,85456076,494017,494017,0.25,0.5,1.0,1.0,0.0,0.0,0,0,1.38,1.4,-0.049999997,0.0,6.2419953,0,nan,nan,3,0,1,10,0
66312000,1665836793548388,473977430,85456073,494000,494000,0.25,0.5,1.0,1.0,0.0,0.0,0,0,1.8399999,1.86,-0.04,0.049999997,6.2601466,0,nan,nan,3,0,1,10,0
66712000,1665836793948388,473977501,85456071,493974,493974,0.25,0.5,1.0,1.0,0.0,0.0,0,0,2.01,2.01,-0.02,0.07,6.273062,0,nan,nan,3,0,1,10,0
67112000,1665836794352388,473977572,85456069,493943,493943,0.25,0.5,1.0,1.0,0.0,0.0,0,0,1.86,1.86,-0.02,0.089999996,6.269572,0,nan,nan,3,0,1,10,0
67512000,1665836794752388,473977632,85456068,493910,493910,0.25,0.5,1.0,1.0,0.0,0.0,0,0,1.42,1.4,0.0,0.07,0.0012217305,0,nan,nan,3,0,1,10,0
67912000,1665836795148388,473977672,85456068,493902,493902,0.25,0.5,1.0,1.0,0.0,0.0,0,0,0.77,0.77,0.0,0.04,0.0019198621,0,nan,nan,3,0,1,10,0
68312000,1665836795548388,473977686,85456067,493886,493886,0.25,0.5,1.0,1.0,0.0,0.0,0,0,0.0,0.0,0.0,0.01,2.0751963,0,nan,nan,3,0,1,10,0
68712000,1665836795948388,473977671,85456068,493876,493876,0.25,0.5,1.0,1.0,0.0,0.0,0,0,0.78,-0.78999996,0.0,0.06,3.1309462,0,nan,nan,3,0,1,10,0
69112000,1665836796352388,473977630,85456069,493870,493870,0.25,0.5,1.0,1.0,0.0,0.0,0,0,1.4399999,-1.4499999,0.0,0.0,3.1463048,0,nan,nan,3,0,1,10,0
69512000,1665836796752388,473977570,85456070,493866,493866,0.25,0.5,1.0,1.0,0.0,0.0,0,0,1.87,-1.8499999,0.03,-0.01,3.121696,0,nan,nan,3,0,1,10,0
69912000,1665836797148388,473977499,85456072,493870,493870,0.25,0.5,1.0,1.0,0.0,0.0,0,0,1.99,-1.9699999,0.03,0.0,3.123441,0,nan,nan,3,0,1,10,0
70312000,1665836797548388,473977430,85456074,493858,493858,0.25,0.5,1.0,1.0,0.0,0.0,0,0,1.81,-1.81,0.04,0.03,3.1173325,0,nan,nan,3,0,1,10,0
70708000,1665836797948388,473977373,85456076,493850,493850,0.25,0.5,1.0,1.0,0.0,0.0,0,0,1.3299999,-1.3299999,0.01,-0.04,3.1326914,0,nan,nan,3,0,1,10,0
71112000,1665836798352388,473977337,85456075,493839,493839,0.25,0.5,1.0,1.0,0.0,0.0,0,0,0.64,-0.65,0.01,0.01,3.1202996,0,nan,nan,3,0,1,10,0
71512000,1665836798752388,473977327,85456077,493850,493850,0.25,0.5,1.0,1.0,0.0,0.0,0,0,0.13,0.14,0.0,0.0,6.259623,0,nan,nan,3,0,1,10,0
71916000,1665836799148388,473977346,85456076,493845,493845,0.25,0.5,1.0,1.0,0.0,0.0,0,0,0.89,0.88,0.01,-0.01,0.017278759,0,nan,nan,3,0,1,10,0
72312000,1665836799548388,473977390,85456076,493844,493844,0.25,0.5,1.0,1.0,0.0,0.0,0,0,1.51,1.51,-0.02,0.049999997,6.2683496,0,nan,nan,3,0,1,10,0
72712000,1665836799948388,473977452,85456076,493836,493836,0.25,0.5,1.0,1.0,0.0,0.0,0,0,1.9,1.88,-0.01,0.04,6.274633,0,nan,nan,3,0,1,10,0
73112000,1665836800352388,473977524,85456075,493835,493835,0.25,0.5,1.0,1.0,0.0,0.0,0,0,1.99,1.9699999,-0.02,-0.01,6.269048,0,nan,nan,3,0,1,10,0
73512000,1665836800752388,473977593,85456075,493823,493823,0.25,0.5,1.0,1.0,0.0,0.0,0,0,1.77,1.77,0.01,-0.02,0.0061086523,0,nan,nan,3,0,1,10,0
73912000,1665836801148388,473977649,85456076,493827,493827,0.25,0.5,1.0,1.0,0.0,0.0,0,0,1.27,1.28,0.0,0.02,0.0017453291,0,nan,nan,3,0,1,10,0
74312000,1665836801548388,473977682,85456076,493819,493819,0.25,0.5,1.0,1.0,0.0,0.0,0,0,0.56,0.56,0.01,-0.02,0.03351032,0,nan,nan,3,0,1,10,0
74712000,1665836801948388,473977688,85456076,493836,493836,0.25,0.5,1.0,1.0,0.0,0.0,0,0,0.22,-0.22,0.0,-0.07,3.1038935,0,nan,nan,3,0,1,10,0
75112000,1665836802352388,473977666,85456078,493845,493845,0.25,0.5,1.0,1.0,0.0,0.0,0,0,0.97999996,-0.96999997,0.0,-0.06,3.145956,0,nan,nan,3,0,1,10,0
75512000,1665836802752388,473977619,85456078,493846,493846,0.25,0.5,1.0,1.0,0.0,0.0,0,0,1.5799999,-1.5699999,0.02,0.0,3.1243138,0,nan,nan,3,0,1,10,0
75912000,1665836803148388,473977555,85456079,493830,493830,0.25,0.5,1.0,1.0,0.0,0.0,0,0,1.9399999,-1.9599999,0.02,0.01,3.1307714,0,nan,nan,3,0,1,10,0
76312000,1665836803548388,473977482,85456080,493828,493828,0.25,0.5,1.0,1.0,0.0,0.0,0,0,1.9799999,-1.99,0.0,-0.01,3.1445596,0,nan,nan,3,0,1,10,0
76708000,1665836803948388,473977415,85456080,493841,493841,0.25,0.5,1.0,1.0,0.0,0.0,0,0,1.6999999,-1.7099999,0.0,0.0,3.1471775,0,nan,nan,3,0,1,10,0
77108000,1665836804352388,473977362,85456080,493845,493845,0.25,0.5,1.0,1.0,0.0,0.0,0,0,1.14,-1.12,0.0,-0.02,3.1405454,0,nan,nan,3,0,1,10,0
77512000,1665836804752388,473977334,85456078,493842,493842,0.25,0.5,1.0,1.0,0.0,0.0,0,0,0.39999998,-0.39,-0.01,-0.01,3.1841786,0,nan,nan,3,0,1,10,0
77912000,1665836805148388,473977334,85456077,493872,493872,0.25,0.5,1.0,1.0,0.0,0.0,0,0,0.35999998,0.35999998,-0.02,-0.08,6.2072635,0,nan,nan,3,0,1,10,0
78308000,1665836805548388,473977361,85456075,493888,493888,0.25,0.5,1.0,1.0,0.0,0.0,0,0,1.0799999,1.0799999,-0.04,-0.01,6.24217,0,nan,nan,3,0,1,10,0
78712000,1665836805948388,473977411,85456073,493898,493898,0.25,0.5,1.0,1.0,0.0,0.0,0,0,1.64,1.65,-0.03,0.03,6.2611938,0,nan,nan,3,0,1,10,0
79108000,1665836806352388,473977477,85456071,493900,493900,0.25,0.5,1.0,1.0,0.0,0.0,0,0,1.9399999,1.93,-0.02,-0.03,6.2685246,0,nan,nan,3,0,1,10,0
79512000,1665836806752388,473977548,85456071,493909,493909,0.25,0.5,1.0,1.0,0.0,0.0,0,0,1.93,1.91,-0.03,0.0,6.266081,0,nan,nan,3,0,1,10,0
79912000,1665836807148388,473977612,85456069,493921,493921,0.25,0.5,1.0,1.0,0.0,0.0,0,0,1.62,1.5899999,0.0,-0.01,0.0027925267,0,nan,nan,3,0,1,10,0
80312000,1665836807548388,473977661,85456070,493931,493931,0.25,0.5,1.0,1.0,0.0,0.0,0,0,1.04,1.02,0.0,-0.04,6.274982,0,nan,nan,3,0,1,10,0
80712000,1665836807948388,473977685,85456070,493931,493931,0.25,0.5,1.0,1.0,0.0,0.0,0,0,0.29999998,0.32,0.02,-0.04,0.08656833,0,nan,nan,3,0,1,10,0
81112000,1665836808352388,473977682,85456071,493937,493937,0.25,0.5,1.0,1.0,0.0,0.0,0,0,0.48,-0.47,0.0,0.0,3.1497958,0,nan,nan,3,0,1,10,0
81512000,1665836808752388,473977651,85456072,493938,493938,0.25,0.5,1.0,1.0,0.0,0.0,0,0,1.1999999,-1.2099999,0.02,-0.04,3.1248374,0,nan,nan,3,0,1,10,0
81912000,1665836809148388,473977598,85456073,493949,493949,0.25,0.5,1.0,1.0,0.0,0.0,0,0,1.73,-1.7199999,0.02,0.0,3.1258845,0,nan,nan,3,0,1,10,0
82312000,1665836809548388,473977529,85456074,493955,493955,0.25,0.5,1.0,1.0,0.0,0.0,0,0,2.0,-2.0,0.03,-0.01,3.121696,0,nan,nan,3,0,1,10,0
82712000,1665836809948388,473977457,85456076,493952,493952,0.25,0.5,1.0,1.0,0.0,0.0,0,0,1.9499999,-1.9599999,0.03,-0.02,3.1227431,0,nan,nan,3,0,1,10,0
83112000,1665836810352388,473977392,85456076,493964,493964,0.25,0.5,1.0,1.0,0.0,0.0,0,0,1.5699999,-1.5699999,0.0,-0.07,3.141069,0,nan,nan,3,0,1,10,0
83512000,1665836810752388,473977346,85456077,493960,493960,0.25,0.5,1.0,1.0,0.0,0.0,0,0,0.96,-1.0,0.03,0.0,3.1100023,0,nan,nan,3,0,1,10,0
83912000,1665836811148388,473977324,85456077,493966,493966,0.25,0.5,1.0,1.0,0.0,0.0,0,0,0.19999999,-0.19,0.0,-0.06,3.1473522,0,nan,nan,3,0,1,10,0
84312000,1665836811548388,473977331,85456077,493987,493987,0.25,0.5,1.0,1.0,0.0,0.0,0,0,0.59,0.59999996,-0.01,0.02,6.2620664,0,nan,nan,3,0,1,10,0
84712000,1665836811948388,473977366,85456076,493989,493989,0.25,0.5,1.0,1.0,0.0,0.0,0,0,1.3,1.28,0.0,-0.03,6.2755055,0,nan,nan,3,0,1,10,0
85112000,1665836812352388,473977424,85456076,493995,493995,0.25,0.5,1.0,1.0,0.0,0.0,0,0,1.8,1.79,0.0,-0.02,0.00052359875,0,nan,nan,3,0,1,10,0
85512000,1665836812752388,473977494,85456076,493992,493992,0.25,0.5,1.0,1.0,0.0,0.0,0,0,2.02,2.02,-0.01,-0.01,6.275331,0,nan,nan,3,0,1,10,0
85912000,1665836813148388,473977565,85456075,493989,493989,0.25,0.5,1.0,1.0,0.0,0.0,0,0,1.92,1.92,0.0,0.03,6.2784724,0,nan,nan,3,0,1,10,0
86312000,1665836813548388,473977629,85456074,493973,493973,0.25,0.5,1.0,1.0,0.0,0.0,0,0,1.5,1.52,-0.02,-0.01,6.268873,0,nan,nan,3,0,1,10,0
86712000,1665836813948388,473977671,85456074,493965,493965,0.25,0.5,1.0,1.0,0.0,0.0,0,0,0.84999996,0.84999996,-0.03,-0.03,6.247057,0,nan,nan,3,0,1,10,0
87112000,1665836814352388,473977688,85456073,493968,493968,0.25,0.5,1.0,1.0,0.0,0.0,0,0,0.049999997,0.03,0.0,0.0,0.12932889,0,nan,nan,3,0,1,10,0
87512000,1665836814752388,473977675,85456072,493988,493988,0.25,0.5,1.0,1.0,0.0,0.0,0,0,0.72999996,-0.72999996,0.0,0.01,3.1468287,0,nan,nan,3,0,1,10,0
87912000,1665836815148388,473977636,85456072,493987,493987,0.25,0.5,1.0,1.0,0.0,0.0,0,0,1.4,-1.41,0.0,0.03,3.1363566,0,nan,nan,3,0,1,10,0
88312000,1665836815548388,473977576,85456072,493975,493975,0.25,0.5,1.0,1.0,0.0,0.0,0,0,1.86,-1.87,0.01,0.07,3.1337388,0,nan,nan,3,0,1,10,0
88712000,1665836815948388,473977505,85456073,493966,493966,0.25,0.5,1.0,1.0,0.0,0.0,0,0,2.04,-2.04,0.0,0.08,3.1391492,0,nan,nan,3,0,1,10,0
89112000,1665836816352388,473977432,85456073,493978,493978,0.25,0.5,1.0,1.0,0.0,0.0,0,0,1.88,-1.88,0.0,-0.01,3.1372292,0,nan,nan,3,0,1,10,0
89512000,1665836816752388,473977372,85456073,493978,493978,0.25,0.5,1.0,1.0,0.0,0.0,0,0,1.42,-1.41,0.0,-0.01,3.1375782,0,nan,nan,3,0,1,10,0
89912000,1665836817148388,473977332,85456075,493980,493980,0.25,0.5,1.0,1.0,0.0,0.0,0,0,0.76,-0.78,0.02,-0.01,3.1091294,0,nan,nan,3,0,1,10,0
90312000,1665836817548388,473977319,85456076,493981,493981,0.25,0.5,1.0,1.0,0.0,0.0,0,0,0.02,0.01,0.0,-0.03,0.35988688,0,nan,nan,3,0,1,10,0
90712000,1665836817948388,473977334,85456075,493980,493980,0.25,0.5,1.0,1.0,0.0,0.0,0,0,0.78999996,0.81,0.0,-0.02,6.280043,0,nan,nan,3,0,1,10,0
91112000,1665836818352388,473977376,85456076,493990,493990,0.25,0.5,1.0,1.0,0.0,0.0,0,0,1.4599999,1.4499999,0.0,0.04,0.0019198621,0,nan,nan,3,0,1,10,0
91512000,1665836818752388,473977437,85456076,493988,493988,0.25,0.5,1.0,1.0,0.0,0.0,0,0,1.88,1.89,0.02,0.02,0.010995574,0,nan,nan,3,0,1,10,0
91912000,1665836819148388,473977508,85456076,493976,493976,0.25,0.5,1.0,1.0,0.0,0.0,0,0,2.0,1.99,0.01,0.0,0.008552113,0,nan,nan,3,0,1,10,0
92312000,1665836819548388,473977577,85456076,493957,493957,0.25,0.5,1.0,1.0,0.0,0.0,0,0,1.81,1.8199999,0.01,0.01,0.006632251,0,nan,nan,3,0,1,10,0
92712000,1665836819948388,473977634,85456077,493939,493939,0.25,0.5,1.0,1.0,0.0,0.0,0,0,1.3199999,1.3399999,0.0,0.02,6.2784724,0,nan,nan,3,0,1,10,0
93108000,1665836820352388,473977671,85456077,493933,493933,0.25,0.5,1.0,1.0,0.0,0.0,0,0,0.62,0.61,0.0,0.04,0.00837758,0,nan,nan,3,0,1,10,0
93512000,1665836820752388,473977679,85456077,493910,493910,0.25,0.5,1.0,1.0,0.0,0.0,0,0,0.14999999,-0.13,0.0,-0.02,3.1209977,0,nan,nan,3,0,1,10,0
93912000,1665836821148388,473977660,85456078,493911,493911,0.25,0.5,1.0,1.0,0.0,0.0,0,0,0.89,-0.89,0.01,0.01,3.1222196,0,nan,nan,3,0,1,10,0
94308000,1665836821548388,473977616,85456079,493894,493894,0.25,0.5,1.0,1.0,0.0,0.0,0,0,1.5,-1.51,0.01,0.03,3.133215,0,nan,nan,3,0,1,10,0
94712000,1665836821948388,473977554,85456079,493882,493882,0.25,0.5,1.0,1.0,0.0,0.0,0,0,1.87,-1.86,0.01,0.02,3.1333895,0,nan,nan,3,0,1,10,0
95112000,1665836822352388,473977484,85456081,493880,493880,0.25,0.5,1.0,1.0,0.0,0.0,0,0,1.93,-1.9399999,0.0,0.02,3.1393237,0,nan,nan,3,0,1,10,0
95512000,1665836822752388,473977418,85456081,493871,493871,0.25,0.5,1.0,1.0,0.0,0.0,0,0,1.67,-1.68,0.03,0.03,3.1223938,0,nan,nan,3,0,1,10,0
95912000,1665836823148388,473977367,85456082,493856,493856,0.25,0.5,1.0,1.0,0.0,0.0,0,0,1.15,-1.18,0.0,0.049999997,3.1391492,0,nan,nan,3,0,1,10,0
96312000,1665836823548388,473977338,85456082,493860,493860,0.25,0.5,1.0,1.0,0.0,0.0,0,0,0.44,-0.44,0.0,-0.03,3.132866,0,nan,nan,3,0,1,10,0
96712000,1665836823948388,473977336,85456083,493869,493869,0.25,0.5,1.0,1.0,0.0,0.0,0,0,0.32999998,0.32999998,0.0,-0.049999997,6.2592745,0,nan,nan,3,0,1,10,0
97112000,1665836824352388,473977361,85456082,493881,493881,0.25,0.5,1.0,1.0,0.0,0.0,0,0,1.0699999,1.0699999,0.0,0.04,0.0069813165,0,nan,nan,3,0,1,10,0
97512000,1665836824752388,473977412,85456081,493866,493866,0.25,0.5,1.0,1.0,0.0,0.0,0,0,1.64,1.63,-0.02,0.03,6.269746,0,nan,nan,3,0,1,10,0
97912000,1665836825148388,473977477,85456081,493864,493864,0.25,0.5,1.0,1.0,0.0,0.0,0,0,1.9599999,1.9599999,0.0,0.049999997,6.2816143,0,nan,nan,3,0,1,10,0
98312000,1665836825548388,473977550,85456079,493841,493841,0.25,0.5,1.0,1.0,0.0,0.0,0,0,1.9799999,1.9499999,-0.01,0.07,6.2734113,0,nan,nan,3,0,1,10,0
98712000,1665836825948388,473977616,85456078,493828,493828,0.25,0.5,1.0,1.0,0.0,0.0,0,0,1.68,1.6899999,0.0,0.04,6.2786474,0,nan,nan,3,0,1,10,0
99112000,1665836826352388,473977668,85456078,493832,493832,0.25,0.5,1.0,1.0,0.0,0.0,0,0,1.12,1.13,-0.01,0.0,6.2704444,0,nan,nan,3,0,1,10,0
99512000,1665836826752388,473977696,85456077,493829,493829,0.25,0.5,1.0,1.0,0.0,0.0,0,0,0.38,0.37,0.0,-0.06,6.26259,0,nan,nan,3,0,1,10,0
99912000,1665836827148388,473977695,85456076,493842,493842,0.25,0.5,1.0,1.0,0.0,0.0,0,0,0.39,-0.39,-0.02,-0.01,3.1960468,0,nan,nan,3,0,1,10,0
100112000,1665836827352388,473977685,85456076,493832,493832,0.25,0.5,1.0,1.0,0.0,0.0,0,0,0.77,-0.76,-0.01,-0.01,3.1662016,0,nan,nan,3,0,1,10,0
100516000,1665836827756388,473977644,85456076,493837,493837,0.25,0.5,1.0,1.0,0.0,0.0,0,0,1.43,-1.43,-0.01,-0.01,3.1503193,0,nan,nan,3,0,1,10,0
100912000,1665836828156388,473977583,85456075,493834,493834,0.25,0.5,1.0,1.0,0.0,0.0,0,0,1.87,-1.87,0.0,0.01,3.1382766,0,nan,nan,3,0,1,10,0
101316000,1665836828556388,473977512,85456077,493824,493824,0.25,0.5,1.0,1.0,0.0,0.0,0,0,2.01,-1.99,0.04,0.01,3.1192524,0,nan,nan,3,0,1,10,0
101716000,1665836828952388,473977442,85456078,493821,493821,0.25,0.5,1.0,1.0,0.0,0.0,0,0,1.8199999,-1.8199999,0.02,-0.01,3.1297243,0,nan,nan,3,0,1,10,0
102116000,1665836829352388,473977385,85456079,493823,493823,0.25,0.5,1.0,1.0,0.0,0.0,0,0,1.3399999,-1.35,0.02,0.02,3.1246629,0,nan,nan,3,0,1,10,0
102516000,1665836829756388,473977348,85456081,493816,493816,0.25,0.5,1.0,1.0,0.0,0.0,0,0,0.65,-0.65999997,0.0,-0.03,3.1305969,0,nan,nan,3,0,1,10,0
102916000,1665836830156388,473977339,85456083,493820,493820,0.25,0.5,1.0,1.0,0.0,0.0,0,0,0.14,0.14,0.01,-0.01,0.12217305,0,nan,nan,3,0,1,10,0
103312000,1665836830556388,473977358,85456084,493823,493823,0.25,0.5,1.0,1.0,0.0,0.0,0,0,0.9,0.9,0.03,0.01,0.033161256,0,nan,nan,3,0,1,10,0
103716000,1665836830952388,473977402,85456086,493824,493824,0.25,0.5,1.0,1.0,0.0,0.0,0,0,1.52,1.52,0.03,0.0,0.02443461,0,nan,nan,3,0,1,10,0
104116000,1665836831352388,473977465,85456087,493824,493824,0.25,0.5,1.0,1.0,0.0,0.0,0,0,1.91,1.9,0.02,0.01,0.012042772,0,nan,nan,3,0,1,10,0
104512000,1665836831756388,473977538,85456087,493804,493804,0.25,0.5,1.0,1.0,0.0,0.0,0,0,2.0,1.99,0.0,0.02,0.0034906582,0,nan,nan,3,0,1,10,0
104916000,1665836832156388,473977606,85456087,493800,493800,0.25,0.5,1.0,1.0,0.0,0.0,0,0,1.77,1.77,0.0,0.04,0.0047123884,0,nan,nan,3,0,1,10,0
105316000,1665836832556388,473977662,85456088,493795,493795,0.25,0.5,1.0,1.0,0.0,0.0,0,0,1.25,1.25,-0.01,0.03,6.2713165,0,nan,nan,3,0,1,10,0
105712000,1665836832952388,473977694,85456087,493796,493796,0.25,0.5,1.0,1.0,0.0,0.0,0,0,0.53999996,0.53999996,0.0,-0.01,6.2816143,0,nan,nan,3,0,1,10,0
106116000,1665836833352388,473977700,85456086,493817,493817,0.25,0.5,1.0,1.0,0.0,0.0,0,0,0.24,-0.24,0.0,-0.049999997,3.141069,0,nan,nan,3,0,1,10,0
106516000,1665836833756388,473977677,85456087,493840,493840,0.25,0.5,1.0,1.0,0.0,0.0,0,0,1.0,-1.0,0.02,-0.03,3.1202996,0,nan,nan,3,0,1,10,0
106916000,1665836834156388,473977629,85456087,493850,493850,0.25,0.5,1.0,1.0,0.0,0.0,0,0,1.5999999,-1.5799999,0.0,-0.01,3.1367056,0,nan,nan,3,0,1,10,0
107312000,1665836834556388,473977563,85456087,493846,493846,0.25,0.5,1.0,1.0,0.0,0.0,0,0,1.9499999,-1.9499999,0.0,0.04,3.1379273,0,nan,nan,3,0,1,10,0
107716000,1665836834952388,473977492,85456086,493848,493848,0.25,0.5,1.0,1.0,0.0,0.0,0,0,2.0,-2.0,-0.01,-0.03,3.1473522,0,nan,nan,3,0,1,10,0
108116000,1665836835352388,473977424,85456086,493850,493850,0.25,0.5,1.0,1.0,0.0,0.0,0,0,1.73,-1.7199999,-0.03,-0.049999997,3.1593947,0,nan,nan,3,0,1,10,0
108516000,1665836835756388,473977370,85456085,493855,493855,0.25,0.5,1.0,1.0,0.0,0.0,0,0,1.17,-1.17,-0.01,-0.04,3.1566024,0,nan,nan,3,0,1,10,0
108916000,1665836836156388,473977340,85456085,493862,493862,0.25,0.5,1.0,1.0,0.0,0.0,0,0,0.44,-0.45,-0.01,-0.02,3.1648057,0,nan,nan,3,0,1,10,0
109316000,1665836836556388,473977339,85456084,493868,493868,0.25,0.5,1.0,1.0,0.0,0.0,0,0,0.35,0.34,0.01,-0.06,0.04660029,0,nan,nan,3,0,1,10,0
109716000,1665836836952388,473977365,85456084,493876,493876,0.25,0.5,1.0,1.0,0.0,0.0,0,0,1.0799999,1.0699999,-0.02,-0.01,6.26451,0,nan,nan,3,0,1,10,0
110116000,1665836837352388,473977415,85456083,493875,493875,0.25,0.5,1.0,1.0,0.0,0.0,0,0,1.66,1.66,-0.02,0.06,6.270619,0,nan,nan,3,0,1,10,0
110320000,1665836837560388,473977449,85456083,493874,493874,0.25,0.5,1.0,1.0,0.0,0.0,0,0,1.86,1.8499999,0.0,0.0,6.2807417,0,nan,nan,3,0,1,10,0
110720000,1665836837960388,473977520,85456082,493862,493862,0.25,0.5,1.0,1.0,0.0,0.0,0,0,2.02,2.02,-0.01,0.01,6.2748075,0,nan,nan,3,0,1,10,0
111120000,1665836838356388,473977590,85456081,493870,493870,0.25,0.5,1.0,1.0,0.0,0.0,0,0,1.8499999,1.87,-0.02,-0.02,6.271666,0,nan,nan,3,0,1,10,0
111520000,1665836838756388,473977649,85456080,493874,493874,0.25,0.5,1.0,1.0,0.0,0.0,0,0,1.38,1.38,-0.02,-0.02,6.261543,0,nan,nan,3,0,1,10,0
111920000,1665836839160388,473977687,85456079,493887,493887,0.25,0.5,1.0,1.0,0.0,0.0,0,0,0.68,0.65999997,-0.02,-0.07,6.2484527,0,nan,nan,3,0,1,10,0
112320000,1665836839560388,473977697,85456078,493915,493915,0.25,0.5,1.0,1.0,0.0,0.0,0,0,0.11,-0.099999994,0.0,-0.03,3.199363,0,nan,nan,3,0,1,10,0
112720000,1665836839960388,473977679,85456078,493926,493926,0.25,0.5,1.0,1.0,0.0,0.0,0,0,0.88,-0.89,0.0,-0.049999997,3.151192,0,nan,nan,3,0,1,10,0
113120000,1665836840356388,473977635,85456078,493934,493934,0.25,0.5,1.0,1.0,0.0,0.0,0,0,1.51,-1.51,-0.03,-0.01,3.1630602,0,nan,nan,3,0,1,10,0
113520000,1665836840756388,473977573,85456077,493946,493946,0.25,0.5,1.0,1.0,0.0,0.0,0,0,1.91,-1.88,0.01,-0.04,3.1311204,0,nan,nan,3,0,1,10,0
113920000,1665836841160388,473977500,85456077,493960,493960,0.25,0.5,1.0,1.0,0.0,0.0,0,0,2.01,-2.01,0.0,-0.02,3.1377528,0,nan,nan,3,0,1,10,0
114320000,1665836841560388,473977431,85456078,493961,493961,0.25,0.5,1.0,1.0,0.0,0.0,0,0,1.79,-1.8,0.0,-0.01,3.1374037,0,nan,nan,3,0,1,10,0
114720000,1665836841960388,473977374,85456078,493967,493967,0.25,0.5,1.0,1.0,0.0,0.0,0,0,1.28,-1.29,-0.02,0.0,3.164631,0,nan,nan,3,0,1,10,0
115120000,1665836842356388,473977341,85456077,493969,493969,0.25,0.5,1.0,1.0,0.0,0.0,0,0,0.58,-0.59,-0.02,-0.03,3.1885421,0,nan,nan,3,0,1,10,0
115520000,1665836842756388,473977334,85456077,493976,493976,0.25,0.5,1.0,1.0,0.0,0.0,0,0,0.21,0.19999999,-0.01,-0.03,6.1997585,0,nan,nan,3,0,1,10,0
115920000,1665836843160388,473977356,85456078,493981,493981,0.25,0.5,1.0,1.0,0.0,0.0,0,0,0.97999996,0.96,0.0,-0.02,0.00017453292,0,nan,nan,3,0,1,10,0
116320000,1665836843560388,473977403,85456077,493980,493980,0.25,0.5,1.0,1.0,0.0,0.0,0,0,1.5899999,1.5699999,0.0,0.02,0.00017453292,0,nan,nan,3,0,1,10,0
116720000,1665836843960388,473977469,85456076,493968,493968,0.25,0.5,1.0,1.0,0.0,0.0,0,0,1.9499999,1.9599999,0.0,0.03,0.002443461,0,nan,nan,3,0,1,10,0
117120000,1665836844356388,473977540,85456075,493946,493946,0.25,0.5,1.0,1.0,0.0,0.0,0,0,2.0,2.0,-0.01,0.04,6.2732368,0,nan,nan,3,0,1,10,0
117520000,1665836844756388,473977608,85456075,493930,493930,0.25,0.5,1.0,1.0,0.0,0.0,0,0,1.73,1.73,-0.01,0.03,6.273586,0,nan,nan,3,0,1,10,0
117916000,1665836845160388,473977662,85456074,493916,493916,0.25,0.5,1.0,1.0,0.0,0.0,0,0,1.17,1.1899999,-0.02,0.04,6.2659063,0,nan,nan,3,0,1,10,0
118320000,1665836845560388,473977691,85456074,493917,493917,0.25,0.5,1.0,1.0,0.0,0.0,0,0,0.44,0.42999998,0.0,0.01,6.276553,0,nan,nan,3,0,1,10,0
118720000,1665836845960388,473977693,85456074,493917,493917,0.25,0.5,1.0,1.0,0.0,0.0,0,0,0.35999998,-0.39,-0.02,0.0,3.1953487,0,nan,nan,3,0,1,10,0
119116000,1665836846356388,473977666,85456074,493923,493923,0.25,0.5,1.0,1.0,0.0,0.0,0,0,1.09,-1.09,0.0,0.03,3.1464796,0,nan,nan,3,0,1,10,0
119520000,1665836846756388,473977616,85456074,493913,493913,0.25,0.5,1.0,1.0,0.0,0.0,0,0,1.66,-1.65,0.01,0.03,3.1300733,0,nan,nan,3,0,1,10,0
119920000,1665836847160388,473977548,85456074,493900,493900,0.25,0.5,1.0,1.0,0.0,0.0,0,0,1.9699999,-1.99,0.02,0.0,3.1278043,0,nan,nan,3,0,1,10,0
120320000,1665836847560388,473977476,85456075,493903,493903,0.25,0.5,1.0,1.0,0.0,0.0,0,0,1.9799999,-1.9699999,0.0,0.02,3.1367056,0,nan,nan,3,0,1,10,0
120720000,1665836847960388,473977409,85456075,493889,493889,0.25,0.5,1.0,1.0,0.0,0.0,0,0,1.66,-1.66,0.01,0.04,3.1333895,0,nan,nan,3,0,1,10,0
121120000,1665836848356388,473977359,85456076,493877,493877,0.25,0.5,1.0,1.0,0.0,0.0,0,0,1.09,-1.09,0.0,0.049999997,3.1457813,0,nan,nan,3,0,1,10,0
121516000,1665836848756388,473977333,85456076,493871,493871,0.25,0.5,1.0,1.0,0.0,0.0,0,0,0.35,-0.35,0.0,-0.03,3.141069,0,nan,nan,3,0,1,10,0
121920000,1665836849160388,473977335,85456076,493869,493869,0.25,0.5,1.0,1.0,0.0,0.0,0,0,0.44,0.45,0.0,0.0,6.2737603,0,nan,nan,3,0,1,10,0
122320000,1665836849560388,473977365,85456075,493884,493884,0.25,0.5,1.0,1.0,0.0,0.0,0,0,1.16,1.16,-0.01,0.01,6.273062,0,nan,nan,3,0,1,10,0
122720000,1665836849960388,473977417,85456075,493861,493861,0.25,0.5,1.0,1.0,0.0,0.0,0,0,1.6899999,1.6999999,-0.02,0.0,6.2662554,0,nan,nan,3,0,1,10,0
123120000,1665836850356388,473977483,85456075,493848,493848,0.25,0.5,1.0,1.0,0.0,0.0,0,0,1.9599999,1.9499999,0.0,0.06,6.277949,0,nan,nan,3,0,1,10,0
123520000,1665836850756388,473977555,85456074,493837,493837,0.25,0.5,1.0,1.0,0.0,0.0,0,0,1.92,1.91,-0.01,0.03,6.275331,0,nan,nan,3,0,1,10,0
123916000,1665836851160388,473977619,85456075,493823,493823,0.25,0.5,1.0,1.0,0.0,0.0,0,0,1.5699999,1.5699999,0.02,0.03,0.012915436,0,nan,nan,3,0,1,10,0
124320000,1665836851560388,473977666,85456074,493803,493803,0.25,0.5,1.0,1.0,0.0,0.0,0,0,0.96999997,0.97999996,-0.01,0.01,6.272713,0,nan,nan,3,0,1,10,0
124720000,1665836851960388,473977687,85456075,493790,493790,0.25,0.5,1.0,1.0,0.0,0.0,0,0,0.22,0.22999999,0.0,0.01,0.020420352,0,nan,nan,3,0,1,10,0
125120000,1665836852356388,473977681,85456075,493786,493786,0.25,0.5,1.0,1.0,0.0,0.0,0,0,0.55,-0.55,0.01,0.03,3.1154127,0,nan,nan,3,0,1,10,0
125520000,1665836852760388,473977648,85456074,493785,493785,0.25,0.5,1.0,1.0,0.0,0.0,0,0,1.25,-1.25,0.0,-0.02,3.1433377,0,nan,nan,3,0,1,10,0
125920000,1665836853156388,473977593,85456074,493797,493797,0.25,0.5,1.0,1.0,0.0,0.0,0,0,1.75,-1.78,-0.01,0.04,3.1503193,0,nan,nan,3,0,1,10,0
126316000,1665836853560388,473977524,85456073,493782,493782,0.25,0.5,1.0,1.0,0.0,0.0,0,0,1.9799999,-1.9799999,-0.02,-0.01,3.1517155,0,nan,nan,3,0,1,10,0
126720000,1665836853956388,473977454,85456072,493776,493776,0.25,0.5,1.0,1.0,0.0,0.0,0,0,1.88,-1.89,-0.03,-0.01,3.1579988,0,nan,nan,3,0,1,10,0
127120000,1665836854356388,473977392,85456071,493778,493778,0.25,0.5,1.0,1.0,0.0,0.0,0,0,1.48,-1.5,-0.03,0.01,3.1644564,0,nan,nan,3,0,1,10,0
127520000,1665836854760388,473977350,85456071,493782,493782,0.25,0.5,1.0,1.0,0.0,0.0,0,0,0.83,-0.84,0.0,-0.01,3.133913,0,nan,nan,3,0,1,10,0
127920000,1665836855156388,473977333,85456071,493786,493786,0.25,0.5,1.0,1.0,0.0,0.0,0,0,0.07,-0.06,0.01,-0.03,2.978579,0,nan,nan,3,0,1,10,0
128320000,1665836855560388,473977345,85456072,493796,493796,0.25,0.5,1.0,1.0,0.0,0.0,0,0,0.71,0.7,0.01,-0.03,0.026529005,0,nan,nan,3,0,1,10,0
128720000,1665836855956388,473977383,85456073,493798,493798,0.25,0.5,1.0,1.0,0.0,0.0,0,0,1.37,1.36,0.0,0.0,6.2812653,0,nan,nan,3,0,1,10,0
129120000,1665836856356388,473977442,85456075,493792,493792,0.25,0.5,1.0,1.0,0.0,0.0,0,0,1.8299999,1.8199999,0.03,0.03,0.02146755,0,nan,nan,3,0,1,10,0
129520000,1665836856760388,473977513,85456076,493784,493784,0.25,0.5,1.0,1.0,0.0,0.0,0,0,2.01,2.0,0.01,0.04,0.0050614546,0,nan,nan,3,0,1,10,0
129920000,1665836857156388,473977583,85456076,493772,493772,0.25,0.5,1.0,1.0,0.0,0.0,0,0,1.87,1.88,0.04,-0.02,0.021293018,0,nan,nan,3,0,1,10,0
130320000,1665836857560388,473977644,85456077,493765,493765,0.25,0.5,1.0,1.0,0.0,0.0,0,0,1.42,1.39,0.0,0.0,0.006632251,0,nan,nan,3,0,1,10,0
130720000,1665836857956388,473977684,85456078,493776,493776,0.25,0.5,1.0,1.0,0.0,0.0,0,0,0.76,0.77,0.01,-0.03,0.020071287,0,nan,nan,3,0,1,10,0
131120000,1665836858356388,473977697,85456079,493775,493775,0.25,0.5,1.0,1.0,0.0,0.0,0,0,0.02,0.01,0.02,-0.049999997,1.1611675,0,nan,nan,3,0,1,10,0
131520000,1665836858760388,473977682,85456080,493778,493778,0.25,0.5,1.0,1.0,0.0,0.0,0,0,0.78999996,-0.78,0.01,-0.02,3.1274555,0,nan,nan,3,0,1,10,0
131920000,1665836859156388,473977641,85456081,493789,493789,0.25,0.5,1.0,1.0,0.0,0.0,0,0,1.4499999,-1.4399999,0.0,0.0,3.1356583,0,nan,nan,3,0,1,10,0
132316000,1665836859560388,473977579,85456083,493794,493794,0.25,0.5,1.0,1.0,0.0,0.0,0,0,1.89,-1.89,0.01,0.02,3.135833,0,nan,nan,3,0,1,10,0
132720000,1665836859956388,473977508,85456084,493799,493799,0.25,0.5,1.0,1.0,0.0,0.0,0,0,2.03,-2.02,0.01,-0.01,3.135484,0,nan,nan,3,0,1,10,0
133120000,1665836860356388,473977437,85456085,493803,493803,0.25,0.5,1.0,1.0,0.0,0.0,0,0,1.8499999,-1.8399999,0.02,-0.01,3.1302478,0,nan,nan,3,0,1,10,0
133520000,1665836860760388,473977378,85456087,493830,493830,0.25,0.5,1.0,1.0,0.0,0.0,0,0,1.35,-1.36,0.02,-0.06,3.1220448,0,nan,nan,3,0,1,10,0
133920000,1665836861156388,473977341,85456087,493852,493852,0.25,0.5,1.0,1.0,0.0,0.0,0,0,0.66999996,-0.66999996,0.02,-0.07,3.1105258,0,nan,nan,3,0,1,10,0
134320000,1665836861560388,473977331,85456088,493859,493859,0.25,0.5,1.0,1.0,0.0,0.0,0,0,0.12,0.14999999,-0.02,0.0,6.153507,0,nan,nan,3,0,1,10,0
134720000,1665836861956388,473977350,85456088,493892,493892,0.25,0.5,1.0,1.0,0.0,0.0,0,0,0.88,0.89,0.0,-0.07,0.009773844,0,nan,nan,3,0,1,10,0
135120000,1665836862356388,473977394,85456087,493894,493894,0.25,0.5,1.0,1.0,0.0,0.0,0,0,1.51,1.52,0.0,-0.02,0.0,0,nan,nan,3,0,1,10,0
135520000,1665836862760388,473977457,85456086,493897,493897,0.25,0.5,1.0,1.0,0.0,0.0,0,0,1.9,1.92,-0.02,0.0,6.267826,0,nan,nan,3,0,1,10,0
135920000,1665836863156388,473977528,85456086,493892,493892,0.25,0.5,1.0,1.0,0.0,0.0,0,0,1.99,1.9599999,-0.03,0.02,6.266779,0,nan,nan,3,0,1,10,0
136320000,1665836863560388,473977597,85456085,493880,493880,0.25,0.5,1.0,1.0,0.0,0.0,0,0,1.75,1.76,-0.01,0.02,6.273935,0,nan,nan,3,0,1,10,0
136720000,1665836863956388,473977651,85456085,493894,493894,0.25,0.5,1.0,1.0,0.0,0.0,0,0,1.24,1.23,0.0,-0.02,6.2810907,0,nan,nan,3,0,1,10,0
137120000,1665836864356388,473977684,85456085,493892,493892,0.25,0.5,1.0,1.0,0.0,0.0,0,0,0.53999996,0.55,0.02,-0.01,0.052010812,0,nan,nan,3,0,1,10,0
137520000,1665836864760388,473977688,85456086,493905,493905,0.25,0.5,1.0,1.0,0.0,0.0,0,0,0.25,-0.25,0.01,0.0,3.0747464,0,nan,nan,3,0,1,10,0
137920000,1665836865156388,473977666,85456086,493913,493913,0.25,0.5,1.0,1.0,0.0,0.0,0,0,1.0,-1.01,0.01,-0.03,3.1278043,0,nan,nan,3,0,1,10,0
138316000,1665836865560388,473977617,85456086,493929,493929,0.25,0.5,1.0,1.0,0.0,0.0,0,0,1.61,-1.61,0.01,0.0,3.1349602,0,nan,nan,3,0,1,10,0
138720000,1665836865956388,473977553,85456086,493949,493949,0.25,0.5,1.0,1.0,0.0,0.0,0,0,1.9499999,-1.93,0.01,-0.049999997,3.1311204,0,nan,nan,3,0,1,10,0
139120000,1665836866356388,473977481,85456086,493973,493973,0.25,0.5,1.0,1.0,0.0,0.0,0,0,1.99,-1.9699999,0.0,-0.01,3.142989,0,nan,nan,3,0,1,10,0
139520000,1665836866760388,473977413,85456085,493993,493993,0.25,0.5,1.0,1.0,0.0,0.0,0,0,1.7099999,-1.6899999,0.0,-0.04,3.142989,0,nan,nan,3,0,1,10,0
139920000,1665836867156388,473977360,85456085,494013,494013,0.25,0.5,1.0,1.0,0.0,0.0,0,0,1.17,-1.16,-0.01,-0.08,3.1517155,0,nan,nan,3,0,1,10,0
140316000,1665836867560388,473977330,85456085,494034,494034,0.25,0.5,1.0,1.0,0.0,0.0,0,0,0.44,-0.45,0.0,-0.04,3.1482246,0,nan,nan,3,0,1,10,0
140720000,1665836867956388,473977329,85456085,494063,494063,0.25,0.5,1.0,1.0,0.0,0.0,0,0,0.32999998,0.32999998,-0.01,-0.03,6.2334433,0,nan,nan,3,0,1,10,0
141120000,1665836868356388,473977354,85456084,494074,494074,0.25,0.5,1.0,1.0,0.0,0.0,0,0,1.0699999,1.0799999,0.0,-0.03,6.2823124,0,nan,nan,3,0,1,10,0
141520000,1665836868760388,473977405,85456085,494075,494075,0.25,0.5,1.0,1.0,0.0,0.0,0,0,1.65,1.66,0.0,-0.01,0.0034906582,0,nan,nan,3,0,1,10,0
141920000,1665836869156388,473977470,85456084,494080,494080,0.25,0.5,1.0,1.0,0.0,0.0,0,0,1.9499999,1.9499999,-0.01,0.06,6.274284,0,nan,nan,3,0,1,10,0
142320000,1665836869560388,473977543,85456084,494064,494064,0.25,0.5,1.0,1.0,0.0,0.0,0,0,1.9499999,1.9499999,0.01,0.02,0.006283185,0,nan,nan,3,0,1,10,0
142724000,1665836869956388,473977607,85456085,494051,494051,0.25,0.5,1.0,1.0,0.0,0.0,0,0,1.64,1.63,-0.01,0.03,6.27568,0,nan,nan,3,0,1,10,0
143120000,1665836870356388,473977657,85456084,494038,494038,0.25,0.5,1.0,1.0,0.0,0.0,0,0,1.06,1.06,0.0,0.04,0.002094395,0,nan,nan,3,0,1,10,0
143520000,1665836870760388,473977682,85456084,494021,494021,0.25,0.5,1.0,1.0,0.0,0.0,0,0,0.31,0.29,0.0,0.01,6.282138,0,nan,nan,3,0,1,10,0
143920000,1665836871156388,473977680,85456085,494018,494018,0.25,0.5,1.0,1.0,0.0,0.0,0,0,0.45999998,-0.45,0.01,0.03,3.111573,0,nan,nan,3,0,1,10,0
144320000,1665836871560388,473977649,85456085,494008,494008,0.25,0.5,1.0,1.0,0.0,0.0,0,0,1.17,-1.16,-0.01,0.01,3.1527627,0,nan,nan,3,0,1,10,0
144720000,1665836871956388,473977597,85456085,493996,493996,0.25,0.5,1.0,1.0,0.0,0.0,0,0,1.6999999,-1.6899999,0.0,0.07,3.1456068,0,nan,nan,3,0,1,10,0
145120000,1665836872356388,473977530,85456085,493982,493982,0.25,0.5,1.0,1.0,0.0,0.0,0,0,1.9599999,-1.9699999,-0.01,0.04,3.1471775,0,nan,nan,3,0,1,10,0
145516000,1665836872760388,473977458,85456085,493959,493959,0.25,0.5,1.0,1.0,0.0,0.0,0,0,1.91,-1.9,0.0,0.04,3.143687,0,nan,nan,3,0,1,10,0
145920000,1665836873156388,473977396,85456084,493939,493939,0.25,0.5,1.0,1.0,0.0,0.0,0,0,1.55,-1.52,-0.02,0.049999997,3.1546826,0,nan,nan,3,0,1,10,0
146320000,1665836873560388,473977350,85456083,493934,493934,0.25,0.5,1.0,1.0,0.0,0.0,0,0,0.93,-0.94,-0.02,-0.03,3.1724849,0,nan,nan,3,0,1,10,0
146720000,1665836873956388,473977330,85456081,493930,493930,0.25,0.5,1.0,1.0,0.0,0.0,0,0,0.19,-0.19,-0.03,0.0,3.3169982,0,nan,nan,3,0,1,10,0
147116000,1665836874356388,473977337,85456079,493921,493921,0.25,0.5,1.0,1.0,0.0,0.0,0,0,0.58,0.59999996,-0.02,-0.02,6.2365847,0,nan,nan,3,0,1,10,0
147520000,1665836874760388,473977371,85456078,493909,493909,0.25,0.5,1.0,1.0,0.0,0.0,0,0,1.27,1.27,-0.03,0.02,6.2568307,0,nan,nan,3,0,1,10,0
147920000,1665836875156388,473977426,85456076,493883,493883,0.25,0.5,1.0,1.0,0.0,0.0,0,0,1.76,1.75,-0.03,0.07,6.2636375,0,nan,nan,3,0,1,10,0
148320000,1665836875560388,473977495,85456074,493843,493843,0.25,0.5,1.0,1.0,0.0,0.0,0,0,1.9799999,1.99,-0.04,0.08,6.26067,0,nan,nan,3,0,1,10,0
148720000,1665836875956388,473977565,85456073,493794,493794,0.25,0.5,1.0,1.0,0.0,0.0,0,0,1.88,1.91,-0.01,0.08,6.2767277,0,nan,nan,3,0,1,10,0
149116000,1665836876356388,473977626,85456072,493779,493779,0.25,0.5,1.0,1.0,0.0,0.0,0,0,1.4699999,1.48,-0.01,0.089999996,6.2728877,0,nan,nan,3,0,1,10,0
149520000,1665836876760388,473977669,85456071,493765,493765,0.25,0.5,1.0,1.0,0.0,0.0,0,0,0.82,0.82,0.0,0.04,6.2796946,0,nan,nan,3,0,1,10,0
149920000,1665836877156388,473977684,85456071,493754,493754,0.25,0.5,1.0,1.0,0.0,0.0,0,0,0.049999997,0.06,-0.01,0.0,6.029589,0,nan,nan,3,0,1,10,0
150320000,1665836877560388,473977672,85456071,493761,493761,0.25,0.5,1.0,1.0,0.0,0.0,0,0,0.71999997,-0.71,0.01,0.0,3.1211724,0,nan,nan,3,0,1,10,0
150720000,1665836877956388,473977634,85456070,493763,493763,0.25,0.5,1.0,1.0,0.0,0.0,0,0,1.38,-1.38,0.0,-0.04,3.1398473,0,nan,nan,3,0,1,10,0
151120000,1665836878356388,473977574,85456070,493763,493763,0.25,0.5,1.0,1.0,0.0,0.0,0,0,1.8299999,-1.8399999,-0.02,-0.03,3.1560788,0,nan,nan,3,0,1,10,0
151520000,1665836878760388,473977504,85456069,493757,493757,0.25,0.5,1.0,1.0,0.0,0.0,0,0,1.99,-1.99,-0.02,0.0,3.15189,0,nan,nan,3,0,1,10,0
151920000,1665836879156388,473977434,85456068,493747,493747,0.25,0.5,1.0,1.0,0.0,0.0,0,0,1.8399999,-1.8499999,0.0,0.01,3.141069,0,nan,nan,3,0,1,10,0
152320000,1665836879560388,473977375,85456068,493747,493747,0.25,0.5,1.0,1.0,0.0,0.0,0,0,1.37,-1.38,0.0,0.0,3.1421163,0,nan,nan,3,0,1,10,0
152720000,1665836879956388,473977337,85456066,493749,493749,0.25,0.5,1.0,1.0,0.0,0.0,0,0,0.71,-0.71999997,0.0,-0.01,3.1475267,0,nan,nan,3,0,1,10,0
153120000,1665836880356388,473977326,85456065,493760,493760,0.25,0.5,1.0,1.0,0.0,0.0,0,0,0.07,0.049999997,-0.02,-0.01,5.9404025,0,nan,nan,3,0,1,10,0
153520000,1665836880760388,473977342,85456065,493773,493773,0.25,0.5,1.0,1.0,0.0,0.0,0,0,0.84,0.84999996,-0.049999997,-0.01,6.2165136,0,nan,nan,3,0,1,10,0
153920000,1665836881156388,473977385,85456063,493778,493778,0.25,0.5,1.0,1.0,0.0,0.0,0,0,1.49,1.4699999,-0.04,-0.03,6.254038,0,nan,nan,3,0,1,10,0
154320000,1665836881560388,473977448,85456062,493775,493775,0.25,0.5,1.0,1.0,0.0,0.0,0,0,1.91,1.89,-0.01,0.03,6.273586,0,nan,nan,3,0,1,10,0
154720000,1665836881956388,473977519,85456061,493785,493785,0.25,0.5,1.0,1.0,0.0,0.0,0,0,2.03,2.03,0.0,-0.01,6.280916,0,nan,nan,3,0,1,10,0
155120000,1665836882356388,473977590,85456061,493775,493775,0.25,0.5,1.0,1.0,0.0,0.0,0,0,1.8299999,1.8299999,0.03,0.01,0.016929694,0,nan,nan,3,0,1,10,0
155520000,1665836882760388,473977649,85456062,493789,493789,0.25,0.5,1.0,1.0,0.0,0.0,0,0,1.3299999,1.3,0.0,0.0,0.0071558496,0,nan,nan,3,0,1,10,0
155916000,1665836883156388,473977684,85456063,493793,493793,0.25,0.5,1.0,1.0,0.0,0.0,0,0,0.63,0.63,0.02,0.0,0.036651913,0,nan,nan,3,0,1,10,0
156316000,1665836883560388,473977693,85456064,493810,493810,0.25,0.5,1.0,1.0,0.0,0.0,0,0,0.16,-0.14999999,0.02,-0.07,2.9747393,0,nan,nan,3,0,1,10,0
156720000,1665836883956388,473977673,85456066,493819,493819,0.25,0.5,1.0,1.0,0.0,0.0,0,0,0.9,-0.9,0.04,0.0,3.0949924,0,nan,nan,3,0,1,10,0
157120000,1665836884356388,473977628,85456067,493819,493819,0.25,0.5,1.0,1.0,0.0,0.0,0,0,1.52,-1.51,0.03,0.0,3.1209977,0,nan,nan,3,0,1,10,0
157520000,1665836884760388,473977565,85456068,493833,493833,0.25,0.5,1.0,1.0,0.0,0.0,0,0,1.91,-1.91,0.02,0.01,3.1300733,0,nan,nan,3,0,1,10,0
157920000,1665836885156388,473977494,85456068,493825,493825,0.25,0.5,1.0,1.0,0.0,0.0,0,0,1.99,-1.9699999,-0.01,0.01,3.1480503,0,nan,nan,3,0,1,10,0
158320000,1665836885560388,473977425,85456068,493834,493834,0.25,0.5,1.0,1.0,0.0,0.0,0,0,1.75,-1.74,-0.01,0.0,3.1487482,0,nan,nan,3,0,1,10,0
158720000,1665836885956388,473977371,85456067,493841,493841,0.25,0.5,1.0,1.0,0.0,0.0,0,0,1.23,-1.24,-0.02,-0.01,3.1611402,0,nan,nan,3,0,1,10,0
159120000,1665836886356388,473977339,85456066,493837,493837,0.25,0.5,1.0,1.0,0.0,0.0,0,0,0.52,-0.52,-0.03,-0.04,3.207217,0,nan,nan,3,0,1,10,0
159520000,1665836886760388,473977335,85456065,493844,493844,0.25,0.5,1.0,1.0,0.0,0.0,0,0,0.26999998,0.26999998,0.0,0.02,6.2510715,0,nan,nan,3,0,1,10,0
159920000,1665836887156388,473977358,85456064,493850,493850,0.25,0.5,1.0,1.0,0.0,0.0,0,0,1.0,1.02,-0.03,0.02,6.2474055,0,nan,nan,3,0,1,10,0
160320000,1665836887560388,473977406,85456064,493845,493845,0.25,0.5,1.0,1.0,0.0,0.0,0,0,1.5999999,1.62,-0.03,0.049999997,6.2629395,0,nan,nan,3,0,1,10,0
160716000,1665836887956388,473977470,85456063,493831,493831,0.25,0.5,1.0,1.0,0.0,0.0,0,0,1.93,1.91,-0.01,0.0,6.2774253,0,nan,nan,3,0,1,10,0
161120000,1665836888356388,473977541,85456063,493822,493822,0.25,0.5,1.0,1.0,0.0,0.0,0,0,1.9599999,1.9499999,0.03,0.01,0.018675022,0,nan,nan,3,0,1,10,0
161520000,1665836888760388,473977609,85456065,493801,493801,0.25,0.5,1.0,1.0,0.0,0.0,0,0,1.68,1.68,0.02,0.01,0.015009831,0,nan,nan,3,0,1,10,0
161920000,1665836889156388,473977660,85456067,493779,493779,0.25,0.5,1.0,1.0,0.0,0.0,0,0,1.14,1.14,0.01,0.03,0.014137167,0,nan,nan,3,0,1,10,0
162324000,1665836889560388,473977688,85456069,493763,493763,0.25,0.5,1.0,1.0,0.0,0.0,0,0,0.39999998,0.39999998,0.02,0.06,0.0689405,0,nan,nan,3,0,1,10,0
162720000,1665836889956388,473977689,85456071,493745,493745,0.25,0.5,1.0,1.0,0.0,0.0,0,0,0.38,-0.37,0.01,0.04,3.102497,0,nan,nan,3,0,1,10,0
163120000,1665836890356388,473977661,85456073,493747,493747,0.25,0.5,1.0,1.0,0.0,0.0,0,0,1.11,-1.1,0.04,-0.02,3.0970867,0,nan,nan,3,0,1,10,0
163516000,1665836890760388,473977610,85456076,493747,493747,0.25,0.5,1.0,1.0,0.0,0.0,0,0,1.68,-1.68,0.04,0.0,3.1124456,0,nan,nan,3,0,1,10,0
163920000,1665836891156388,473977543,85456078,493742,493742,0.25,0.5,1.0,1.0,0.0,0.0,0,0,1.9799999,-1.99,0.04,0.0,3.118554,0,nan,nan,3,0,1,10,0
164320000,1665836891560388,473977470,85456080,493742,493742,0.25,0.5,1.0,1.0,0.0,0.0,0,0,1.9599999,-1.9599999,0.03,0.02,3.1213467,0,nan,nan,3,0,1,10,0
164720000,1665836891956388,473977406,85456082,493760,493760,0.25,0.5,1.0,1.0,0.0,0.0,0,0,1.63,-1.62,0.0,0.0,3.1360075,0,nan,nan,3,0,1,10,0
165116000,1665836892356388,473977356,85456083,493779,493779,0.25,0.5,1.0,1.0,0.0,0.0,0,0,1.04,-1.03,0.0,-0.099999994,3.1456068,0,nan,nan,3,0,1,10,0
165520000,1665836892760388,473977332,85456083,493804,493804,0.25,0.5,1.0,1.0,0.0,0.0,0,0,0.28,-0.28,0.0,-0.049999997,3.1094785,0,nan,nan,3,0,1,10,0
165920000,1665836893156388,473977336,85456082,493807,493807,0.25,0.5,1.0,1.0,0.0,0.0,0,0,0.48,0.47,0.0,-0.02,6.263288,0,nan,nan,3,0,1,10,0
166320000,1665836893560388,473977367,85456081,493820,493820,0.25,0.5,1.0,1.0,0.0,0.0,0,0,1.1999999,1.22,0.0,0.0,0.0010471975,0,nan,nan,3,0,1,10,0
166720000,1665836893956388,473977420,85456082,493812,493812,0.25,0.5,1.0,1.0,0.0,0.0,0,0,1.73,1.74,0.0,0.0,0.00034906584,0,nan,nan,3,0,1,10,0
167120000,1665836894356388,473977488,85456082,493800,493800,0.25,0.5,1.0,1.0,0.0,0.0,0,0,1.9799999,2.0,-0.02,0.02,6.2686987,0,nan,nan,3,0,1,10,0
167520000,1665836894760388,473977560,85456081,493794,493794,0.25,0.5,1.0,1.0,0.0,0.0,0,0,1.92,1.9,0.0,0.02,6.282836,0,nan,nan,3,0,1,10,0
167920000,1665836895156388,473977623,85456081,493793,493793,0.25,0.5,1.0,1.0,0.0,0.0,0,0,1.55,1.5699999,0.01,0.03,0.012042772,0,nan,nan,3,0,1,10,0
168316000,1665836895560388,473977669,85456081,493785,493785,0.25,0.5,1.0,1.0,0.0,0.0,0,0,0.93,0.93,0.01,-0.03,0.018849554,0,nan,nan,3,0,1,10,0
168720000,1665836895956388,473977689,85456082,493769,493769,0.25,0.5,1.0,1.0,0.0,0.0,0,0,0.17999999,0.19,0.03,-0.01,0.1563815,0,nan,nan,3,0,1,10,0
169120000,1665836896356388,473977681,85456084,493781,493781,0.25,0.5,1.0,1.0,0.0,0.0,0,0,0.59999996,-0.61,0.02,-0.03,3.1026716,0,nan,nan,3,0,1,10,0
169516000,1665836896760388,473977646,85456085,493785,493785,0.25,0.5,1.0,1.0,0.0,0.0,0,0,1.3,-1.29,0.02,0.0,3.1215212,0,nan,nan,3,0,1,10,0
169920000,1665836897156388,473977590,85456087,493785,493785,0.25,0.5,1.0,1.0,0.0,0.0,0,0,1.79,-1.78,0.02,0.03,3.1283278,0,nan,nan,3,0,1,10,0
170316000,1665836897560388,473977519,85456087,493776,493776,0.25,0.5,1.0,1.0,0.0,0.0,0,0,2.01,-2.0,0.04,0.049999997,3.116809,0,nan,nan,3,0,1,10,0
170720000,1665836897956388,473977448,85456088,493779,493779,0.25,0.5,1.0,1.0,0.0,0.0,0,0,1.91,-1.92,0.01,0.0,3.1342623,0,nan,nan,3,0,1,10,0
171120000,1665836898356388,473977386,85456088,493792,493792,0.25,0.5,1.0,1.0,0.0,0.0,0,0,1.5,-1.5,-0.03,-0.01,3.1651545,0,nan,nan,3,0,1,10,0
171520000,1665836898760388,473977343,85456087,493813,493813,0.25,0.5,1.0,1.0,0.0,0.0,0,0,0.84,-0.84999996,-0.03,0.0,3.1867967,0,nan,nan,3,0,1,10,0
171920000,1665836899156388,473977326,85456084,493823,493823,0.25,0.5,1.0,1.0,0.0,0.0,0,0,0.08,-0.07,-0.049999997,-0.049999997,3.7926002,0,nan,nan,3,0,1,10,0
172320000,1665836899560388,473977338,85456084,493854,493854,0.25,0.5,1.0,1.0,0.0,0.0,0,0,0.71,0.68,-0.03,-0.01,6.2322216,0,nan,nan,3,0,1,10,0
172720000,1665836899956388,473977376,85456081,493862,493862,0.25,0.5,1.0,1.0,0.0,0.0,0,0,1.37,1.38,-0.03,-0.04,6.258751,0,nan,nan,3,0,1,10,0
173124000,1665836900356388,473977435,85456080,493865,493865,0.25,0.5,1.0,1.0,0.0,0.0,0,0,1.8399999,1.8199999,-0.01,0.02,6.2741094,0,nan,nan,3,0,1,10,0
173520000,1665836900760388,473977506,85456078,493857,493857,0.25,0.5,1.0,1.0,0.0,0.0,0,0,2.01,2.04,-0.01,-0.01,6.2744584,0,nan,nan,3,0,1,10,0
173920000,1665836901156388,473977576,85456077,493861,493861,0.25,0.5,1.0,1.0,0.0,0.0,0,0,1.86,1.86,0.0,0.0,0.0,0,nan,nan,3,0,1,10,0
174320000,1665836901560388,473977636,85456077,493868,493868,0.25,0.5,1.0,1.0,0.0,0.0,0,0,1.4,1.4,0.0,0.02,6.2767277,0,nan,nan,3,0,1,10,0
174720000,1665836901956388,473977676,85456076,493857,493857,0.25,0.5,1.0,1.0,0.0,0.0,0,0,0.72999996,0.71999997,-0.01,0.02,6.262416,0,nan,nan,3,0,1,10,0
175120000,1665836902356388,473977688,85456076,493864,493864,0.25,0.5,1.0,1.0,0.0,0.0,0,0,0.04,-0.03,0.0,-0.04,3.2047734,0,nan,nan,3,0,1,10,0
175520000,1665836902760388,473977672,85456076,493886,493886,0.25,0.5,1.0,1.0,0.0,0.0,0,0,0.82,-0.82,0.0,-0.01,3.1382766,0,nan,nan,3,0,1,10,0
175920000,1665836903156388,473977630,85456077,493885,493885,0.25,0.5,1.0,1.0,0.0,0.0,0,0,1.4699999,-1.4599999,0.04,0.0,3.107384,0,nan,nan,3,0,1,10,0
176320000,1665836903560388,473977568,85456078,493894,493894,0.25,0.5,1.0,1.0,0.0,0.0,0,0,1.89,-1.9,0.01,-0.04,3.1314697,0,nan,nan,3,0,1,10,0
176720000,1665836903956388,473977497,85456079,493908,493908,0.25,0.5,1.0,1.0,0.0,0.0,0,0,2.02,-2.01,0.01,-0.04,3.1344366,0,nan,nan,3,0,1,10,0
177120000,1665836904356388,473977427,85456080,493932,493932,0.25,0.5,1.0,1.0,0.0,0.0,0,0,1.8199999,-1.8199999,0.0,-0.049999997,3.14072,0,nan,nan,3,0,1,10,0
177520000,1665836904760388,473977368,85456080,493956,493956,0.25,0.5,1.0,1.0,0.0,0.0,0,0,1.3199999,-1.3199999,0.0,-0.03,3.1421163,0,nan,nan,3,0,1,10,0
177920000,1665836905156388,473977333,85456078,493976,493976,0.25,0.5,1.0,1.0,0.0,0.0,0,0,0.62,-0.64,-0.01,-0.03,3.162362,0,nan,nan,3,0,1,10,0
178320000,1665836905560388,473977325,85456077,493983,493983,0.25,0.5,1.0,1.0,0.0,0.0,0,0,0.17999999,0.16,-0.03,-0.04,6.1009727,0,nan,nan,3,0,1,10,0
178720000,1665836905956388,473977345,85456076,494002,494002,0.25,0.5,1.0,1.0,0.0,0.0,0,0,0.94,0.96,-0.04,-0.01,6.2379813,0,nan,nan,3,0,1,10,0
179120000,1665836906356388,473977391,85456074,494009,494009,0.25,0.5,1.0,1.0,0.0,0.0,0,0,1.5699999,1.5699999,-0.01,0.0,6.273586,0,nan,nan,3,0,1,10,0
179524000,1665836906764388,473977458,85456072,494022,494022,0.25,0.5,1.0,1.0,0.0,0.0,0,0,1.9499999,1.9399999,0.0,0.0,0.0,0,nan,nan,3,0,1,10,0
179924000,1665836907160388,473977529,85456072,494015,494015,0.25,0.5,1.0,1.0,0.0,0.0,0,0,2.02,2.01,0.01,0.02,0.006457718,0,nan,nan,3,0,1,10,0
180324000,1665836907564388,473977600,85456071,494010,494010,0.25,0.5,1.0,1.0,0.0,0.0,0,0,1.78,1.76,0.0,0.0,6.2812653,0,nan,nan,3,0,1,10,0
180724000,1665836907960388,473977655,85456069,493999,493999,0.25,0.5,1.0,1.0,0.0,0.0,0,0,1.26,1.22,0.0,0.04,0.006632251,0,nan,nan,3,0,1,10,0
181124000,1665836908364388,473977688,85456068,493998,493998,0.25,0.5,1.0,1.0,0.0,0.0,0,0,0.53,0.53999996,-0.01,-0.01,6.2636375,0,nan,nan,3,0,1,10,0
181520000,1665836908764388,473977693,85456068,494009,494009,0.25,0.5,1.0,1.0,0.0,0.0,0,0,0.25,-0.26,0.01,-0.049999997,3.0995302,0,nan,nan,3,0,1,10,0
181924000,1665836909160388,473977670,85456068,494004,494004,0.25,0.5,1.0,1.0,0.0,0.0,0,0,1.0,-1.0,-0.01,-0.02,3.1581733,0,nan,nan,3,0,1,10,0
182324000,1665836909564388,473977622,85456068,494011,494011,0.25,0.5,1.0,1.0,0.0,0.0,0,0,1.61,-1.61,0.0,0.01,3.1400216,0,nan,nan,3,0,1,10,0
182724000,1665836909960388,473977557,85456069,494000,494000,0.25,0.5,1.0,1.0,0.0,0.0,0,0,1.9499999,-1.9499999,0.01,0.0,3.1349602,0,nan,nan,3,0,1,10,0
183124000,1665836910364388,473977484,85456070,493987,493987,0.25,0.5,1.0,1.0,0.0,0.0,0,0,1.99,-1.99,0.01,0.0,3.136182,0,nan,nan,3,0,1,10,0
183520000,1665836910764388,473977416,85456071,493982,493982,0.25,0.5,1.0,1.0,0.0,0.0,0,0,1.7099999,-1.73,0.01,0.01,3.1321678,0,nan,nan,3,0,1,10,0
183924000,1665836911160388,473977365,85456072,493983,493983,0.25,0.5,1.0,1.0,0.0,0.0,0,0,1.15,-1.16,0.03,0.06,3.111573,0,nan,nan,3,0,1,10,0
184324000,1665836911564388,473977336,85456074,493984,493984,0.25,0.5,1.0,1.0,0.0,0.0,0,0,0.41,-0.38,0.03,0.0,3.0503118,0,nan,nan,3,0,1,10,0
184728000,1665836911960388,473977335,85456074,493995,493995,0.25,0.5,1.0,1.0,0.0,0.0,0,0,0.37,0.37,0.0,-0.03,6.2676516,0,nan,nan,3,0,1,10,0
185124000,1665836912364388,473977362,85456074,493994,493994,0.25,0.5,1.0,1.0,0.0,0.0,0,0,1.09,1.1,0.0,-0.03,0.0055850535,0,nan,nan,3,0,1,10,0
185524000,1665836912764388,473977413,85456074,493990,493990,0.25,0.5,1.0,1.0,0.0,0.0,0,0,1.65,1.64,-0.01,0.0,6.2713165,0,nan,nan,3,0,1,10,0
185924000,1665836913160388,473977478,85456073,493965,493965,0.25,0.5,1.0,1.0,0.0,0.0,0,0,1.9399999,1.9699999,-0.01,0.02,6.274982,0,nan,nan,3,0,1,10,0
186324000,1665836913564388,473977550,85456073,493954,493954,0.25,0.5,1.0,1.0,0.0,0.0,0,0,1.93,1.9399999,0.0,0.07,0.0013962634,0,nan,nan,3,0,1,10,0
186720000,1665836913960388,473977614,85456072,493935,493935,0.25,0.5,1.0,1.0,0.0,0.0,0,0,1.61,1.63,0.0,0.07,0.0029670598,0,nan,nan,3,0,1,10,0
187124000,1665836914364388,473977662,85456072,493914,493914,0.25,0.5,1.0,1.0,0.0,0.0,0,0,1.01,1.01,0.0,0.07,0.0090757115,0,nan,nan,3,0,1,10,0
187524000,1665836914764388,473977686,85456071,493908,493908,0.25,0.5,1.0,1.0,0.0,0.0,0,0,0.26,0.26999998,0.0,0.0,0.0,0,nan,nan,3,0,1,10,0
187924000,1665836915160388,473977682,85456072,493919,493919,0.25,0.5,1.0,1.0,0.0,0.0,0,0,0.5,-0.51,0.0,-0.01,3.1379273,0,nan,nan,3,0,1,10,0
188324000,1665836915564388,473977649,85456072,493916,493916,0.25,0.5,1.0,1.0,0.0,0.0,0,0,1.22,-1.22,0.01,0.06,3.1325169,0,nan,nan,3,0,1,10,0
188724000,1665836915960388,473977595,85456073,493917,493917,0.25,0.5,1.0,1.0,0.0,0.0,0,0,1.74,-1.74,0.02,0.02,3.1271064,0,nan,nan,3,0,1,10,0
189124000,1665836916364388,473977526,85456075,493897,493897,0.25,0.5,1.0,1.0,0.0,0.0,0,0,1.99,-2.0,0.04,0.01,3.1187289,0,nan,nan,3,0,1,10,0
189520000,1665836916764388,473977454,85456075,493905,493905,0.25,0.5,1.0,1.0,0.0,0.0,0,0,1.92,-1.93,0.04,0.01,3.117158,0,nan,nan,3,0,1,10,0
189924000,1665836917160388,473977392,85456076,493908,493908,0.25,0.5,1.0,1.0,0.0,0.0,0,0,1.54,-1.54,0.0,0.01,3.1393237,0,nan,nan,3,0,1,10,0
190324000,1665836917564388,473977346,85456076,493920,493920,0.25,0.5,1.0,1.0,0.0,0.0,0,0,0.90999997,-0.90999997,-0.01,-0.01,3.1606166,0,nan,nan,3,0,1,10,0
190724000,1665836917960388,473977327,85456076,493916,493916,0.25,0.5,1.0,1.0,0.0,0.0,0,0,0.16,-0.14,0.0,0.01,3.175452,0,nan,nan,3,0,1,10,0
191124000,1665836918364388,473977336,85456076,493922,493922,0.25,0.5,1.0,1.0,0.0,0.0,0,0,0.62,0.61,0.0,-0.049999997,6.270793,0,nan,nan,3,0,1,10,0
191524000,1665836918764388,473977371,85456075,493933,493933,0.25,0.5,1.0,1.0,0.0,0.0,0,0,1.3,1.28,0.0,-0.02,0.004886922,0,nan,nan,3,0,1,10,0
191924000,1665836919160388,473977427,85456076,493931,493931,0.25,0.5,1.0,1.0,0.0,0.0,0,0,1.79,1.78,0.01,-0.01,0.009599311,0,nan,nan,3,0,1,10,0
192324000,1665836919564388,473977497,85456076,493935,493935,0.25,0.5,1.0,1.0,0.0,0.0,0,0,2.01,2.02,-0.01,0.02,6.277949,0,nan,nan,3,0,1,10,0
192724000,1665836919960388,473977568,85456077,493918,493918,0.25,0.5,1.0,1.0,0.0,0.0,0,0,1.91,1.88,0.01,0.0,0.009424777,0,nan,nan,3,0,1,10,0
193124000,1665836920364388,473977631,85456078,493919,493919,0.25,0.5,1.0,1.0,0.0,0.0,0,0,1.49,1.49,0.02,0.01,0.01972222,0,nan,nan,3,0,1,10,0
193520000,1665836920764388,473977674,85456078,493905,493905,0.25,0.5,1.0,1.0,0.0,0.0,0,0,0.84999996,0.84,0.02,0.0,0.032463126,0,nan,nan,3,0,1,10,0
193924000,1665836921160388,473977691,85456079,493913,493913,0.25,0.5,1.0,1.0,0.0,0.0,0,0,0.08,0.089999996,0.01,0.0,0.11763518,0,nan,nan,3,0,1,10,0
194324000,1665836921564388,473977680,85456080,493913,493913,0.25,0.5,1.0,1.0,0.0,0.0,0,0,0.7,-0.71,0.01,0.01,3.1192524,0,nan,nan,3,0,1,10,0
194724000,1665836921960388,473977642,85456081,493914,493914,0.25,0.5,1.0,1.0,0.0,0.0,0,0,1.37,-1.37,0.0,0.0,3.1368802,0,nan,nan,3,0,1,10,0
195124000,1665836922364388,473977582,85456081,493916,493916,0.25,0.5,1.0,1.0,0.0,0.0,0,0,1.8399999,-1.8499999,0.0,0.03,3.1400216,0,nan,nan,3,0,1,10,0
195524000,1665836922764388,473977511,85456080,493924,493924,0.25,0.5,1.0,1.0,0.0,0.0,0,0,2.01,-2.03,-0.01,0.02,3.1480503,0,nan,nan,3,0,1,10,0
195920000,1665836923160388,473977441,85456081,493927,493927,0.25,0.5,1.0,1.0,0.0,0.0,0,0,1.87,-1.88,-0.01,0.02,3.1506681,0,nan,nan,3,0,1,10,0
196324000,1665836923564388,473977380,85456080,493924,493924,0.25,0.5,1.0,1.0,0.0,0.0,0,0,1.4,-1.41,0.0,-0.03,3.1363566,0,nan,nan,3,0,1,10,0
196724000,1665836923960388,473977341,85456080,493930,493930,0.25,0.5,1.0,1.0,0.0,0.0,0,0,0.74,-0.74,0.0,-0.04,3.154159,0,nan,nan,3,0,1,10,0
197120000,1665836924364388,473977329,85456079,493938,493938,0.25,0.5,1.0,1.0,0.0,0.0,0,0,0.049999997,0.049999997,0.0,-0.01,6.128898,0,nan,nan,3,0,1,10,0
197524000,1665836924764388,473977345,85456079,493940,493940,0.25,0.5,1.0,1.0,0.0,0.0,0,0,0.81,0.82,0.0,0.02,0.00034906584,0,nan,nan,3,0,1,10,0
197924000,1665836925160388,473977386,85456077,493943,493943,0.25,0.5,1.0,1.0,0.0,0.0,0,0,1.4499999,1.4399999,-0.02,-0.02,6.263114,0,nan,nan,3,0,1,10,0
198324000,1665836925564388,473977448,85456076,493923,493923,0.25,0.5,1.0,1.0,0.0,0.0,0,0,1.88,1.9,-0.04,0.089999996,6.2618923,0,nan,nan,3,0,1,10,0
198724000,1665836925960388,473977519,85456075,493922,493922,0.25,0.5,1.0,1.0,0.0,0.0,0,0,2.0,2.02,-0.03,0.0,6.2646847,0,nan,nan,3,0,1,10,0
199124000,1665836926364388,473977590,85456074,493916,493916,0.25,0.5,1.0,1.0,0.0,0.0,0,0,1.81,1.8,-0.03,0.0,6.2627645,0,nan,nan,3,0,1,10,0
199524000,1665836926764388,473977647,85456073,493913,493913,0.25,0.5,1.0,1.0,0.0,0.0,0,0,1.3199999,1.3299999,-0.02,0.03,6.264161,0,nan,nan,3,0,1,10,0
199924000,1665836927160388,473977682,85456072,493896,493896,0.25,0.5,1.0,1.0,0.0,0.0,0,0,0.63,0.65,-0.03,-0.01,6.22716,0,nan,nan,3,0,1,10,0
200324000,1665836927564388,473977691,85456072,493903,493903,0.25,0.5,1.0,1.0,0.0,0.0,0,0,0.14999999,-0.14,0.0,0.0,3.1068604,0,nan,nan,3,0,1,10,0
200724000,1665836927960388,473977671,85456072,493894,493894,0.25,0.5,1.0,1.0,0.0,0.0,0,0,0.9,-0.91999996,0.0,0.06,3.1421163,0,nan,nan,3,0,1,10,0
201124000,1665836928364388,473977626,85456072,493901,493901,0.25,0.5,1.0,1.0,0.0,0.0,0,0,1.53,-1.53,0.03,0.0,3.121696,0,nan,nan,3,0,1,10,0
201520000,1665836928764388,473977563,85456073,493896,493896,0.25,0.5,1.0,1.0,0.0,0.0,0,0,1.91,-1.91,-0.01,0.03,3.14997,0,nan,nan,3,0,1,10,0
201924000,1665836929160388,473977491,85456074,493897,493897,0.25,0.5,1.0,1.0,0.0,0.0,0,0,1.99,-2.0,0.02,0.02,3.1278043,0,nan,nan,3,0,1,10,0
202324000,1665836929564388,473977422,85456074,493889,493889,0.25,0.5,1.0,1.0,0.0,0.0,0,0,1.74,-1.74,0.02,0.0,3.1262336,0,nan,nan,3,0,1,10,0
202724000,1665836929960388,473977369,85456073,493878,493878,0.25,0.5,1.0,1.0,0.0,0.0,0,0,1.22,-1.2099999,-0.01,-0.03,3.156777,0,nan,nan,3,0,1,10,0
203124000,1665836930364388,473977337,85456073,493897,493897,0.25,0.5,1.0,1.0,0.0,0.0,0,0,0.5,-0.5,-0.01,-0.04,3.17615,0,nan,nan,3,0,1,10,0
203524000,1665836930764388,473977333,85456073,493901,493901,0.25,0.5,1.0,1.0,0.0,0.0,0,0,0.28,0.29,-0.03,0.01,6.1714845,0,nan,nan,3,0,1,10,0
203924000,1665836931160388,473977356,85456073,493899,493899,0.25,0.5,1.0,1.0,0.0,0.0,0,0,1.01,1.02,0.0,-0.01,6.282662,0,nan,nan,3,0,1,10,0
204324000,1665836931564388,473977405,85456073,493889,493889,0.25,0.5,1.0,1.0,0.0,0.0,0,0,1.5999999,1.5899999,0.0,0.02,6.2803926,0,nan,nan,3,0,1,10,0
204724000,1665836931960388,473977469,85456074,493889,493889,0.25,0.5,1.0,1.0,0.0,0.0,0,0,1.9399999,1.9499999,0.02,0.03,0.0104719745,0,nan,nan,3,0,1,10,0
205120000,1665836932364388,473977542,85456075,493866,493866,0.25,0.5,1.0,1.0,0.0,0.0,0,0,1.9699999,1.9699999,0.02,0.049999997,0.010995574,0,nan,nan,3,0,1,10,0
205524000,1665836932764388,473977608,85456077,493852,493852,0.25,0.5,1.0,1.0,0.0,0.0,0,0,1.6899999,1.6899999,0.01,0.01,0.01134464,0,nan,nan,3,0,1,10,0
205924000,1665836933160388,473977660,85456077,493861,493861,0.25,0.5,1.0,1.0,0.0,0.0,0,0,1.14,1.16,0.01,0.01,0.010995574,0,nan,nan,3,0,1,10,0
206320000,1665836933564388,473977688,85456078,493878,493878,0.25,0.5,1.0,1.0,0.0,0.0,0,0,0.39999998,0.39999998,0.02,0.0,0.05375614,0,nan,nan,3,0,1,10,0
206724000,1665836933960388,473977688,85456078,493887,493887,0.25,0.5,1.0,1.0,0.0,0.0,0,0,0.38,-0.39,0.01,-0.04,3.1105258,0,nan,nan,3,0,1,10,0
207124000,1665836934364388,473977661,85456079,493894,493894,0.25,0.5,1.0,1.0,0.0,0.0,0,0,1.12,-1.13,0.02,0.01,3.1222196,0,nan,nan,3,0,1,10,0
207524000,1665836934764388,473977609,85456080,493896,493896,0.25,0.5,1.0,1.0,0.0,0.0,0,0,1.68,-1.68,0.02,0.0,3.1241393,0,nan,nan,3,0,1,10,0
207924000,1665836935160388,473977544,85456081,493770,493770,0.25,0.5,1.0,1.0,0.0,0.0,0,0,1.9,-1.91,0.01,0.83,3.1346111,0,nan,nan,3,0,1,10,0
208324000,1665836935564388,473977473,85456081,493443,493443,0.25,0.5,1.0,1.0,0.0,0.0,0,0,1.93,-1.92,0.01,0.7,3.1323423,0,nan,nan,3,0,1,10,0
208724000,1665836935960388,473977408,85456082,493166,493166,0.25,0.5,1.0,1.0,0.0,0.0,0,0,1.64,-1.65,0.01,0.7,3.1325169,0,nan,nan,3,0,1,10,0
209124000,1665836936364388,473977358,85456083,492887,492887,0.25,0.5,1.0,1.0,0.0,0.0,0,0,1.09,-1.0799999,0.0,0.63,3.1325169,0,nan,nan,3,0,1,10,0
209524000,1665836936764388,473977331,85456083,492621,492621,0.25,0.5,1.0,1.0,0.0,0.0,0,0,0.35999998,-0.35999998,0.03,0.65,3.0555477,0,nan,nan,3,0,1,10,0
209924000,1665836937160388,473977333,85456084,492350,492350,0.25,0.5,1.0,1.0,0.0,0.0,0,0,0.41,0.42,-0.01,0.65999997,6.2580523,0,nan,nan,3,0,1,10,0
210324000,1665836937564388,473977362,85456083,492097,492097,0.25,0.5,1.0,1.0,0.0,0.0,0,0,1.14,1.14,0.0,0.63,6.281789,0,nan,nan,3,0,1,10,0
210724000,1665836937960388,473977413,85456084,491839,491839,0.25,0.5,1.0,1.0,0.0,0.0,0,0,1.67,1.6899999,-0.01,0.71999997,6.272015,0,nan,nan,3,0,1,10,0
211124000,1665836938364388,473977480,85456084,491568,491568,0.25,0.5,1.0,1.0,0.0,0.0,0,0,1.9499999,1.9399999,0.01,0.68,0.008028514,0,nan,nan,3,0,1,10,0
211524000,1665836938764388,473977551,85456083,491295,491295,0.25,0.5,1.0,1.0,0.0,0.0,0,0,1.91,1.91,-0.02,0.69,6.270793,0,nan,nan,3,0,1,10,0
211924000,1665836939160388,473977614,85456083,491008,491008,0.25,0.5,1.0,1.0,0.0,0.0,0,0,1.5799999,1.56,-0.02,0.78,6.26643,0,nan,nan,3,0,1,10,0
212324000,1665836939564388,473977661,85456082,490726,490726,0.25,0.5,1.0,1.0,0.0,0.0,0,0,0.96999997,0.97999996,0.0,0.7,6.276029,0,nan,nan,3,0,1,10,0
212724000,1665836939960388,473977683,85456081,490454,490454,0.25,0.5,1.0,1.0,0.0,0.0,0,0,0.22,0.19999999,0.0,0.66999996,6.2718406,0,nan,nan,3,0,1,10,0
213124000,1665836940364388,473977676,85456080,490194,490194,0.25,0.5,1.0,1.0,0.0,0.0,0,0,0.57,-0.57,-0.01,0.63,3.1675978,0,nan,nan,3,0,1,10,0
213524000,1665836940764388,473977643,85456079,489946,489946,0.25,0.5,1.0,1.0,0.0,0.0,0,0,1.26,-1.27,-0.01,0.63,3.15189,0,nan,nan,3,0,1,10,0
213924000,1665836941160388,473977588,85456078,489682,489682,0.25,0.5,1.0,1.0,0.0,0.0,0,0,1.76,-1.76,-0.02,0.69,3.1583476,0,nan,nan,3,0,1,10,0
214324000,1665836941564388,473977518,85456076,489417,489417,0.25,0.5,1.0,1.0,0.0,0.0,0,0,1.9799999,-1.9699999,-0.01,0.68,3.1487482,0,nan,nan,3,0,1,10,0
214724000,1665836941960388,473977448,85456076,489139,489139,0.25,0.5,1.0,1.0,0.0,0.0,0,0,1.89,-1.89,0.0,0.65999997,3.1463048,0,nan,nan,3,0,1,10,0
215124000,1665836942364388,473977386,85456075,488868,488868,0.25,0.5,1.0,1.0,0.0,0.0,0,0,1.5,-1.51,-0.02,0.66999996,3.1559043,0,nan,nan,3,0,1,10,0
215520000,1665836942764388,473977343,85456074,488580,488580,0.25,0.5,1.0,1.0,0.0,0.0,0,0,0.85999995,-0.88,-0.02,0.7,3.1730087,0,nan,nan,3,0,1,10,0
215920000,1665836943160388,473977325,85456072,488294,488294,0.25,0.5,1.0,1.0,0.0,0.0,0,0,0.099999994,-0.08,-0.03,0.71,3.5236452,0,nan,nan,3,0,1,10,0
216324000,1665836943564388,473977327,85456072,488116,488116,0.25,0.5,1.0,1.0,0.0,0.0,0,0,0.0,0.0,0.0,0.01,5.7629027,0,nan,nan,3,0,1,10,0
216724000,1665836943960388,473977328,85456072,488132,488132,0.25,0.5,1.0,1.0,0.0,0.0,0,0,0.04,0.049999997,0.01,-0.13,0.19373153,0,nan,nan,3,0,1,10,0
217124000,1665836944364388,473977331,85456072,488193,488193,0.25,0.5,1.0,1.0,0.0,0.0,0,0,0.08,0.08,0.0,-0.049999997,0.009599311,0,nan,nan,3,0,1,10,0
217524000,1665836944764388,473977331,85456073,488185,488185,0.25,0.5,1.0,1.0,0.0,0.0,0,0,0.08,0.11,0.01,-0.12,0.115715325,0,nan,nan,3,0,1,10,0
217924000,1665836945160388,473977340,85456077,488249,488249,0.25,0.5,1.0,1.0,0.0,0.0,0,0,0.45999998,0.45,0.17999999,-0.01,0.38571778,0,nan,nan,3,0,1,10,0
218324000,1665836945564388,473977371,85456071,488178,488178,0.25,0.5,1.0,1.0,0.0,0.0,0,0,0.65999997,0.65999997,0.0,0.01,6.274982,0,nan,nan,3,0,1,10,0
218724000,1665836945960388,473977380,85456072,488155,488155,0.25,0.5,1.0,1.0,0.0,0.0,0,0,0.07,-0.06,0.07,0.16,2.3129103,0,nan,nan,3,0,1,10,0
219124000,1665836946364388,473977379,85456075,488101,488101,0.25,0.5,1.0,1.0,0.0,0.0,0,0,0.0,-0.01,-0.01,0.0,4.067664,0,nan,nan,3,0,1,10,0
219524000,1665836946764388,473977379,85456074,488103,488103,0.25,0.5,1.0,1.0,0.0,0.0,0,0,0.0,0.01,0.0,0.0,5.8889155,0,nan,nan,3,0,1,10,0
219924000,1665836947160388,473977378,85456074,488104,488104,0.25,0.5,1.0,1.0,0.0,0.0,0,0,0.0,0.0,0.0,-0.03,2.258805,0,nan,nan,3,0,1,10,0
220324000,1665836947564388,473977378,85456074,488100,488100,0.25,0.5,1.0,1.0,0.0,0.0,0,0,0.0,0.0,0.0,0.0,1.6336281,0,nan,nan,3,0,1,10,0
220724000,1665836947960388,473977378,85456074,488106,488106,0.25,0.5,1.0,1.0,0.0,0.0,0,0,0.0,0.0,-0.01,0.0,4.5970225,0,nan,nan,3,0,1,10,0
221124000,1665836948364388,473977379,85456074,488106,488106,0.25,0.5,1.0,1.0,0.0,0.0,0,0,0.0,0.0,0.0,0.0,5.2565823,0,nan,nan,3,0,1,10,0
221524000,1665836948764388,473977378,85456075,488110,488110,0.25,0.5,1.0,1.0,0.0,0.0,0,0,0.0,-0.03,0.01,0.04,2.7698374,0,nan,nan,3,0,1,10,0
221924000,1665836949160388,473977379,85456074,488101,488101,0.25,0.5,1.0,1.0,0.0,0.0,0,0,0.0,0.02,-0.01,0.03,5.7513833,0,nan,nan,3,0,1,10,0
222324000,1665836949564388,473977379,85456074,488105,488105,0.25,0.5,1.0,1.0,0.0,0.0,0,0,0.0,0.0,-0.01,0.0,4.332431,0,nan,nan,3,0,1,10,0
222720000,1665836949960388,473977378,85456073,488101,488101,0.25,0.5,1.0,1.0,0.0,0.0,0,0,0.0,0.0,0.01,0.0,1.1306243,0,nan,nan,3,0,1,10,0
