timestamp,timestamp_sample,yaw_composite,yaw_variance,yaw[0],yaw[1],yaw[2],yaw[3],yaw[4],innov_vn[0],innov_vn[1],innov_vn[2],innov_vn[3],innov_vn[4],innov_ve[0],innov_ve[1],innov_ve[2],innov_ve[3],innov_ve[4],weight[0],weight[1],weight[2],weight[3],weight[4]
12320000,12240000,2.6779451,3.5801747,-2.5132742,-1.2566371,0.0,1.2566371,2.5132742,0.0,0.0,0.0,0.0,0.0,0.0,0.0,0.0,0.0,0.0,0.2,0.2,0.2,0.2,0.2
12328000,12248000,2.896614,3.7000241,-2.5132954,-1.2566583,-2.1207672e-05,1.2566159,2.513253,0.0,0.0,0.0,0.0,0.0,0.0,0.0,0.0,0.0,0.0,0.2,0.2,0.2,0.2,0.2
13320000,13240000,1.8070928,3.8519633,-2.514525,-1.2575307,-0.00057400117,1.2559036,2.512123,-0.1252012,0.010494826,0.13168314,0.07087709,-0.0878539,-0.0566575,-0.14001246,-0.03669645,0.11045947,0.098127946,0.19993053,0.1998185,0.19995752,0.20015487,0.20013854
14320000,14240000,2.538623,3.5317173,-2.515515,-1.2586148,-0.0010252611,1.2559365,2.511824,-0.21298097,0.014971448,0.21381469,0.10826551,-0.15536132,-0.09342376,-0.2283155,-0.052967876,0.19020344,0.16493073,0.20013905,0.19966637,0.19965498,0.20011985,0.20041975
15320000,15240000,-2.8651063,3.5324595,-2.5149317,-1.2692428,-0.00027896592,1.2749102,2.530676,0.06929655,0.2733547,0.32455367,0.15031405,-0.00656271,-0.018217385,-0.0055592656,0.19347847,0.3029278,0.17119454,0.20854291,0.19956085,0.19132964,0.19495688,0.20560974
16320000,16240000,2.9494681,3.5439513,-2.525293,-1.2719967,0.0034751855,1.2746973,2.521812,-0.49842894,-0.1353486,0.33079025,0.23718692,-0.2780064,-0.1416587,-0.5029085,-0.2647858,0.25453874,0.31758758,0.20656879,0.19512095,0.19050203,0.19885501,0.20895314
17320000,17240000,1.6433365,3.3041296,-2.54437,-1.2527785,0.032561187,1.2704786,2.4883404,-0.5750124,-0.18823364,0.32098237,0.2352069,-0.30668655,-0.15507257,-0.56733465,-0.3160097,0.23542379,0.3303315,0.18711016,0.1778894,0.19835852,0.22216788,0.21447408
18320000,18240000,1.3374211,2.881919,-2.557054,-1.2322681,0.056120306,1.2622479,2.4582248,-0.44135982,-0.10165004,0.27295935,0.16583219,-0.25174063,-0.13005036,-0.43242395,-0.18992284,0.22018212,0.26629305,0.16488455,0.1615236,0.20959236,0.2483256,0.21567395
19320000,19240000,1.2800872,2.7977242,-2.5614629,-1.2296884,0.057917524,1.2565337,2.448751,-0.3243024,-0.03523496,0.22768384,0.10915578,-0.21205059,-0.11340348,-0.31509656,-0.09407991,0.20676778,0.20699711,0.15855114,0.15759492,0.21350075,0.25560424,0.21474898
20320000,20240000,1.3063325,2.820263,-2.5622783,-1.2360905,0.05194112,1.2564577,2.4519153,-0.14852212,0.058680736,0.20759071,0.101096325,-0.107250005,-0.048530802,-0.15094915,0.018144147,0.20176975,0.17028512,0.16091649,0.15866464,0.21168579,0.25321186,0.21552117
21320000,21240000,1.3354341,2.8429923,-2.562941,-1.2403181,0.048515186,1.257123,2.4542968,-0.1023352,0.067382984,0.20295918,0.12242415,-0.056225516,-0.043012157,-0.14071773,-0.005685265,0.15618819,0.14009261,0.16308661,0.15949291,0.20990498,0.25110555,0.21641004
22320000,22240000,1.3146707,2.1382842,-2.6126082,-1.2010105,0.116306365,1.2584199,2.3865986,-0.9978878,-1.1468775,-0.4353583,0.086986005,-0.21893525,0.53781915,-0.25949168,-0.60288846,-0.070296556,0.6065209,0.11639049,0.11065492,0.21689583,0.32510543,0.23095338
23320000,23240000,1.4055122,0.6333801,-2.8028235,-1.091601,0.3536627,1.3027315,2.184662,-1.4313798,-1.7540553,-0.6714426,-0.10273707,-0.3549549,0.8156705,-0.4164809,-0.8168112,-0.13042971,0.6874129,0.019270806,0.011301839,0.14438492,0.5767539,0.2482886
24320000,24240000,1.4158242,0.44026786,-2.8728218,-1.0474234,0.44082835,1.3200499,2.1178975,0.44973025,1.0172076,0.26503146,-0.21241169,-0.22560385,-0.6772035,0.16501072,0.59845346,0.27395537,-0.24572742,0.008839385,0.0041258913,0.11761443,0.6333607,0.23605967
25320000,25240000,1.5214368,0.16746283,3.065027,-0.85720307,0.76695114,1.4182146,1.9628564,1.6063895,2.9653916,0.7910582,0.0023721457,0.07766402,-1.6701155,0.7510323,1.3326343,0.4062971,-0.66429555,0.00035741297,9.081468e-05,0.033757992,0.7350755,0.23071828
26320000,26240000,1.5487154,0.08088268,2.7557755,-0.6709579,1.0447124,1.4889966,1.8159498,1.0908624,2.175606,0.5447594,0.4364648,0.46599293,-1.1364743,0.8174464,0.6153185,0.090835705,-0.26906788,7.990558e-05,7.990558e-05,0.009234985,0.7942445,0.19636062
27320000,27240000,1.5487819,0.0769649,2.744502,-0.6715994,1.0644435,1.495214,1.7962283,0.37712824,-0.2059182,0.4138709,0.5741903,0.58850247,0.28938705,-0.20217109,-0.19612053,-0.08831867,0.06596646,8.307454e-05,8.9423746e-05,0.009697013,0.79740554,0.19272497
28320000,28240000,1.5584301,0.04804585,2.4797127,-0.39607707,1.2066242,1.5218517,1.7324319,-0.6458506,-2.9742594,-0.052161455,0.23964524,0.2330476,1.6476612,-1.6384432,-0.84864044,-0.19044894,0.33560058,8.0508566e-05,8.0508566e-05,0.0063253716,0.80980265,0.1837109
29320000,29240000,1.5690573,0.036151618,2.3307383,-0.23483565,1.2877069,1.5404427,1.7050482,-0.63753474,-2.529739,-0.2987901,-0.142869,-0.1552316,1.13908,-1.7056642,-0.56085056,-0.13938704,0.19329032,7.5280346e-05,7.5280346e-05,0.0044055595,0.81439656,0.18104738
30320000,30240000,1.5720013,0.034114346,2.2926095,-0.20726067,1.3089037,1.545385,1.6995258,-0.32464468,0.041901827,-0.45859292,-0.44564018,-0.4510693,-0.43338338,0.24885005,0.064795785,-0.07515041,-0.13358307,7.7347446e-05,8.069562e-05,0.003986744,0.81660277,0.1792524
31320000,31240000,1.567852,0.030440401,2.2354026,-0.09994592,1.3291895,1.5443865,1.6868771,0.1653158,1.7302423,-0.22512758,-0.25881732,-0.252936,-1.2574012,1.5234885,0.37176633,-0.05067894,-0.30490273,7.5701995e-05,7.5701995e-05,0.0037818374,0.82523507,0.17083174
32320000,32240000,1.558171,0.023735426,2.1074665,0.12560046,1.3720859,1.5412482,1.6552382,0.6241524,1.6205364,0.26859725,0.2724265,0.28928506,-1.0342638,1.5423441,0.21753252,-0.10047354,-0.29356465,7.5361124e-05,7.5361124e-05,0.0034470146,0.84237283,0.15402943
33320000,33240000,1.555239,0.023219002,2.0917766,0.15383287,1.3765429,1.5394346,1.6496814,0.6790051,0.4317118,0.46518368,0.51134723,0.53275234,-0.2535892,0.22327086,-0.08710185,-0.14469723,-0.16429643,8.002488e-05,8.002488e-05,0.0036150555,0.8470538,0.14917113
34320000,34240000,1.5629305,0.020817338,2.0621238,0.23302874,1.3961132,1.5477802,1.6489434,0.22468948,-1.5148084,0.21729982,0.30264688,0.3243767,0.6907606,-1.8424389,-0.5608282,-0.285762,-0.08340955,7.809529e-05,7.809529e-05,0.003231966,0.84151554,0.15509635
35320000,35240000,1.5743393,0.01807837,2.0155482,0.35194635,1.4259996,1.5604188,1.6486968,-0.14853954,-1.7373576,-0.13358438,-0.065763116,-0.05048704,0.67203313,-1.9595942,-0.53066754,-0.2629538,-0.07226363,7.45719e-05,7.45719e-05,0.0026538018,0.83495265,0.16224433
36320000,36240000,1.5835727,0.017200474,1.9980439,0.4016594,1.4430069,1.570023,1.6526798,-0.4214912,-0.71047664,-0.50764894,-0.48358738,-0.47395194,-0.11639873,-0.19357488,-0.16661578,-0.16183397,-0.15106143,7.897754e-05,7.897754e-05,0.002346904,0.82939154,0.16810359
37320000,37240000,1.5833176,0.016661854,1.9890717,0.4255578,1.4464426,1.5702701,1.6511611,-0.23743373,0.3325882,-0.41181874,-0.40805542,-0.39766687,-0.6982444,1.1984882,0.06519503,-0.11819106,-0.23271343,7.7505254e-05,7.7505254e-05,0.002371343,0.8319808,0.16549285
38320000,38240000,1.574236,0.014301209,1.9327403,0.5470973,1.4564701,1.5636235,1.6342759,0.2786417,0.9691726,0.092397094,0.09349477,0.1046139,-0.85539967,1.5778891,0.0917649,-0.13006543,-0.2728211,7.3075375e-05,7.3075375e-05,0.0024470452,0.8429204,0.15448645
39320000,39240000,1.5703181,0.013856862,1.9160165,0.5806301,1.4580331,1.5604411,1.6282605,0.51521933,0.59322155,0.3813169,0.3968593,0.40949225,-0.44641808,0.5781676,-0.07749511,-0.16583505,-0.2209,7.6867385e-05,7.6867385e-05,0.0025243214,0.8472722,0.15004973
40320000,40240000,1.5712268,0.013455529,1.9094979,0.59989935,1.4612774,1.5614611,1.6276902,0.38707954,-0.50975686,0.33814532,0.37552,0.39028102,0.24809809,-1.3463441,-0.4111207,-0.26715273,-0.16749021,8.0317215e-05,7.8170895e-05,0.0024512508,0.84562063,0.15176958
41320000,41240000,1.578083,0.012390921,1.8907893,0.66444147,1.4757121,1.5687047,1.6297146,-0.004908085,-1.0584033,-0.02867496,0.009739041,0.02327609,0.40905005,-1.7759742,-0.46165314,-0.26896256,-0.13802089,7.492775e-05,7.396906e-05,0.002173392,0.84003675,0.15764089
42320000,42240000,1.5868601,0.011742208,1.8783344,0.71885943,1.4906346,1.5777884,1.6345236,-0.48765182,-0.8901649,-0.53628933,-0.5170349,-0.5080975,-0.0062379874,-0.61444956,-0.25114065,-0.19804056,-0.16133167,8.0709025e-05,8.0709025e-05,0.001940964,0.83432406,0.16357356
43320000,43240000,1.5880265,0.011693932,1.8780444,0.7234832,1.4922968,1.5790217,1.6354765,-0.43144438,-0.2709265,-0.51869154,-0.51179457,-0.50414133,-0.43537474,0.6299382,-0.05924341,-0.14654446,-0.20256749,8.032417e-05,8.032417e-05,0.0019441654,0.83470756,0.16318767
44320000,44240000,1.5828179,0.010548687,1.8492128,0.78835547,1.4958991,1.5748825,1.6264311,0.041771173,0.5228112,-0.06759071,-0.06756234,-0.060502052,-0.7059192,1.4323066,0.059331346,-0.115158424,-0.22911859,7.255507e-05,7.255507e-05,0.0019845068,0.84023994,0.15763047
45320000,45240000,1.577314,0.010128904,1.8313576,0.81990117,1.4950478,1.5699478,1.6189281,0.39300215,0.5944588,0.3103652,0.3154143,0.3223741,-0.4910335,0.80178875,-0.03978172,-0.14261158,-0.20966908,7.49392e-05,7.49392e-05,0.002022904,0.84366477,0.15416247
46320000,46240000,1.573422,0.010168338,1.8264184,0.8204622,1.4917235,1.5661591,1.6148986,0.4928869,0.26175702,0.4373358,0.4518071,0.4602247,-0.15942247,-0.31238636,-0.2323594,-0.21765275,-0.20706698,7.876628e-05,8.168588e-05,0.0020527877,0.84488666,0.15290007
47320000,47240000,1.5788246,0.009604387,1.8185347,0.85904497,1.5009896,1.5717288,1.6178396,0.120206356,-0.5737739,0.086594224,0.11203003,0.12280285,0.24901834,-1.464555,-0.3867602,-0.24627945,-0.15257323,8.0991056e-05,7.366156e-05,0.0018946618,0.84051424,0.1574364
48320000,48240000,1.5872349,0.00907657,1.809792,0.90990895,1.5144335,1.5804027,1.6231288,-0.4582548,-0.856486,-0.49403214,-0.47752786,-0.46967673,0.03802672,-0.85943526,-0.29234236,-0.21945369,-0.17102073,8.382441e-05,7.9786536e-05,0.0017081436,0.8348467,0.16328153
49320000,49240000,1.5884159,0.00912706,1.8102795,0.9118874,1.5157303,1.5815696,1.6241691,-0.5383654,-0.57494843,-0.59522736,-0.58631814,-0.57958084,-0.28219637,0.17968342,-0.13391788,-0.16838485,-0.19048655,8.617103e-05,8.389516e-05,0.0016888492,0.8340312,0.1641099
50320000,50240000,1.5855713,0.008545273,1.7958966,0.94464725,1.5170697,1.5792309,1.6194869,-0.17953682,0.11014581,-0.25785768,-0.25536764,-0.24929714,-0.5775077,1.1918738,0.027075043,-0.10972772,-0.19899696,7.417125e-05,7.417125e-05,0.0017192559,0.83725995,0.16087253
51320000,51240000,1.5820221,0.00815588,1.7816226,0.97381514,1.5173552,1.5761242,1.6142117,0.21050656,0.40833914,0.14580572,0.14908469,0.15448451,-0.47179765,0.93988466,0.0066491794,-0.10132614,-0.17186464,7.2286995e-05,7.2286995e-05,0.0017409227,0.83987164,0.15824275
52320000,52240000,1.5775303,0.008145004,1.7744913,0.9780941,1.5139093,1.5717802,1.6093235,0.4490049,0.39639288,0.4042459,0.4119134,0.41746742,-0.23751809,0.09257812,-0.13372608,-0.15771171,-0.17317589,7.684681e-05,7.684681e-05,0.0017678799,0.8414425,0.1566359
53320000,53240000,1.5786929,0.007967892,1.7708223,0.9922329,1.5165031,1.5730144,1.6096143,0.219262,-0.20189422,0.1927377,0.20839095,0.21547043,0.1338836,-1.0997562,-0.303703,-0.20695457,-0.14303234,7.845768e-05,7.374688e-05,0.001713519,0.8396343,0.15849994
54320000,54240000,1.5818695,0.0076648747,1.7657752,1.0212252,1.5217545,1.5762237,1.6118387,-0.16601312,-0.5803554,-0.18643785,-0.1719271,-0.16566598,0.1451269,-1.184817,-0.32096666,-0.2176018,-0.14955263,7.9935635e-05,7.3482646e-05,0.0016197294,0.8365475,0.16167928
55320000,55240000,1.5859176,0.0075877556,1.7634541,1.0381358,1.5280634,1.5804887,1.6142408,-0.61458087,-0.71862036,-0.6448284,-0.63770944,-0.6333201,-0.13740498,-0.16806424,-0.15500525,-0.15163037,-0.14923841,8.521153e-05,8.521153e-05,0.0015580356,0.834147,0.16412456
56320000,56240000,1.5861667,0.0075313523,1.762112,1.0434184,1.5288875,1.5808114,1.6142441,-0.5141932,-0.39415923,-0.55637443,-0.5537996,-0.5501405,-0.36085373,0.6563219,-0.021512575,-0.098002054,-0.14780422,8.1686536e-05,8.16309e-05,0.001566642,0.8348305,0.16343953
57320000,57240000,1.5831339,0.007024711,1.7488097,1.0763644,1.5291038,1.5780904,1.6100938,0.05272746,0.23465729,0.0077131987,0.008992434,0.012398958,-0.42740524,0.94626117,0.031718608,-0.07134786,-0.13859184,7.150842e-05,7.150842e-05,0.0015866049,0.8375399,0.16073039
58320000,58240000,1.5786947,0.006944648,1.7388873,1.0849566,1.5269693,1.5739765,1.604268,0.3900249,0.4167229,0.35386872,0.35820138,0.36205208,-0.28602543,0.34251556,-0.08008876,-0.12651055,-0.1567435,7.530795e-05,7.530795e-05,0.0016094515,0.83921057,0.15902941
59320000,59240000,1.5771874,0.0069222143,1.7358202,1.0880741,1.5259686,1.5725108,1.6024966,0.40146527,0.1355255,0.37627104,0.38712534,0.39248446,0.070013516,-0.76104736,-0.21830133,-0.15465003,-0.11278247,7.8834666e-05,7.6435506e-05,0.0016021162,0.83902216,0.15922038
60320000,60240000,1.5791881,0.006698296,1.7313199,1.1084588,1.5299668,1.5746472,1.6033692,0.009024024,-0.30914736,-0.007413745,0.0036193132,0.00844717,0.146229,-1.0710317,-0.27019373,-0.1778566,-0.11729947,7.965204e-05,7.2085415e-05,0.001546387,0.8370898,0.16121204
61320000,61240000,1.5830907,0.006553241,1.7290522,1.1296122,1.5357518,1.5786778,1.6062022,-0.513234,-0.64803374,-0.5291511,-0.5232508,-0.52022326,-0.017753484,-0.42567712,-0.15831435,-0.12725568,-0.1069017,8.166449e-05,8.015597e-05,0.0014883814,0.83487165,0.1634782
62320000,62240000,1.5838704,0.006514217,1.7282102,1.135392,1.5370854,1.5795181,1.6067225,-0.38028413,-0.27572227,-0.40444297,-0.40386325,-0.4020961,-0.2949379,0.5891141,-0.002193328,-0.06776729,-0.11048369,7.925387e-05,7.6351e-05,0.0014912756,0.83525413,0.16309898
63320000,63240000,1.5826137,0.0063031963,1.7212437,1.1518667,1.5377859,1.5784725,1.6045526,-0.018645287,0.12983096,-0.04541886,-0.045649886,-0.04398775,-0.37448913,0.7963104,0.013623029,-0.07317476,-0.12975532,7.147808e-05,7.147808e-05,0.0014998576,0.8364753,0.16188188
64320000,64240000,1.5789806,0.0062056943,1.7133342,1.1615574,1.5356282,1.5750018,1.6002396,0.34312856,0.4054712,0.31807923,0.31994057,0.32219625,-0.29534996,0.44808903,-0.051028658,-0.10573497,-0.14137913,7.4429314e-05,7.4429314e-05,0.0015098732,0.83754754,0.16079369
65320000,65240000,1.5767462,0.0062385155,1.7102684,1.1619872,1.5336897,1.5728018,1.5978752,0.4679581,0.3108337,0.44764578,0.4547441,0.45847657,-0.020402782,-0.5155145,-0.18997966,-0.15258972,-0.12806652,7.8715e-05,7.8157296e-05,0.0015138731,0.8378322,0.16049707
66320000,66240000,1.5774798,0.0061062924,1.7071278,1.1740168,1.5356333,1.5736256,1.5979489,0.16508758,-0.075314045,0.14860868,0.1573993,0.16145325,0.13173291,-0.88529366,-0.21143194,-0.13538747,-0.0856338,7.8871264e-05,7.240534e-05,0.0014861814,0.83684725,0.16151534
67320000,67240000,1.5803019,0.005917185,1.7035534,1.1954559,1.5404582,1.5766027,1.5996875,-0.40515375,-0.5391923,-0.41425252,-0.40938377,-0.4071648,0.05825861,-0.5437259,-0.14362048,-0.09882642,-0.06958474,7.9503225e-05,7.640227e-05,0.0014395249,0.83510655,0.1632981
68320000,68240000,1.5818744,0.0059874086,1.7048414,1.1977712,1.542113,1.5781806,1.6012106,-0.5761813,-0.57578874,-0.585495,-0.58417463,-0.583151,-0.09318726,0.07904675,-0.037459075,-0.049973723,-0.058114786,8.206188e-05,8.206188e-05,0.0014348456,0.8348807,0.16352023
69320000,69240000,1.5828426,0.005808286,1.701719,1.211297,1.5444367,1.5792804,1.6015129,-0.22665632,-0.09668684,-0.23995519,-0.24150956,-0.24120045,-0.2553624,0.75407255,0.07772726,0.0034474577,-0.044945583,7.814167e-05,7.301184e-05,0.00143119,0.8351884,0.1632293
70320000,70240000,1.5809408,0.0056711077,1.6953843,1.2230599,1.5440179,1.5775287,1.5988965,0.13955963,0.24000311,0.12733781,0.12642932,0.12688482,-0.25111204,0.59960127,0.028893502,-0.03353341,-0.074202046,7.346988e-05,7.148463e-05,0.0014312,0.8357274,0.16269642
71320000,71240000,1.5783038,0.005700091,1.6914529,1.2245295,1.5418329,1.5749444,1.596058,0.4633441,0.39854214,0.45016026,0.45375726,0.45581067,-0.06691418,-0.212147,-0.11710877,-0.10611134,-0.09890848,7.7558165e-05,7.7558165e-05,0.0014373792,0.83620244,0.16220513
72320000,72240000,1.5776597,0.005667232,1.6890843,1.2289219,1.5417184,1.5743364,1.5951185,0.2948748,0.13728201,0.2822324,0.28820145,0.29102886,0.035324596,-0.7087089,-0.21294674,-0.15790723,-0.1219914,7.8525576e-05,7.4292046e-05,0.0014212803,0.83549654,0.16292945
73320000,73240000,1.5795039,0.00547532,1.6853145,1.2473783,1.5453265,1.5763197,1.5960189,-0.28786945,-0.4246986,-0.29810655,-0.29304564,-0.29069114,0.065035574,-0.62768626,-0.16509824,-0.11402182,-0.0807462,7.964274e-05,7.3934774e-05,0.0013814633,0.83387446,0.16459054
74320000,74240000,1.5808918,0.0055290256,1.6858138,1.2512974,1.546984,1.5777267,1.5972552,-0.5905817,-0.6365905,-0.6007068,-0.5980485,-0.5965212,-0.055726305,-0.15182924,-0.08888299,-0.08161731,-0.076874256,8.278689e-05,8.278689e-05,0.0013702495,0.83332145,0.1651428
75316000,75232000,1.5820733,0.005456474,1.6851078,1.2583301,1.548793,1.5789707,1.5981324,-0.4177876,-0.34032935,-0.43056542,-0.43076319,-0.43003076,-0.2222888,0.5786065,0.039637208,-0.018797206,-0.05679115,8.107697e-05,7.711189e-05,0.0013705181,0.83356565,0.16490571
76324000,76240000,1.5807685,0.0052414667,1.6783854,1.2738148,1.5492929,1.5778471,1.5959569,0.17566407,0.23571038,0.16375303,0.16389775,0.16468728,-0.2007628,0.5004851,0.028078368,-0.022953968,-0.056138474,7.548267e-05,7.17091e-05,0.0013714856,0.83423513,0.16424623
77316000,77232000,1.5781865,0.005291851,1.675042,1.2736536,1.5469756,1.5752962,1.5932573,0.3762936,0.3548774,0.3644259,0.3666867,0.36819232,-0.107780226,0.01130603,-0.07032538,-0.078780584,-0.08426359,7.4941745e-05,7.4941745e-05,0.0013756558,0.8345513,0.16392316
78324000,78240000,1.5777376,0.005251014,1.6728299,1.2784824,1.5470824,1.5748914,1.5925136,0.2129724,0.08718145,0.2021215,0.20695007,0.20926547,0.0661267,-0.60959154,-0.15729704,-0.10772488,-0.07545404,7.572537e-05,7.256561e-05,0.0013638873,0.83404076,0.16444714
79316000,79232000,1.5776402,0.005159482,1.6695002,1.2880971,1.5480108,1.5748795,1.5918798,-0.15724719,-0.272794,-0.16454387,-0.1604948,-0.15867686,0.06941562,-0.63377696,-0.16218926,-0.11074208,-0.07728335,7.61973e-05,7.206998e-05,0.0013440843,0.83321136,0.16529636
80316000,80232000,1.5788413,0.0051791533,1.6692255,1.2937195,1.5496813,1.576121,1.5928371,-0.4655912,-0.5173924,-0.47019625,-0.4681859,-0.467237,-0.0014460089,-0.29304186,-0.09754577,-0.07620381,-0.062340043,7.788359e-05,7.788359e-05,0.0013344773,0.83278894,0.16572078
81324000,81244000,1.5799035,0.0051930244,1.6695904,1.2969354,1.5509728,1.5772055,1.5937867,-0.47160324,-0.41591558,-0.4759777,-0.4767792,-0.4767978,-0.13184528,0.41468498,0.046560347,0.006825534,-0.019004961,8.140048e-05,7.8284436e-05,0.0013338866,0.8328294,0.16567703
82316000,82236000,1.5799264,0.0050842674,1.6667055,1.3059577,1.5519536,1.5773212,1.5933403,-0.12938976,-0.051660657,-0.13501644,-0.13620794,-0.13627744,-0.19609052,0.57118154,0.054280747,-0.0014747679,-0.037710764,7.9055404e-05,7.166101e-05,0.0013318253,0.8330112,0.1655063
83324000,83244000,1.577116,0.005022683,1.6610633,1.3119676,1.5500879,1.5746077,1.5900786,0.41302943,0.4221331,0.40561664,0.40644884,0.4071808,-0.10546889,0.17016174,-0.016309427,-0.036206417,-0.04913608,7.614065e-05,7.59036e-05,0.0013339762,0.83341956,0.16509442
84324000,84244000,1.5757122,0.0050351587,1.658873,1.3129375,1.5489331,1.5732242,1.5885441,0.3547243,0.26317656,0.34481335,0.34858286,0.35047317,0.0115880575,-0.4984563,-0.15628988,-0.11904236,-0.09482959,7.997558e-05,7.5110016e-05,0.0013290256,0.83318293,0.16533294
85316000,85236000,1.5759501,0.0049439124,1.6564053,1.3213242,1.5500249,1.5735312,1.5883323,0.0025452375,-0.10527933,-0.006606698,-0.002533555,-0.00059211254,0.03241393,-0.65097886,-0.1918011,-0.14200245,-0.109650984,8.120365e-05,7.1581846e-05,0.0013097369,0.8322701,0.16626735
86316000,86236000,1.5762517,0.0049187625,1.6546068,1.3279512,1.5509924,1.573889,1.5882872,-0.39798784,-0.4696957,-0.40551424,-0.40260577,-0.40116692,0.0011623924,-0.42874572,-0.1398855,-0.10855983,-0.08822654,8.2216015e-05,7.628647e-05,0.0012948868,0.83155304,0.16699357
87316000,87236000,1.5772871,0.0049672765,1.6552312,1.3302232,1.5521586,1.5749362,1.5892552,-0.487804,-0.46612456,-0.49253872,-0.492413,-0.49209434,-0.103250995,0.2289088,0.0044642836,-0.019546509,-0.035137407,8.245477e-05,8.0255566e-05,0.0012918924,0.831411,0.16713439
88316000,88236000,1.5783236,0.004901976,1.6543509,1.3371906,1.5538216,1.5760314,1.5899812,-0.22184157,-0.16197884,-0.22520554,-0.22624624,-0.22640991,-0.14112842,0.5059494,0.06932091,0.022458164,-0.007964752,8.138222e-05,7.263274e-05,0.0012888659,0.8314095,0.16714758
89316000,89236000,1.5767761,0.0047977837,1.6496204,1.3454963,1.5533185,1.5745852,1.5879214,0.3695916,0.39860022,0.366089,0.36586297,0.36598158,-0.100217134,0.2876201,0.025614686,-0.0024123918,-0.020608686,7.963393e-05,7.494047e-05,0.0012840469,0.8313972,0.16716419
90316000,90236000,1.5737419,0.0048709046,1.6464455,1.3429081,1.5503336,1.5715575,1.5848664,0.55504674,0.530868,0.5504562,0.551736,0.5524329,-0.053263254,-0.14648232,-0.08408199,-0.07725477,-0.07283657,8.084302e-05,8.084302e-05,0.0012848494,0.8314481,0.16710532
91320000,91236000,1.5740292,0.004783391,1.6446671,1.3494735,1.5512769,1.5718992,1.5848125,0.19053936,0.10883975,0.18396163,0.18698096,0.18839061,0.030081082,-0.5710861,-0.16612926,-0.12250796,-0.094219334,8.1694394e-05,7.251585e-05,0.0012718762,0.83080876,0.16776516
92320000,92236000,1.574207,0.0047225757,1.64257,1.356554,1.5521778,1.5721383,1.584616,-0.20397305,-0.27318454,-0.21026707,-0.20761216,-0.20634794,0.0066359434,-0.4971888,-0.15770273,-0.1211609,-0.09747804,8.2959334e-05,7.261285e-05,0.0012562816,0.8300104,0.16857778
93320000,93236000,1.5751255,0.0047710147,1.6428547,1.359375,1.5532964,1.573074,1.5854303,-0.48675048,-0.4920744,-0.49200445,-0.49111363,-0.49051163,-0.073693074,0.04368529,-0.036104452,-0.044510365,-0.0499667,8.372254e-05,7.945447e-05,0.0012500755,0.8296676,0.16891912
94320000,94236000,1.5763607,0.004680487,1.6421129,1.366769,1.5551821,1.5743723,1.5863479,-0.18443441,-0.14198089,-0.18801999,-0.18856823,-0.18855739,-0.1392472,0.4305412,0.04535093,0.0042230524,-0.022440147,8.236827e-05,7.20891e-05,0.0012489938,0.8297779,0.16881861
95320000,95236000,1.5753827,0.004630332,1.6391926,1.3718401,1.5548437,1.5734572,1.5850592,0.17511082,0.20419276,0.17103422,0.17089629,0.17107642,-0.117267966,0.34290427,0.031625297,-0.00155246,-0.023061706,8.113623e-05,7.169916e-05,0.0012476499,0.82985383,0.16874568
96320000,96236000,1.5727206,0.0046867966,1.6360605,1.3706684,1.5523419,1.5708134,1.5823245,0.40212047,0.39187902,0.3962512,0.39735657,0.3980688,-0.07785213,0.016148109,-0.047920145,-0.054622263,-0.05897311,8.03024e-05,7.562807e-05,0.0012500822,0.83004326,0.16855071
97320000,97236000,1.5719879,0.004682573,1.6343728,1.3728284,1.5519097,1.5701047,1.5814334,0.1439786,0.07818627,0.13538527,0.13827097,0.13975585,-0.027195662,-0.46007484,-0.16837257,-0.13699889,-0.11667334,8.118559e-05,7.19364e-05,0.0012421384,0.82959723,0.16900744
98320000,98236000,1.5715721,0.004640669,1.6343205,1.375582,1.5510011,1.5695645,1.5815802,-0.2545433,-0.31994295,-0.2626716,-0.2598666,-0.2584399,-0.023583105,-0.48015973,-0.17229111,-0.1392284,-0.11781819,8.245662e-05,7.35665e-05,0.0012291854,0.82889366,0.16972114
99320000,99236000,1.5728866,0.0046734824,1.6325365,1.3820438,1.5536797,1.5710797,1.5818853,-0.68959796,-0.70431525,-0.6946777,-0.69357586,-0.6929147,-0.0563922,-0.040621385,-0.051733933,-0.052801438,-0.053503647,8.7326145e-05,8.7326145e-05,0.0012206887,0.8283957,0.17020895
100320000,100236000,1.5739368,0.0046331026,1.6326331,1.3860617,1.5550418,1.5721595,1.5827818,-0.5208012,-0.49314213,-0.52360094,-0.52387977,-0.52382374,-0.098980814,0.3367392,0.04185313,0.010465685,-0.009866262,8.689449e-05,8.173191e-05,0.0012192897,0.82839125,0.17022084
101320000,101236000,1.5743805,0.0045481757,1.6333846,1.3899333,1.5550244,1.5724858,1.583783,-0.14779007,-0.10992038,-0.14957201,-0.15024483,-0.15038645,-0.11362698,0.41872022,0.058522753,0.020167058,-0.0046758233,8.612595e-05,7.149132e-05,0.0012160874,0.82833767,0.17028864
102320000,102236000,1.5721598,0.004525284,1.6274734,1.3948414,1.5543786,1.5704919,1.5804641,0.3181734,0.31489837,0.31362224,0.31436896,0.3148768,-0.102378294,0.04138107,-0.056254026,-0.06655212,-0.07322982,8.4611944e-05,7.360593e-05,0.0012182691,0.82858926,0.17003426
103320000,103236000,1.5703706,0.004586078,1.6255236,1.3935348,1.5526394,1.5687065,1.5786481,0.26583278,0.22407697,0.2581663,0.2603094,0.26148272,-0.0744528,-0.29600775,-0.14676188,-0.13070114,-0.12031231,8.4879604e-05,7.3125084e-05,0.0012165067,0.8284777,0.17014784
104320000,104236000,1.5713503,0.0045027942,1.6244153,1.4008591,1.5542786,1.5697409,1.5792841,-0.2330414,-0.29545796,-0.24280322,-0.23985541,-0.23828351,-0.08023652,-0.4910965,-0.21386185,-0.18414682,-0.1649266,8.786373e-05,7.36675e-05,0.001196254,0.82725596,0.17138623
105320000,105236000,1.5713826,0.0045315153,1.623545,1.4036223,1.5545962,1.5697978,1.5791688,-0.6080413,-0.6520045,-0.6173506,-0.6149274,-0.6135639,-0.0930734,-0.28586727,-0.1561069,-0.14211132,-0.1330666,8.9583285e-05,8.4123254e-05,0.0011859828,0.82661515,0.17202511
106320000,106236000,1.5723569,0.004561734,1.6242459,1.4054437,1.5556599,1.5707812,1.5800997,-0.6644301,-0.661247,-0.67096734,-0.6701016,-0.66943127,-0.14118399,0.18362784,-0.03677918,-0.060088247,-0.07516721,8.9653375e-05,8.846897e-05,0.0011848421,0.82657224,0.1720648
107320000,107236000,1.5726469,0.0044802516,1.6230303,1.4104646,1.5564487,1.5711215,1.5801505,-0.36332786,-0.34370482,-0.36846638,-0.36820424,-0.3678218,-0.14890292,0.3467749,0.010792151,-0.024829593,-0.047872357,8.820395e-05,8.273936e-05,0.0011865352,0.8268081,0.17183438
108320000,108236000,1.5703762,0.004398774,1.6188462,1.414202,1.5548121,1.5689147,1.577576,0.19525659,0.19277275,0.18898857,0.18995678,0.19064641,-0.10453382,0.15033297,-0.022722194,-0.040985875,-0.052805744,8.6355874e-05,7.624045e-05,0.0011889918,0.82711655,0.17153187
109320000,109236000,1.5678693,0.00447266,1.61627,1.4119166,1.5523291,1.5664107,1.5750588,0.2918192,0.2619309,0.2841716,0.28600803,0.28707427,-0.09758499,-0.17639367,-0.12359331,-0.117835544,-0.11412289,8.610817e-05,7.657227e-05,0.0011899085,0.82717943,0.17146802
110320000,110236000,1.5680792,0.004425145,1.6150866,1.4163837,1.5529813,1.5666578,1.5750403,-0.12751198,-0.18190372,-0.13669276,-0.13403869,-0.13260639,-0.068088606,-0.43873745,-0.18838175,-0.16161667,-0.14432313,8.8088214e-05,7.21887e-05,0.001177176,0.82638925,0.17227332
111320000,111236000,1.5689306,0.004404018,1.6144991,1.4216355,1.5542924,1.5675504,1.575658,-0.6290953,-0.6625869,-0.6358998,-0.63409996,-0.63310254,-0.06773348,-0.24861248,-0.12654695,-0.11346477,-0.10502446,9.036211e-05,8.4537554e-05,0.001163514,0.825523,0.17313848
112320000,112236000,1.569725,0.004475824,1.6152687,1.4224973,1.5550942,1.5683455,1.5764486,-0.7264149,-0.73108166,-0.7304695,-0.72976345,-0.72929883,-0.07568018,0.05211349,-0.03475382,-0.043895956,-0.049817305,9.069758e-05,8.9470814e-05,0.0011620392,0.8254269,0.17323087
113320000,113236000,1.5707678,0.0043674367,1.6148449,1.4281275,1.5566185,1.569435,1.5772567,-0.39023757,-0.3658514,-0.39139605,-0.39180958,-0.3918941,-0.067824386,0.37305984,0.07424694,0.042566963,0.02208292,9.012465e-05,8.22716e-05,0.0011603934,0.8254181,0.17324908
114320000,114236000,1.5694305,0.004304725,1.6120526,1.4313449,1.55576,1.5681448,1.5756874,0.021443725,0.03989339,0.020216346,0.019961596,0.01993227,-0.08775491,0.2769537,0.029716507,0.0035222755,-0.013416775,8.9383495e-05,7.627052e-05,0.0011596412,0.8254627,0.173212
115320000,115236000,1.5669047,0.004350672,1.6090962,1.4301721,1.553377,1.5656338,1.5730934,0.30411518,0.2875231,0.29971835,0.30076548,0.30136168,-0.0595613,-0.10084067,-0.07314779,-0.07013324,-0.06820333,8.891637e-05,7.5291355e-05,0.0011605214,0.8255486,0.17312665
116320000,116236000,1.5658332,0.004372903,1.6075176,1.4306564,1.5524672,1.564576,1.5719392,0.107433975,0.072098434,0.101548135,0.10326153,0.104168594,-0.07007889,-0.34612215,-0.15940976,-0.13951251,-0.12667757,8.965786e-05,7.160624e-05,0.0011561043,0.825264,0.17341864
117320000,117236000,1.567379,0.004315968,1.6074624,1.437145,1.5545295,1.5661694,1.5732269,-0.49206305,-0.5224755,-0.49718165,-0.49570024,-0.4949242,-0.052596122,-0.29637924,-0.13143091,-0.11386447,-0.1025409,9.159371e-05,7.923252e-05,0.0011441676,0.82450175,0.17418325
118320000,118236000,1.567885,0.0043868716,1.6077939,1.4381864,1.5550926,1.5666814,1.5737057,-0.7216974,-0.7303971,-0.7244594,-0.72383785,-0.72349143,-0.039749335,-0.0378699,-0.03931123,-0.039414104,-0.03950096,9.204293e-05,8.894616e-05,0.001141927,0.8243516,0.17432545
119320000,119236000,1.5696374,0.0043459632,1.6087935,1.4422951,1.5570917,1.5684577,1.5753375,-0.4883895,-0.46761608,-0.4880873,-0.4886104,-0.48882914,-0.059422135,0.2908621,0.053387024,0.028231826,0.011970654,9.190659e-05,8.516003e-05,0.0011405798,0.8243088,0.17437351
120320000,120236000,1.5691164,0.004272419,1.6069274,1.445984,1.5570124,1.5679799,1.5746018,-0.07077193,-0.049836874,-0.07038951,-0.07092261,-0.07115102,-0.07619397,0.2834216,0.039598085,0.013777297,-0.0029118545,9.154009e-05,7.9251266e-05,0.0011388724,0.82426775,0.17442253
121320000,121240000,1.5664299,0.00429063,1.60355,1.4454644,1.5545541,1.5653163,1.5718057,0.33834964,0.3318075,0.3355952,0.33617103,0.33649784,-0.064448535,-0.02049472,-0.05045868,-0.053584017,-0.055621464,9.109524e-05,7.7115175e-05,0.0011391193,0.82432216,0.17437051
122320000,122240000,1.5647817,0.0043389127,1.6016902,1.4444654,1.5529732,1.5636739,1.5701231,0.24268603,0.21640152,0.23776174,0.23911923,0.23983496,-0.069415584,-0.26781812,-0.13354917,-0.11925687,-0.11005137,9.1450675e-05,7.5292664e-05,0.0011371962,0.82419014,0.17450584
123320000,123240000,1.5656955,0.004265301,1.6011531,1.4498756,1.5543565,1.5646311,1.5708034,-0.2765391,-0.30675948,-0.28162885,-0.28015614,-0.27939725,-0.06722814,-0.3385723,-0.15480891,-0.13528296,-0.12270279,9.309099e-05,7.386016e-05,0.0011274398,0.8235566,0.175149
124320000,124240000,1.5661539,0.00431375,1.6011853,1.4516542,1.5549536,1.565103,1.571194,-0.5989629,-0.61285484,-0.6018249,-0.6010604,-0.6006698,-0.07052618,-0.1654145,-0.10119872,-0.09435874,-0.08996686,9.373957e-05,8.304507e-05,0.0011239809,0.8233255,0.17537375
125320000,125240000,1.5671371,0.004332885,1.6018881,1.4535196,1.5560299,1.5660958,1.5721331,-0.5547094,-0.54112643,-0.55437285,-0.5547158,-0.55488175,-0.044854432,0.20434766,0.035320126,0.017438462,0.0058796443,9.3693285e-05,8.537821e-05,0.0011234736,0.82331204,0.17538539
126320000,126240000,1.5677148,0.0042673848,1.6013876,1.4574678,1.5569606,1.5667076,1.5725383,-0.18703246,-0.16745639,-0.18599701,-0.18657887,-0.18686604,-0.020955963,0.31036562,0.085653715,0.061875388,0.04651328,9.385607e-05,7.991507e-05,0.0011205327,0.82315636,0.17554936
127320000,127240000,1.5662298,0.004242256,1.5989249,1.4590354,1.5557954,1.5652536,1.5708967,0.3071909,0.31102562,0.30666816,0.306687,0.3066883,-0.007028116,0.11036201,0.030691834,0.022279568,0.016831512,9.4074836e-05,7.515773e-05,0.0011177042,0.8229964,0.1757167
128320000,128240000,1.5641171,0.004311647,1.5967555,1.4570953,1.5537007,1.5631424,1.5687749,0.28052956,0.2688871,0.27850455,0.27910334,0.27938163,-0.04678995,-0.15748261,-0.08246946,-0.074506484,-0.06939372,9.415369e-05,7.476261e-05,0.0011173041,0.82296526,0.17574851
129320000,129240000,1.564719,0.0042546354,1.5962526,1.4611341,1.5546618,1.563778,1.5691997,-0.1824832,-0.2056464,-0.18602502,-0.18493843,-0.18441582,-0.075934,-0.33426517,-0.15913618,-0.14057155,-0.12862213,9.5401105e-05,7.249062e-05,0.001110358,0.8225007,0.17622104
130320000,130240000,1.5650893,0.004278124,1.5960081,1.4634176,1.5552328,1.5641682,1.5694723,-0.58597267,-0.60198283,-0.58895266,-0.5881165,-0.5877123,-0.08826578,-0.23346141,-0.13506246,-0.12461978,-0.11790878,9.625755e-05,8.28383e-05,0.0011059506,0.82219994,0.17651495
131320000,131240000,1.5657828,0.004326048,1.5965874,1.4644707,1.5559647,1.5648661,1.5701483,-0.70239896,-0.6976659,-0.7033018,-0.70324874,-0.70322204,-0.06447525,0.107490465,-0.0092597455,-0.021582011,-0.029547624,9.630721e-05,8.95491e-05,0.0011054656,0.8221823,0.17652637
132320000,132240000,1.5669492,0.004273639,1.5969691,1.468101,1.5573894,1.5660582,1.5711898,-0.38656414,-0.37363255,-0.38659978,-0.38686037,-0.38698864,-0.04140655,0.25677878,0.05440126,0.03302039,0.019215064,9.620747e-05,8.6308515e-05,0.0011043125,0.8221414,0.17657176
133320000,133240000,1.5657412,0.004193694,1.5945257,1.4707766,1.5565892,1.5648911,1.569786,0.21607137,0.2184794,0.21453917,0.21474433,0.21485138,-0.08107458,0.09651269,-0.024096813,-0.03681504,-0.04503413,9.572596e-05,8.242619e-05,0.0011038929,0.8221691,0.17654887
134320000,134240000,1.5631489,0.0042675985,1.591872,1.4683787,1.5540177,1.5623012,1.5671841,0.35819924,0.34438047,0.35428894,0.35521156,0.35568964,-0.108756945,-0.13661118,-0.11787869,-0.11584915,-0.114561066,9.551307e-05,8.278749e-05,0.0011046098,0.8222184,0.17649864
135320000,135240000,1.5638114,0.004235875,1.5917965,1.471329,1.5549183,1.5629852,1.5677276,-0.013019919,-0.042669654,-0.019247055,-0.017627358,-0.016788125,-0.121972196,-0.35523537,-0.19716892,-0.18039607,-0.16960467,9.694321e-05,7.637262e-05,0.0010979454,0.8217441,0.17698467
136320000,136240000,1.5635839,0.0042288,1.5908289,1.4734011,1.5549308,1.5627803,1.5673816,-0.38392425,-0.40880287,-0.3893596,-0.38796782,-0.38725245,-0.08689665,-0.27078715,-0.1461794,-0.13295412,-0.12445143,9.818788e-05,7.6138844e-05,0.0010921292,0.8213408,0.17739278
137320000,137240000,1.5644761,0.0042887046,1.5915636,1.4747821,1.555875,1.563678,1.5682492,-0.6811277,-0.6849205,-0.68328506,-0.6828502,-0.68263435,-0.09472646,-0.012969671,-0.068567805,-0.074410126,-0.07819514,9.872503e-05,8.692964e-05,0.001089877,0.82118946,0.17753494
138320000,138240000,1.565393,0.0042758593,1.5920411,1.4770861,1.5569376,1.5646098,1.5690966,-0.46545088,-0.4592471,-0.4663489,-0.46632433,-0.46631324,-0.07081601,0.16450615,0.0046966663,-0.012163058,-0.023046644,9.842545e-05,8.598339e-05,0.0010901801,0.82124215,0.17748328
139320000,139240000,1.5647117,0.0041693454,1.5901377,1.4802579,1.5566611,1.5639697,1.568222,0.11983335,0.12136173,0.1180166,0.11827958,0.11842382,-0.08148193,0.12080348,-0.016622102,-0.031105487,-0.040456865,9.770699e-05,8.3275474e-05,0.0010908277,0.82134706,0.17738113
140320000,140240000,1.562403,0.0042307586,1.5876552,1.4785019,1.554411,1.5616674,1.5658864,0.37763327,0.3670612,0.37399352,0.37479293,0.3752151,-0.101731144,-0.065100685,-0.09011915,-0.09271725,-0.0944112,9.7284734e-05,8.380377e-05,0.0010921282,0.82144654,0.17728025
141320000,141240000,1.5619794,0.004235137,1.5868391,1.4792938,1.5541139,1.5612552,1.5653996,0.16329288,0.13715553,0.15740216,0.15887737,0.15964675,-0.14667709,-0.33867943,-0.20854028,-0.19473767,-0.18586566,9.825153e-05,7.996223e-05,0.0010879476,0.82113254,0.17760132
142320000,142240000,1.5617145,0.0042085624,1.5883487,1.4777647,1.5528998,1.5608183,1.5659173,-0.23036909,-0.25607193,-0.23609447,-0.23465788,-0.2339133,-0.1355561,-0.3349274,-0.19975945,-0.18543111,-0.17622264,9.982281e-05,7.375568e-05,0.0010811752,0.82064664,0.17809856
143320000,143240000,1.5633253,0.004249672,1.5871056,1.48399,1.5558096,1.562634,1.566573,-0.63756037,-0.6483334,-0.64092535,-0.6401704,-0.63977754,-0.10972634,-0.103112064,-0.10773099,-0.10818004,-0.10849106,0.0001009958,8.492124e-05,0.00107655,0.8203121,0.17842543
144320000,144240000,1.5643029,0.0042774905,1.5879098,1.4855187,1.5568453,1.5636178,1.5675235,-0.5806528,-0.58040696,-0.5823397,-0.58207554,-0.5819312,-0.09168635,0.07696028,-0.03764306,-0.04971385,-0.05750955,0.000100746845,8.492689e-05,0.0010771389,0.82037616,0.17836106
145320000,145240000,1.5630808,0.0041613225,1.5881376,1.484082,1.5547869,1.5622374,1.5670341,-0.0071382523,-0.004353285,-0.008417964,-0.008268714,-0.008183241,-0.06702284,0.14548357,0.001103417,-0.014111843,-0.023931941,0.000100226105,8.261512e-05,0.0010774026,0.82044405,0.17829566
146320000,146240000,1.5613455,0.004192818,1.5835351,1.4870338,1.5543578,1.5607085,1.5643424,0.2711767,0.26630723,0.2688079,0.2692852,0.2695359,-0.07699227,0.014537982,-0.047713783,-0.05425411,-0.058487352,9.980328e-05,8.263055e-05,0.0010784494,0.82053447,0.17820466
147320000,147240000,1.5598762,0.004234486,1.5818968,1.4860908,1.5529435,1.5592444,1.5628462,0.22328532,0.20435768,0.21882677,0.21991909,0.22048217,-0.11941148,-0.25417233,-0.16279599,-0.15311107,-0.1468958,0.00010011093,8.1358274e-05,0.0010771052,0.8204265,0.17831485
148320000,148240000,1.5599623,0.0042102495,1.5813831,1.4880495,1.553225,1.5593491,1.5628365,-0.09141898,-0.112020254,-0.09591365,-0.09477997,-0.094204545,-0.10886344,-0.2959453,-0.1690218,-0.15558891,-0.14696097,0.0001011467,7.702547e-05,0.0010726529,0.820103,0.1786462
149320000,149240000,1.5610292,0.004223049,1.5819356,1.4907244,1.5544604,1.5604327,1.563822,-0.59650844,-0.60363925,-0.598262,-0.5978251,-0.597624,-0.062276237,-0.10922594,-0.077381745,-0.07400496,-0.0718538,0.00010211121,8.2756385e-05,0.0010686507,0.8198161,0.17893031
150320000,150240000,1.5617357,0.0042806617,1.5826005,1.491564,1.5551811,1.5611408,1.5645221,-0.61492884,-0.61086386,-0.61469847,-0.6147944,-0.61486936,-0.012428213,0.09493726,0.022019964,0.014330406,0.009356347,0.000102107755,8.447688e-05,0.0010685588,0.8198162,0.17892875
151320000,151240000,1.5626609,0.0041752444,1.5826637,1.4952,1.5563905,1.5620944,1.5653105,-0.12153065,-0.1112026,-0.12023127,-0.12061703,-0.120841146,0.026734594,0.23026742,0.092051655,0.077467464,0.06805521,0.00010241997,8.1095706e-05,0.0010663134,0.81967294,0.17907722
152320000,152240000,1.5605965,0.004175909,1.5801209,1.494638,1.5544834,1.5600457,1.5631701,0.25423038,0.2596953,0.25479436,0.25462258,0.2545085,-0.009311516,0.115322456,0.030678123,0.021750623,0.015980618,0.00010261013,7.927679e-05,0.0010650873,0.8195917,0.17916131
153320000,153240000,1.5583675,0.0042349836,1.5777972,1.4927058,1.5522858,1.5578198,1.5609262,0.34293497,0.33534038,0.3413431,0.3417669,0.34195745,-0.036669463,-0.12205151,-0.06407988,-0.057952207,-0.054032188,0.00010264017,7.896146e-05,0.0010648894,0.81957304,0.17918043
154320000,154240000,1.5582782,0.004223049,1.5772649,1.4940101,1.5523424,1.5577451,1.5607669,0.03267646,0.021225333,0.030587554,0.031165957,0.03143251,-0.029883541,-0.19624358,-0.08326735,-0.071336895,-0.063682154,0.00010290139,7.718111e-05,0.0010634685,0.81947404,0.17928244
155320000,155240000,1.5591992,0.0041987915,1.5775292,1.4969977,1.5534801,1.558688,1.5615846,-0.5701642,-0.5731516,-0.57041836,-0.57029057,-0.57026374,-0.041391056,-0.12649633,-0.06866049,-0.06256012,-0.05865896,0.00010344214,8.163809e-05,0.0010608686,0.81929094,0.1794632
156320000,156240000,1.5601428,0.004272293,1.5784612,1.4979811,1.5544281,1.5596322,1.5625267,-0.67256063,-0.6670278,-0.6713341,-0.6716037,-0.6717779,0.014433071,0.06488113,0.03065918,0.027043104,0.024690203,0.000103378225,8.61339e-05,0.0010610112,0.81930184,0.17944762
157320000,157240000,1.5619665,0.004191833,1.5796986,1.5016491,1.556445,1.5614753,1.5642575,-0.33594716,-0.32315934,-0.33358967,-0.3341794,-0.3345083,0.04206799,0.2278435,0.10170199,0.08838791,0.079793304,0.00010371818,8.365082e-05,0.001059065,0.81916505,0.17958853
158324000,158240000,1.5612994,0.004153393,1.5784576,1.5027843,1.5559667,1.560827,1.5634992,0.06379485,0.07262933,0.06528151,0.06490433,0.06469178,0.058107644,0.20890373,0.106495395,0.09569174,0.08871434,0.00010422753,8.0877995e-05,0.001056706,0.8189953,0.17976293
159316000,159232000,1.5595882,0.0042069033,1.5765934,1.5015523,1.5543058,1.5591208,1.5617639,0.33805805,0.33590508,0.33759683,0.337735,0.3377866,0.014887771,-0.013325283,0.0058499686,0.007876245,0.00915521,0.00010436346,8.016812e-05,0.0010561178,0.8189505,0.17980886
160316000,160232000,1.5587511,0.0042263134,1.5755173,1.5014684,1.5535477,1.5582917,1.5608891,0.13218391,0.12522388,0.13102019,0.13136029,0.13151193,-0.00405035,-0.13326594,-0.045473076,-0.036210112,-0.030274848,0.000104474464,7.933185e-05,0.0010554945,0.8189062,0.17985451
161316000,161236000,1.5593337,0.004174912,1.5754187,1.5041981,1.5543553,1.5588968,1.5613642,-0.41969633,-0.4235294,-0.42010581,-0.41994548,-0.41988754,-0.040173754,-0.1496339,-0.075239465,-0.067395225,-0.06237314,0.00010484167,7.690596e-05,0.0010535803,0.8187761,0.17998862
162316000,162236000,1.5600361,0.0042461045,1.5760483,1.5051342,1.5550827,1.5596021,1.5620557,-0.6603583,-0.6575668,-0.65955687,-0.65971255,-0.65981305,0.026684714,0.025994694,0.026504988,0.026554668,0.026560737,0.00010480542,8.5491214e-05,0.0010535896,0.81877315,0.17998289
163324000,163244000,1.5621693,0.004216825,1.5778654,1.5082635,1.5573201,1.5617459,1.5641388,-0.44834042,-0.4379872,-0.44633055,-0.44682038,-0.44708288,0.035305955,0.18725666,0.08406518,0.0731792,0.06614777,0.00010503433,8.447492e-05,0.0010523926,0.81868273,0.18007547
164316000,164236000,1.5625292,0.0041572857,1.5776578,1.5104098,1.5578673,1.5621247,1.5644087,-0.030504465,-0.021848202,-0.02898717,-0.029370546,-0.02957201,0.021258555,0.17664191,0.07109761,0.059968203,0.052781686,0.00010534364,8.234953e-05,0.0010507826,0.8185687,0.18019277
165316000,165236000,1.5616449,0.0041833217,1.5764962,1.510399,1.5570747,1.5612499,1.5634806,0.34286046,0.34016508,0.34195745,0.34215963,0.34225821,-0.034985773,-0.020473992,-0.030346802,-0.03137847,-0.032067068,0.000105389845,8.1607635e-05,0.0010503787,0.8185422,0.1802205
166316000,166236000,1.560145,0.004230702,1.5748999,1.5092013,1.5556065,1.559753,1.5619656,0.26686713,0.25762215,0.26469806,0.26521596,0.26547548,-0.08679905,-0.17748745,-0.11589437,-0.109387964,-0.10522717,0.000105580235,8.094837e-05,0.0010496438,0.81848264,0.18028116
167316000,167236000,1.5607455,0.0041632424,1.5748634,1.5118047,1.5564166,1.5603743,1.5624654,-0.31071055,-0.32110798,-0.31304467,-0.31248558,-0.31220782,-0.07904622,-0.19946831,-0.117665604,-0.10902999,-0.103499606,0.00010656647,7.729011e-05,0.0010458515,0.8181978,0.18057245
168316000,168236000,1.5613936,0.004214938,1.5753378,1.513,1.5571223,1.5610284,1.5630866,-0.6303219,-0.6355498,-0.6316332,-0.6313305,-0.6311823,-0.072991125,-0.11179744,-0.08543981,-0.0826523,-0.0808845,0.00010694513,8.4368054e-05,0.0010444938,0.8180929,0.18067127
169316000,169236000,1.5625538,0.0042324066,1.576363,1.5145876,1.5583274,1.5621932,1.5642254,-0.53698325,-0.5339732,-0.5367762,-0.5368618,-0.53690445,-0.019841243,0.09402852,0.016648203,0.008498535,0.0032290388,0.0001068885,8.53298e-05,0.0010445262,0.8181023,0.18066098
170316000,170236000,1.5634987,0.004171999,1.5768366,1.5170214,1.5594287,1.5631542,1.565096,-0.19534671,-0.19158077,-0.19508994,-0.19519782,-0.19524837,-0.01946502,0.12773615,0.027698562,0.017162621,0.0103583,0.00010687861,8.431409e-05,0.0010441182,0.81808144,0.1806833
171324000,171244000,1.56204,0.004155224,1.5749595,1.5168847,1.5581088,1.5617099,1.5635712,0.33337998,0.33049452,0.3322736,0.33249974,0.3326112,-0.030596672,0.019241128,-0.014650391,-0.018209735,-0.02052567,0.000106648564,8.401662e-05,0.0010445071,0.81812084,0.18064402
172324000,172244000,1.5604122,0.0042228843,1.5733058,1.5153377,1.5564893,1.5600829,1.5619394,0.34622458,0.33795914,0.34411234,0.34459183,0.344826,-0.06343092,-0.11673334,-0.0805389,-0.0767099,-0.07427417,0.00010663852,8.401677e-05,0.0010444941,0.8181154,0.1806494
173324000,173244000,1.5608007,0.00415802,1.5731906,1.5173115,1.5570438,1.5604879,1.5622485,-0.09623587,-0.10602057,-0.09843755,-0.09791684,-0.0976671,-0.113772966,-0.23441486,-0.15244386,-0.14379324,-0.13825713,0.00010747548,8.1000195e-05,0.001041362,0.81787306,0.18089709
174316000,174236000,1.5613254,0.004176791,1.5734318,1.5187286,1.5576619,1.5610219,1.5627286,-0.4854138,-0.4913652,-0.4867785,-0.48645616,-0.48630738,-0.08495507,-0.15447527,-0.107232355,-0.10224508,-0.09906543,0.000107978565,7.927779e-05,0.0010395591,0.81773925,0.1810339
175324000,175244000,1.5624138,0.0042292634,1.5744644,1.5199938,1.558769,1.5621125,1.5638084,-0.6079012,-0.6061657,-0.60776234,-0.607809,-0.6078359,-0.011125988,0.06115018,0.012034942,0.0068653002,0.0035115122,0.00010804393,8.365338e-05,0.0010392873,0.8177199,0.18104917
176324000,176244000,1.5637214,0.0041901763,1.5754397,1.5223517,1.5601869,1.5634314,1.5650635,-0.30481863,-0.30014646,-0.3041004,-0.30428803,-0.30438006,-0.020778386,0.106625,0.020046387,0.010928117,0.0050348304,0.00010804929,8.2993414e-05,0.0010389736,0.81770116,0.18106881
177324000,177244000,1.5628644,0.004129429,1.5740743,1.5230993,1.5594982,1.5625918,1.5641261,0.2730571,0.27388024,0.27295578,0.27296293,0.27296877,-0.018483752,0.055086404,0.0050834767,-0.00017752597,-0.0035887773,0.00010812823,8.18654e-05,0.0010383368,0.8176601,0.18111153
178316000,178236000,1.5612749,0.0042035365,1.5724623,1.5215797,1.5579159,1.561003,1.5625329,0.39597267,0.39183617,0.39487207,0.39511907,0.39523944,-0.063714966,-0.08042163,-0.06907271,-0.067866914,-0.067120105,0.00010807832,8.196422e-05,0.001038474,0.81766945,0.18110204
179316000,179236000,1.5614024,0.0041687405,1.5722505,1.522778,1.5581557,1.5611417,1.5626073,-0.008646488,-0.01672554,-0.010466337,-0.010040402,-0.009836793,-0.10974731,-0.21633749,-0.14389595,-0.13625272,-0.13136683,0.00010861432,8.012499e-05,0.001036501,0.81751424,0.18126056
180316000,180236000,1.5620145,0.0041635036,1.5725365,1.5244185,1.5588754,1.5617646,1.5631683,-0.41812038,-0.42381752,-0.41937685,-0.4190812,-0.41894174,-0.09768119,-0.17977205,-0.12397115,-0.11808411,-0.11432726,0.00010916333,7.831397e-05,0.0010345605,0.81736666,0.18141125
181316000,181236000,1.5631176,0.004223821,1.5735738,1.5257311,1.5600009,1.5628703,1.5642614,-0.702824,-0.70213956,-0.70279,-0.70280415,-0.70280635,-0.00029214937,0.03828392,0.012074059,0.009318394,0.00751746,0.00010930174,8.782134e-05,0.0010340709,0.817324,0.18144484
182316000,182236000,1.5649472,0.004211178,1.575207,1.5281808,1.5618954,1.5647066,1.5660598,-0.4935335,-0.489267,-0.49276936,-0.49295783,-0.4930383,0.04470426,0.1504736,0.07859549,0.071027175,0.06613154,0.00010941975,8.715904e-05,0.0010335196,0.81727993,0.18148993
183316000,183236000,1.5656177,0.004105279,1.5753309,1.5305761,1.5627469,1.5653956,1.566644,0.11925161,0.122614026,0.11983645,0.11969209,0.11963701,0.018173497,0.10902934,0.047284573,0.040784404,0.03657721,0.00010973193,8.5425265e-05,0.0010321512,0.81717736,0.18159528
184316000,184236000,1.563444,0.004166688,1.5730772,1.5286539,1.5605996,1.5632247,1.5644575,0.36820495,0.36774504,0.3680129,0.36805147,0.36808044,-0.048991635,-0.0326684,-0.043752648,-0.044914886,-0.04568987,0.00010971706,8.533415e-05,0.0010321522,0.81717986,0.18159297
185316000,185236000,1.5636215,0.004174461,1.5730819,1.5293772,1.5608344,1.563408,1.564608,0.13181317,0.12555301,0.13038456,0.13070631,0.13086605,-0.09842918,-0.18287551,-0.12546812,-0.119412825,-0.115547694,0.00011004233,8.4274e-05,0.0010310004,0.81708765,0.18168701
186324000,186244000,1.5631485,0.004153171,1.5749253,1.5258886,1.5592337,1.5627435,1.5649999,-0.26462793,-0.27074242,-0.26600432,-0.26569617,-0.26554358,-0.090264805,-0.1780159,-0.11835884,-0.11206742,-0.10805,0.000110517605,8.263277e-05,0.0010293385,0.81695896,0.18181854
187316000,187236000,1.5653225,0.00419723,1.5743233,1.53253,1.5626873,1.5651243,1.5662371,-0.6072353,-0.60828674,-0.60753626,-0.6074786,-0.6074356,-0.028296415,-0.024373699,-0.027028756,-0.027303275,-0.02750676,0.00011078312,8.2984865e-05,0.0010284695,0.81689143,0.18188635
188316000,188236000,1.567007,0.004225987,1.5759268,1.534471,1.5643989,1.5668116,1.5679088,-0.5241387,-0.52186096,-0.5237684,-0.5238683,-0.5238911,0.018458765,0.09320343,0.042404857,0.037058696,0.033594217,0.00011081866,8.331479e-05,0.00102829,0.8168741,0.18190348
189316000,189236000,1.5667217,0.0041183005,1.5778049,1.5316478,1.5630364,1.5663403,1.5684636,0.04710281,0.05001378,0.047598004,0.047469974,0.047439337,-0.008245368,0.083920926,0.021276612,0.014682911,0.0104174055,0.00011096029,8.2264785e-05,0.0010275445,0.8168185,0.18196078
190316000,190236000,1.5665566,0.004155943,1.5748587,1.535972,1.5641532,1.5663824,1.5673608,0.34092224,0.3404771,0.34068513,0.34072256,0.34076476,-0.019376667,0.017890893,-0.00743771,-0.010099519,-0.011837,0.00011091366,8.2176826e-05,0.0010276074,0.8168277,0.18195161
191320000,191236000,1.565592,0.0041949423,1.5738152,1.5352566,1.5632148,1.5654205,1.5663838,0.256666,0.25149566,0.2554584,0.2557183,0.25585616,-0.0996798,-0.16211073,-0.119662374,-0.11518469,-0.11233356,0.00011107349,8.171746e-05,0.0010270347,0.8167812,0.18199897
192320000,192236000,1.566159,0.004169637,1.5741127,1.5366752,1.5638708,1.5659965,1.5669086,-0.10294938,-0.108805895,-0.10427463,-0.10398638,-0.10384011,-0.122360244,-0.20665212,-0.1493393,-0.14329658,-0.13943934,0.000111567824,8.021264e-05,0.0010253646,0.81664884,0.18213402
193320000,193236000,1.5675794,0.0041819387,1.5753047,1.538818,1.565367,1.5674247,1.5682935,-0.60666883,-0.6092829,-0.6073019,-0.60717297,-0.6070965,-0.080678865,-0.10165915,-0.08738527,-0.085877016,-0.0849338,0.00011200709,8.325316e-05,0.0010239474,0.8165353,0.18224542
194320000,194236000,1.5688341,0.004240647,1.5765424,1.540127,1.5666274,1.5686799,1.5695454,-0.627279,-0.6272712,-0.62740535,-0.6273941,-0.6273654,-0.026841192,0.020114137,-0.011801119,-0.015157345,-0.017341226,0.00011198974,8.468658e-05,0.0010239927,0.81653684,0.18224247
195320000,195236000,1.5700332,0.0041365633,1.5773605,1.5425307,1.5679531,1.5698923,1.5706844,-0.12075722,-0.119341135,-0.12062585,-0.12067473,-0.12066889,0.0027259002,0.0936819,0.031847987,0.025341462,0.021133177,0.00011204096,8.4023886e-05,0.0010236106,0.81650835,0.182272
196320000,196236000,1.569204,0.004136257,1.5763142,1.5423878,1.567196,1.5690706,1.569821,0.25663435,0.25665426,0.25649738,0.25651205,0.25654233,-0.013000792,0.043390565,0.0050565843,0.0010250229,-0.0015920224,0.0001120519,8.371733e-05,0.0010234659,0.81650037,0.18228048
197320000,197236000,1.5679946,0.0041952166,1.5750618,1.5413145,1.5660009,1.5678626,1.5686047,0.3344335,0.33078843,0.33357584,0.3337543,0.33384788,-0.09087017,-0.12875149,-0.10298658,-0.100268126,-0.09854776,0.000112074136,8.363599e-05,0.001023352,0.81649137,0.18228962
198320000,198236000,1.5677856,0.004183591,1.5746604,1.5417137,1.5658556,1.5676601,1.5683658,0.06561041,0.060649753,0.06450212,0.06473613,0.06485081,-0.09584874,-0.17016988,-0.119627595,-0.1143001,-0.110903144,0.00011240683,8.262193e-05,0.0010222296,0.81640124,0.18238145
199320000,199236000,1.5690297,0.0041575218,1.5756116,1.5438855,1.567197,1.568914,1.5695641,-0.51855683,-0.5209645,-0.51907635,-0.5189713,-0.51890874,-0.039416596,-0.078330085,-0.051856518,-0.049065053,-0.04729744,0.00011276638,8.1418e-05,0.0010210436,0.81630945,0.1824754
200320000,200236000,1.5704832,0.0042313575,1.5770591,1.5453593,1.5686526,1.5703679,1.5710169,-0.67526126,-0.67470795,-0.6751509,-0.6751827,-0.6751705,0.022704283,0.04417479,0.029593317,0.028061215,0.02704937,0.000112787704,8.6330336e-05,0.0010209745,0.81629634,0.18248348
201320000,201240000,1.5724833,0.004157419,1.5788033,1.5481689,1.570738,1.5723768,1.5729767,-0.30737066,-0.30430102,-0.3067478,-0.3068905,-0.30691838,0.017497236,0.099420205,0.04373415,0.037874028,0.034079812,0.00011290119,8.573504e-05,0.0010204645,0.81624895,0.18253191
202320000,202240000,1.5721614,0.0041223615,1.5782307,1.5486395,1.5704991,1.5720637,1.5726154,0.10458088,0.10665524,0.10498226,0.104889035,0.10488105,0.009786986,0.07605043,0.03100907,0.0262704,0.023197833,0.000113055634,8.50611e-05,0.0010198806,0.8162035,0.18257852
203320000,203240000,1.5711057,0.0041772993,1.5771096,1.5477899,1.569465,1.5710102,1.5715493,0.33560088,0.33418113,0.33527607,0.33534074,0.33538678,-0.03755649,-0.050884508,-0.041807346,-0.040847056,-0.040256985,0.000113054564,8.499716e-05,0.001019854,0.81620425,0.18257785
204320000,204240000,1.5707154,0.0041971114,1.5766134,1.5477345,1.5691098,1.5706234,1.5711424,0.13159943,0.12860012,0.13096297,0.13109553,0.13116372,-0.08614435,-0.14343639,-0.104463585,-0.10035567,-0.09774282,0.00011320783,8.45199e-05,0.0010193336,0.8161625,0.1826204
205320000,205240000,1.5722305,0.004147985,1.57783,1.5501946,1.5707238,1.5721486,1.572611,-0.44753873,-0.44989896,-0.44802582,-0.44792712,-0.44787633,-0.08936319,-0.13758063,-0.104776844,-0.10131897,-0.09912318,0.000113653936,8.3134044e-05,0.0010178948,0.8160486,0.18273671
206320000,206240000,1.57334,0.0042195925,1.5789088,1.5514029,1.5718437,1.5732594,1.573716,-0.7046932,-0.70573306,-0.704944,-0.7048992,-0.7048662,-0.05132471,-0.050603278,-0.051080696,-0.051126294,-0.051182404,0.00011372707,8.794399e-05,0.0010176817,0.81602776,0.18275286
207320000,207240000,1.5749506,0.004188924,1.5803759,1.5534676,1.573502,1.5748749,1.5753039,-0.431543,-0.4307685,-0.4314692,-0.43149698,-0.43148732,-0.021145577,0.046888154,0.0006340798,-0.004230123,-0.0073839836,0.00011366666,8.789644e-05,0.0010177878,0.81603503,0.18274556
208320000,208240000,1.6496538,0.004134247,1.6548548,1.6289288,1.6482785,1.6495852,1.6499746,-0.071490526,-0.07154524,-0.071620226,-0.071606755,-0.07158506,-0.03795597,0.029714895,-0.016297463,-0.02113525,-0.024270764,0.0001135944,8.779268e-05,0.0010178945,0.8160464,0.18273425
209320000,209240000,1.6488824,0.0041608918,1.6539606,1.6285447,1.6475477,1.6488181,1.6491836,0.36677867,0.36473268,0.36626995,0.36636508,0.3664087,-0.07937334,-0.07189078,-0.07697248,-0.07750099,-0.077867,0.00011346324,8.800353e-05,0.0010182199,0.81607467,0.18270564
210320000,210240000,1.6490085,0.0042085554,1.654047,1.6287954,1.6476868,1.6489456,1.6493034,0.31333312,0.30960265,0.31248996,0.31265512,0.3127195,-0.11336506,-0.15383537,-0.12630697,-0.12340196,-0.121562056,0.000113597554,8.765854e-05,0.0010177683,0.8160356,0.1827454
211320000,211240000,1.650721,0.0041347994,1.6554799,1.631394,1.649492,1.6506674,1.6509727,-0.20636892,-0.21038651,-0.20724678,-0.207075,-0.20701492,-0.15004916,-0.20570862,-0.16784915,-0.1638569,-0.16131794,0.00011422391,8.585463e-05,0.0010157959,0.8158762,0.18290797
212320000,212240000,1.6503037,0.00418062,1.6549762,1.63125,1.6491033,1.650253,1.6505421,-0.5155996,-0.5182755,-0.5161983,-0.51608515,-0.51604414,-0.08652592,-0.10768445,-0.09328678,-0.09176491,-0.090813175,0.00011442963,8.5248495e-05,0.001015196,0.81583136,0.18295375
213320000,213240000,1.6523334,0.0042098295,1.6569538,1.6334462,1.65115,1.6522845,1.6525637,-0.4628392,-0.4632185,-0.46299,-0.46296948,-0.46294934,-0.03163173,0.015068802,-0.016682092,-0.020018978,-0.022189958,0.000114396214,8.522709e-05,0.0010152976,0.81584245,0.18294263
214320000,214240000,1.6532296,0.004164435,1.6576555,1.6349592,1.652111,1.6531875,1.6534292,-0.110527635,-0.11033571,-0.1105628,-0.1105659,-0.11054945,-0.00569159,0.056497283,0.014213111,0.009766955,0.0068838866,0.00011438265,8.505887e-05,0.0010152608,0.815841,0.18294424
215324000,215240000,1.6504755,0.0041560614,1.6547251,1.6327597,1.6494156,1.6504396,1.650647,0.3943125,0.39374685,0.39416182,0.3941852,0.3942095,-0.023441743,-0.0026069917,-0.016765159,-0.018250853,-0.019230656,0.00011431791,8.505993e-05,0.0010153857,0.81585443,0.1829308
216324000,216240000,1.6523776,0.004223994,1.6566147,1.6347066,1.6513216,1.6523421,1.6525478,0.35982895,0.3581835,0.3594855,0.35954893,0.35958153,-0.046685383,-0.07061491,-0.054327913,-0.05260863,-0.051529437,0.00011432975,8.503781e-05,0.0010153295,0.8158499,0.18293542
217316000,217232000,1.652129,0.0042837113,1.6563381,1.6345513,1.6510824,1.6520944,1.6522954,0.031653106,0.03172215,0.031707168,0.031692527,0.031711347,-0.0019539574,-0.016471587,-0.006579567,-0.0055347336,-0.004889426,0.000114356495,8.4953215e-05,0.0010152386,0.8158437,0.1829418
218316000,218232000,0.81620145,0.0043552844,0.82165086,0.7965315,0.8145689,0.81607145,0.81679595,-0.17656031,-0.1724458,-0.17553183,-0.17573467,-0.1757504,0.0077937245,-0.008573815,0.002593264,0.003768146,0.0044968426,0.000114340706,8.4987456e-05,0.0010152698,0.8158438,0.18294169
219316000,219232000,0.8157545,0.00442853,0.8213387,0.7962085,0.8140678,0.81561327,0.816399,-0.081004344,-0.077461705,-0.08013255,-0.0803086,-0.08031508,0.19282165,0.19214313,0.19263601,0.19268876,0.19269653,0.000114298346,8.509981e-05,0.0010153749,0.81584567,0.18293956
219908000,219824000,0.81555355,0.004475152,0.8211369,0.79600984,0.8138672,0.8154124,0.8161978,0.018060002,0.021501897,0.018913627,0.018740661,0.018735811,0.17560336,0.17181677,0.17442273,0.17469838,0.1748492,0.0001142839,8.513391e-05,0.0010154198,0.8158491,0.182936
