timestamp,timestamp_sample,q[0],q[1],q[2],q[3],delta_q_reset[0],delta_q_reset[1],delta_q_reset[2],delta_q_reset[3],quat_reset_counter
9284000,9284000,0.68872684,0.0014289287,-0.012880532,0.72490513,0.99999994,9.313226e-10,-1.9790605e-09,-0.00030446053,2
9784000,9784000,0.6897133,0.0012109623,-0.012918179,0.7239664,0.99999994,9.313226e-10,-1.9790605e-09,-0.00030446053,2
10280000,10280000,0.6898566,0.0011250593,-0.01287581,0.7238307,0.99999994,9.313226e-10,-1.9790605e-09,-0.00030446053,2
10784000,10784000,0.6907043,0.0010707557,-0.012768604,0.72302383,0.99999994,9.313226e-10,-1.9790605e-09,-0.00030446053,2
11284000,11284000,0.6912148,0.00097118283,-0.0125075225,0.72254044,0.99999994,9.313226e-10,-1.9790605e-09,-0.00030446053,2
11784000,11784000,0.6915185,0.0009497114,-0.01239394,0.7222519,0.99999994,9.313226e-10,-1.9790605e-09,-0.00030446053,2
12284000,12284000,0.69189936,0.000828805,-0.012112815,0.7218919,0.99999994,9.313226e-10,-1.9790605e-09,-0.00030446053,2
12784000,12784000,0.6924993,0.0006229846,-0.011984689,0.72131884,0.99999994,9.313226e-10,-1.9790605e-09,-0.00030446053,2
13284000,13284000,0.6926866,0.000569526,-0.011939016,0.72113967,0.99999994,9.313226e-10,-1.9790605e-09,-0.00030446053,2
13784000,13784000,0.69275796,0.00043845273,-0.01200436,0.7210702,0.99999994,9.313226e-10,-1.9790605e-09,-0.00030446053,2
14284000,14284000,0.69248563,0.0044858255,-0.0066537736,0.721387,0.99999994,9.313226e-10,-1.9790605e-09,-0.00030446053,2
14784000,14784000,0.68933845,6.195304e-05,0.006447114,0.7244108,0.99999994,9.313226e-10,-1.9790605e-09,-0.00030446053,2
15284000,15284000,0.6900484,-0.00023040823,-0.017597731,0.72354925,0.99999994,9.313226e-10,-1.9790605e-09,-0.00030446053,2
15784000,15784000,0.69061285,-0.0005187359,-0.02322759,0.72285146,0.99999994,9.313226e-10,-1.9790605e-09,-0.00030446053,2
16284000,16284000,0.6912138,-0.0006992773,-0.021089949,0.72234225,0.99999994,9.313226e-10,-1.9790605e-09,-0.00030446053,2
16784000,16784000,0.6912988,-0.00069138466,-0.016775358,0.722374,0.99999994,9.313226e-10,-1.9790605e-09,-0.00030446053,2
17284000,17284000,0.69153076,-0.00019047361,-0.013916792,0.722213,0.99999994,9.313226e-10,-1.9790605e-09,-0.00030446053,2
17780000,17780000,0.69356173,-9.9273675e-05,-0.012455066,0.7202896,0.99999946,9.313226e-10,-1.0768417e-09,-0.001031965,3
18284000,18284000,0.6931881,0.0004945997,-0.010623371,0.7206784,0.99999946,9.313226e-10,-1.0768417e-09,-0.001031965,3
18784000,18784000,0.6925,0.0007366695,-0.009900456,0.7213496,0.99999946,9.313226e-10,-1.0768417e-09,-0.001031965,3
19284000,19284000,0.6930255,0.0007402364,-0.008655887,0.7208608,0.99999946,9.313226e-10,-1.0768417e-09,-0.001031965,3
19784000,19784000,0.69288653,-0.00020485962,-0.007859306,0.72100383,0.99999946,9.313226e-10,-1.0768417e-09,-0.001031965,3
20284000,20284000,0.6928934,-0.00075919577,-0.009398218,0.72097844,0.99999946,9.313226e-10,-1.0768417e-09,-0.001031965,3
20780000,20780000,0.6932283,-0.00056639547,-0.009964575,0.72064894,0.99999946,9.313226e-10,-1.0768417e-09,-0.001031965,3
21284000,21284000,0.6931232,-0.0009506831,-0.009975756,0.7207495,0.99999946,9.313226e-10,-1.0768417e-09,-0.001031965,3
21780000,21780000,0.69210136,-0.036590446,-0.046178337,0.71939176,0.99999946,9.313226e-10,-1.0768417e-09,-0.001031965,3
22284000,22284000,0.6921163,-0.04848436,-0.058619708,0.71776605,0.99999946,9.313226e-10,-1.0768417e-09,-0.001031965,3
22784000,22784000,0.69272566,-0.032098573,-0.04392781,0.71914625,0.99999946,9.313226e-10,-1.0768417e-09,-0.001031965,3
23284000,23284000,0.69376504,0.00500068,-0.008490409,0.720134,0.99999946,9.313226e-10,-1.0768417e-09,-0.001031965,3
23784000,23784000,0.6925722,0.04200193,0.026479803,0.7196378,0.99999946,9.313226e-10,-1.0768417e-09,-0.001031965,3
24280000,24280000,0.6905603,0.065263666,0.050113175,0.71857905,0.99999946,9.313226e-10,-1.0768417e-09,-0.001031965,3
24784000,24784000,0.69003224,0.071329795,0.05687224,0.71800643,0.99999946,9.313226e-10,-1.0768417e-09,-0.001031965,3
25284000,25284000,0.69130987,0.05649433,0.045196615,0.7189272,0.99999946,9.313226e-10,-1.0768417e-09,-0.001031965,3
25784000,25784000,0.69341934,0.02456868,0.01786658,0.71989363,0.99999946,9.313226e-10,-1.0768417e-09,-0.001031965,3
26284000,26284000,0.6934879,-0.014867119,-0.017982578,0.7200904,0.99999946,9.313226e-10,-1.0768417e-09,-0.001031965,3
26784000,26784000,0.6917223,-0.04937756,-0.05334195,0.71849614,0.99999946,9.313226e-10,-1.0768417e-09,-0.001031965,3
27284000,27284000,0.68970937,-0.070908464,-0.076579474,0.71652544,0.99999946,9.313226e-10,-1.0768417e-09,-0.001031965,3
27784000,27784000,0.6891224,-0.07716344,-0.08500608,0.71549296,0.99999946,9.313226e-10,-1.0768417e-09,-0.001031965,3
28284000,28284000,0.69072247,-0.06342522,-0.07590384,0.71632284,0.99999946,9.313226e-10,-1.0768417e-09,-0.001031965,3
28780000,28780000,0.69301015,-0.034267962,-0.04987543,0.7183837,0.99999946,9.313226e-10,-1.0768417e-09,-0.001031965,3
29284000,29284000,0.6939044,0.005119602,-0.012061648,0.71994793,0.99999946,9.313226e-10,-1.0768417e-09,-0.001031965,3
29784000,29784000,0.6925741,0.04236108,0.024670413,0.7196792,0.99999946,9.313226e-10,-1.0768417e-09,-0.001031965,3
30284000,30284000,0.69028455,0.06839938,0.051047113,0.7184866,0.99999946,9.313226e-10,-1.0768417e-09,-0.001031965,3
30784000,30784000,0.68942106,0.07753155,0.062745,0.7174612,0.99999946,9.313226e-10,-1.0768417e-09,-0.001031965,3
31284000,31284000,0.6907691,0.068878025,0.058139514,0.71743554,0.99999946,9.313226e-10,-1.0768417e-09,-0.001031965,3
31784000,31784000,0.69281864,0.042521928,0.035505675,0.71898097,0.99999946,9.313226e-10,-1.0768417e-09,-0.001031965,3
32284000,32284000,0.6940493,0.004900991,0.0005361153,0.7199106,0.99999946,9.313226e-10,-1.0768417e-09,-0.001031965,3
32784000,32784000,0.6930789,-0.033082258,-0.037807602,0.7191091,0.99999946,9.313226e-10,-1.0768417e-09,-0.001031965,3
33284000,33284000,0.6907209,-0.061915953,-0.0686394,0.7171888,0.99999946,9.313226e-10,-1.0768417e-09,-0.001031965,3
33784000,33784000,0.6890545,-0.0763838,-0.08495352,0.71564823,0.99999946,9.313226e-10,-1.0768417e-09,-0.001031965,3
34284000,34284000,0.6893939,-0.07437021,-0.082967915,0.71576643,0.99999946,9.313226e-10,-1.0768417e-09,-0.001031965,3
34784000,34784000,0.69145507,-0.05325121,-0.0639897,0.7176068,0.99999946,9.313226e-10,-1.0768417e-09,-0.001031965,3
35284000,35284000,0.6933348,-0.017311582,-0.031802263,0.71970534,0.99999946,9.313226e-10,-1.0768417e-09,-0.001031965,3
35784000,35784000,0.6931074,0.022128277,0.00712894,0.72045934,0.99999946,9.313226e-10,-1.0768417e-09,-0.001031965,3
36284000,36284000,0.69164455,0.054934368,0.038389552,0.7191219,0.99999946,9.313226e-10,-1.0768417e-09,-0.001031965,3
36780000,36780000,0.68969053,0.07441816,0.057611767,0.71796227,0.99999946,9.313226e-10,-1.0768417e-09,-0.001031965,3
37280000,37280000,0.6892859,0.07741841,0.061438102,0.7177164,0.99999946,9.313226e-10,-1.0768417e-09,-0.001031965,3
37784000,37784000,0.6910662,0.062273763,0.04778251,0.7185167,0.99999946,9.313226e-10,-1.0768417e-09,-0.001031965,3
38284000,38284000,0.6930689,0.029817678,0.019908158,0.7199792,0.99999946,9.313226e-10,-1.0768417e-09,-0.001031965,3
38784000,38784000,0.69367284,-0.008326352,-0.017527321,0.7200289,0.99999946,9.313226e-10,-1.0768417e-09,-0.001031965,3
39284000,39284000,0.69225097,-0.043812066,-0.05289775,0.7183808,0.99999946,9.313226e-10,-1.0768417e-09,-0.001031965,3
39784000,39784000,0.6902925,-0.068026684,-0.0769998,0.71619815,0.99999946,9.313226e-10,-1.0768417e-09,-0.001031965,3
40284000,40284000,0.68928707,-0.076213084,-0.08451981,0.71549374,0.99999946,9.313226e-10,-1.0768417e-09,-0.001031965,3
40784000,40784000,0.6902702,-0.06645131,-0.07600987,0.71647316,0.99999946,9.313226e-10,-1.0768417e-09,-0.001031965,3
41284000,41284000,0.6924297,-0.0390375,-0.050311472,0.7186696,0.99999946,9.313226e-10,-1.0768417e-09,-0.001031965,3
41784000,41784000,0.693789,-0.00049268093,-0.014551958,0.7200312,0.99999946,9.313226e-10,-1.0768417e-09,-0.001031965,3
42284000,42284000,0.6927818,0.038607452,0.02175914,0.71978426,0.99999946,9.313226e-10,-1.0768417e-09,-0.001031965,3
42784000,42784000,0.69049114,0.067049734,0.049999207,0.71848905,0.99999946,9.313226e-10,-1.0768417e-09,-0.001031965,3
43280000,43280000,0.6890947,0.079410866,0.062317174,0.7176064,0.99999946,9.313226e-10,-1.0768417e-09,-0.001031965,3
43784000,43784000,0.68934345,0.075031035,0.058256928,0.7181798,0.99999946,9.313226e-10,-1.0768417e-09,-0.001031965,3
44284000,44284000,0.69134426,0.052099373,0.036630496,0.7197132,0.99999946,9.313226e-10,-1.0768417e-09,-0.001031965,3
44784000,44784000,0.6930727,0.01678092,0.0027476307,0.72066724,0.99999946,9.313226e-10,-1.0768417e-09,-0.001031965,3
45284000,45284000,0.6931624,-0.022547945,-0.03523272,0.71956664,0.99999946,9.313226e-10,-1.0768417e-09,-0.001031965,3
45784000,45784000,0.6914892,-0.055464577,-0.06554723,0.71726567,0.99999946,9.313226e-10,-1.0768417e-09,-0.001031965,3
46284000,46284000,0.68986267,-0.0735637,-0.082112744,0.71549666,0.99999946,9.313226e-10,-1.0768417e-09,-0.001031965,3
46784000,46784000,0.6896768,-0.07434387,-0.082644425,0.715534,0.99999946,9.313226e-10,-1.0768417e-09,-0.001031965,3
47284000,47284000,0.69154125,-0.055416655,-0.06547436,0.71722585,0.99999946,9.313226e-10,-1.0768417e-09,-0.001031965,3
47784000,47784000,0.693367,-0.021820927,-0.034929473,0.7194067,0.99999946,9.313226e-10,-1.0768417e-09,-0.001031965,3
48284000,48284000,0.6935173,0.019120444,0.0040846383,0.7201747,0.99999946,9.313226e-10,-1.0768417e-09,-0.001031965,3
48784000,48784000,0.6917637,0.052970026,0.03699214,0.71922785,0.99999946,9.313226e-10,-1.0768417e-09,-0.001031965,3
49284000,49284000,0.6896847,0.07425479,0.058408424,0.7179204,0.99999946,9.313226e-10,-1.0768417e-09,-0.001031965,3
49784000,49784000,0.6890376,0.07929021,0.06338173,0.7175814,0.99999946,9.313226e-10,-1.0768417e-09,-0.001031965,3
50284000,50284000,0.690249,0.066865824,0.051089477,0.718662,0.99999946,9.313226e-10,-1.0768417e-09,-0.001031965,3
50784000,50784000,0.69217163,0.03832143,0.02346387,0.72033286,0.99999946,9.313226e-10,-1.0768417e-09,-0.001031965,3
51284000,51284000,0.69336563,0.00014438052,-0.013839562,0.720453,0.99999946,9.313226e-10,-1.0768417e-09,-0.001031965,3
51784000,51784000,0.69255924,-0.037542045,-0.049547534,0.7186775,0.99999946,9.313226e-10,-1.0768417e-09,-0.001031965,3
52284000,52284000,0.69066375,-0.064241074,-0.07478864,0.716424,0.99999946,9.313226e-10,-1.0768417e-09,-0.001031965,3
52784000,52784000,0.6897754,-0.07403514,-0.08458304,0.71524435,0.99999946,9.313226e-10,-1.0768417e-09,-0.001031965,3
53284000,53284000,0.69059473,-0.066262834,-0.07794614,0.7159697,0.99999946,9.313226e-10,-1.0768417e-09,-0.001031965,3
53780000,53780000,0.692527,-0.041422695,-0.054917276,0.71810496,0.99999946,9.313226e-10,-1.0768417e-09,-0.001031965,3
54284000,54284000,0.6938706,-0.004893179,-0.019285966,0.71982473,0.99999946,9.313226e-10,-1.0768417e-09,-0.001031965,3
54784000,54784000,0.6930675,0.033527303,0.017309891,0.7198846,0.99999946,9.313226e-10,-1.0768417e-09,-0.001031965,3
55284000,55284000,0.69069064,0.06474379,0.046766125,0.71872646,0.99999946,9.313226e-10,-1.0768417e-09,-0.001031965,3
55784000,55784000,0.6889969,0.07958329,0.062009595,0.7177079,0.99999946,9.313226e-10,-1.0768417e-09,-0.001031965,3
56284000,56284000,0.6891932,0.077633455,0.06086014,0.71783143,0.99999946,9.313226e-10,-1.0768417e-09,-0.001031965,3
56784000,56784000,0.6909819,0.057503417,0.0417709,0.7193696,0.99999946,9.313226e-10,-1.0768417e-09,-0.001031965,3
57284000,57284000,0.6929319,0.023353778,0.00943227,0.720563,0.99999946,9.313226e-10,-1.0768417e-09,-0.001031965,3
57784000,57784000,0.6933017,-0.017327083,-0.02933037,0.71984184,0.99999946,9.313226e-10,-1.0768417e-09,-0.001031965,3
58284000,58284000,0.6917667,-0.050410107,-0.060705576,0.71779704,0.99999946,9.313226e-10,-1.0768417e-09,-0.001031965,3
58784000,58784000,0.6901412,-0.06943988,-0.07983595,0.7158977,0.99999946,9.313226e-10,-1.0768417e-09,-0.001031965,3
59284000,59284000,0.6899503,-0.07298944,-0.084179275,0.7152308,0.99999946,9.313226e-10,-1.0768417e-09,-0.001031965,3
59784000,59784000,0.6914795,-0.057527844,-0.07045794,0.7166467,0.99999946,9.313226e-10,-1.0768417e-09,-0.001031965,3
60284000,60284000,0.6935151,-0.026207888,-0.04085556,0.71880513,0.99999946,9.313226e-10,-1.0768417e-09,-0.001031965,3
60780000,60780000,0.69384754,0.012243685,-0.0032125672,0.72001076,0.99999946,9.313226e-10,-1.0768417e-09,-0.001031965,3
61284000,61284000,0.69229865,0.04856104,0.031123461,0.71930236,0.99999946,9.313226e-10,-1.0768417e-09,-0.001031965,3
61784000,61784000,0.68988794,0.073116876,0.05475349,0.71812993,0.99999946,9.313226e-10,-1.0768417e-09,-0.001031965,3
62284000,62284000,0.68872297,0.0810712,0.06289816,0.71772695,0.99999946,9.313226e-10,-1.0768417e-09,-0.001031965,3
62784000,62784000,0.6897985,0.07095893,0.05326238,0.7185444,0.99999946,9.313226e-10,-1.0768417e-09,-0.001031965,3
63284000,63284000,0.69200325,0.043514166,0.028155219,0.7200315,0.99999946,9.313226e-10,-1.0768417e-09,-0.001031965,3
63784000,63784000,0.69326615,0.005257259,-0.007835386,0.7206199,0.99999946,9.313226e-10,-1.0768417e-09,-0.001031965,3
64284000,64284000,0.69287384,-0.033078726,-0.04336867,0.71899295,0.99999946,9.313226e-10,-1.0768417e-09,-0.001031965,3
64784000,64784000,0.6909566,-0.0613217,-0.06988919,0.71689206,0.99999946,9.313226e-10,-1.0768417e-09,-0.001031965,3
65284000,65284000,0.6898353,-0.073356055,-0.08168882,0.71559286,0.99999946,9.313226e-10,-1.0768417e-09,-0.001031965,3
65784000,65784000,0.690472,-0.06870729,-0.07827281,0.71582204,0.99999946,9.313226e-10,-1.0768417e-09,-0.001031965,3
66280000,66280000,0.6923933,-0.04574223,-0.05790828,0.7177366,0.99999946,9.313226e-10,-1.0768417e-09,-0.001031965,3
66784000,66784000,0.6940219,-0.00922024,-0.024187246,0.71948844,0.99999946,9.313226e-10,-1.0768417e-09,-0.001031965,3
67284000,67284000,0.693453,0.029105749,0.013531153,0.7197866,0.99999946,9.313226e-10,-1.0768417e-09,-0.001031965,3
67780000,67780000,0.6913491,0.059968065,0.04417992,0.7186713,0.99999946,9.313226e-10,-1.0768417e-09,-0.001031965,3
68284000,68284000,0.68935645,0.078162976,0.061676938,0.7175474,0.99999946,9.313226e-10,-1.0768417e-09,-0.001031965,3
68784000,68784000,0.6889343,0.07955949,0.06259717,0.7177196,0.99999946,9.313226e-10,-1.0768417e-09,-0.001031965,3
69280000,69280000,0.69055724,0.06189767,0.04578417,0.7191685,0.99999946,9.313226e-10,-1.0768417e-09,-0.001031965,3
69784000,69784000,0.69272447,0.02903897,0.014829627,0.7204649,0.99999946,9.313226e-10,-1.0768417e-09,-0.001031965,3
70284000,70284000,0.69336134,-0.0104595,-0.022406502,0.7201657,0.99999946,9.313226e-10,-1.0768417e-09,-0.001031965,3
70784000,70784000,0.69212705,-0.044884235,-0.054527327,0.7183122,0.99999946,9.313226e-10,-1.0768417e-09,-0.001031965,3
71284000,71284000,0.6904504,-0.0664525,-0.07615726,0.7162838,0.99999946,9.313226e-10,-1.0768417e-09,-0.001031965,3
71784000,71784000,0.6900531,-0.07202731,-0.08189026,0.71549475,0.99999946,9.313226e-10,-1.0768417e-09,-0.001031965,3
72284000,72284000,0.69121426,-0.059956435,-0.070362076,0.7167129,0.99999946,9.313226e-10,-1.0768417e-09,-0.001031965,3
72784000,72784000,0.6931893,-0.031050235,-0.043685652,0.71876013,0.99999946,9.313226e-10,-1.0768417e-09,-0.001031965,3
73284000,73284000,0.69401634,0.006369321,-0.0074240337,0.7198929,0.99999946,9.313226e-10,-1.0768417e-09,-0.001031965,3
73784000,73784000,0.6925012,0.04363547,0.028555434,0.71952945,0.99999946,9.313226e-10,-1.0768417e-09,-0.001031965,3
74284000,74284000,0.69019055,0.070784025,0.055116624,0.7180452,0.99999946,9.313226e-10,-1.0768417e-09,-0.001031965,3
74784000,74784000,0.6889818,0.08069869,0.0653934,0.71729743,0.99999946,9.313226e-10,-1.0768417e-09,-0.001031965,3
75284000,75280000,0.689457,0.07405667,0.05883414,0.71812487,0.99999946,9.313226e-10,-1.0768417e-09,-0.001031965,3
75780000,75776000,0.6915852,0.0498877,0.036052078,0.7196676,0.99999946,9.313226e-10,-1.0768417e-09,-0.001031965,3
76284000,76280000,0.6932686,0.011828395,0.00079987117,0.7205818,0.99999946,9.313226e-10,-1.0768417e-09,-0.001031965,3
76780000,76776000,0.6929736,-0.026880195,-0.03724615,0.71949834,0.99999946,9.313226e-10,-1.0768417e-09,-0.001031965,3
77284000,77280000,0.691369,-0.056237727,-0.06564165,0.7173127,0.99999946,9.313226e-10,-1.0768417e-09,-0.001031965,3
77784000,77780000,0.6901891,-0.07021133,-0.07939081,0.71582574,0.99999946,9.313226e-10,-1.0768417e-09,-0.001031965,3
78284000,78280000,0.69035095,-0.068027236,-0.0785586,0.7159724,0.99999946,9.313226e-10,-1.0768417e-09,-0.001031965,3
78784000,78780000,0.6921691,-0.04787528,-0.060505334,0.7175995,0.99999946,9.313226e-10,-1.0768417e-09,-0.001031965,3
79284000,79280000,0.6938685,-0.014218171,-0.028568644,0.7193943,0.99999946,9.313226e-10,-1.0768417e-09,-0.001031965,3
79784000,79780000,0.6936265,0.024982149,0.009223453,0.7198424,0.99999946,9.313226e-10,-1.0768417e-09,-0.001031965,3
80284000,80280000,0.69150203,0.05718592,0.040614963,0.7189611,0.99999946,9.313226e-10,-1.0768417e-09,-0.001031965,3
80784000,80784000,0.6894733,0.076800115,0.05974753,0.7177455,0.99999946,9.313226e-10,-1.0768417e-09,-0.001031965,3
81280000,81280000,0.6888263,0.080750704,0.06426443,0.7175429,0.99999946,9.313226e-10,-1.0768417e-09,-0.001031965,3
81784000,81784000,0.6902157,0.06602066,0.049559742,0.7188793,0.99999946,9.313226e-10,-1.0768417e-09,-0.001031965,3
82284000,82284000,0.69241005,0.034954596,0.020212675,0.7203735,0.99999946,9.313226e-10,-1.0768417e-09,-0.001031965,3
82784000,82784000,0.69342023,-0.0046299878,-0.017040856,0.72031707,0.99999946,9.313226e-10,-1.0768417e-09,-0.001031965,3
83284000,83284000,0.6923522,-0.040780336,-0.051182963,0.71858597,0.99999946,9.313226e-10,-1.0768417e-09,-0.001031965,3
83784000,83784000,0.6906117,-0.06586224,-0.07528571,0.7162749,0.99999946,9.313226e-10,-1.0768417e-09,-0.001031965,3
84284000,84284000,0.68982756,-0.073711425,-0.083167784,0.7153935,0.99999946,9.313226e-10,-1.0768417e-09,-0.001031965,3
84780000,84780000,0.69092363,-0.06268614,-0.07336841,0.716458,0.99999946,9.313226e-10,-1.0768417e-09,-0.001031965,3
85284000,85284000,0.69288915,-0.0356864,-0.047171813,0.718614,0.99999946,9.313226e-10,-1.0768417e-09,-0.001031965,3
85784000,85784000,0.69388294,0.002492757,-0.010449482,0.7200077,0.99999946,9.313226e-10,-1.0768417e-09,-0.001031965,3
86284000,86284000,0.69268787,0.041017883,0.026881736,0.71956825,0.99999946,9.313226e-10,-1.0768417e-09,-0.001031965,3
86784000,86784000,0.6903519,0.07010522,0.05382763,0.7180544,0.99999946,9.313226e-10,-1.0768417e-09,-0.001031965,3
87284000,87284000,0.6887453,0.08287631,0.06532787,0.7172822,0.99999946,9.313226e-10,-1.0768417e-09,-0.001031965,3
87784000,87784000,0.6890832,0.07742109,0.06042977,0.71799624,0.99999946,9.313226e-10,-1.0768417e-09,-0.001031965,3
88284000,88284000,0.6912071,0.054301634,0.03870264,0.7195737,0.99999946,9.313226e-10,-1.0768417e-09,-0.001031965,3
88784000,88784000,0.69307816,0.018743545,0.005221391,0.7205999,0.99999946,9.313226e-10,-1.0768417e-09,-0.001031965,3
89284000,89284000,0.69309026,-0.02063541,-0.033413276,0.7197803,0.99999946,9.313226e-10,-1.0768417e-09,-0.001031965,3
89784000,89784000,0.6916393,-0.051845223,-0.06332249,0.7175914,0.99999946,9.313226e-10,-1.0768417e-09,-0.001031965,3
90284000,90284000,0.6902986,-0.06974132,-0.07949542,0.71575445,0.99999946,9.313226e-10,-1.0768417e-09,-0.001031965,3
90784000,90784000,0.6903063,-0.0700267,-0.0800147,0.7156614,0.99999946,9.313226e-10,-1.0768417e-09,-0.001031965,3
91284000,91280000,0.6918971,-0.051892746,-0.06301753,0.7173663,0.99999946,9.313226e-10,-1.0768417e-09,-0.001031965,3
91784000,91780000,0.69356817,-0.019095633,-0.031280164,0.7194582,0.99999946,9.313226e-10,-1.0768417e-09,-0.001031965,3
92284000,92280000,0.69367903,0.020496605,0.007264078,0.7199559,0.99999946,9.313226e-10,-1.0768417e-09,-0.001031965,3
92784000,92780000,0.69176406,0.054680414,0.04006239,0.7189351,0.99999946,9.313226e-10,-1.0768417e-09,-0.001031965,3
93284000,93280000,0.6895159,0.07666823,0.06057143,0.71764964,0.99999946,9.313226e-10,-1.0768417e-09,-0.001031965,3
93784000,93780000,0.68882805,0.08119382,0.06494117,0.7174303,0.99999946,9.313226e-10,-1.0768417e-09,-0.001031965,3
94284000,94280000,0.6899879,0.06869393,0.053162273,0.7185901,0.99999946,9.313226e-10,-1.0768417e-09,-0.001031965,3
94784000,94780000,0.6922582,0.039114468,0.024816351,0.7201617,0.99999946,9.313226e-10,-1.0768417e-09,-0.001031965,3
95284000,95280000,0.6934554,0.0012391687,-0.011372764,0.72040874,0.99999946,9.313226e-10,-1.0768417e-09,-0.001031965,3
95784000,95780000,0.69268763,-0.035345353,-0.04555426,0.71892935,0.99999946,9.313226e-10,-1.0768417e-09,-0.001031965,3
96284000,96280000,0.69101965,-0.0612019,-0.070107594,0.7168201,0.99999946,9.313226e-10,-1.0768417e-09,-0.001031965,3
96784000,96780000,0.69015414,-0.07046457,-0.07912634,0.71586394,0.99999946,9.313226e-10,-1.0768417e-09,-0.001031965,3
97284000,97280000,0.69091386,-0.062538534,-0.071820915,0.71663713,0.99999946,9.313226e-10,-1.0768417e-09,-0.001031965,3
97784000,97780000,0.6928836,-0.037312657,-0.047705416,0.71850145,0.99999946,9.313226e-10,-1.0768417e-09,-0.001031965,3
98284000,98280000,0.69395506,-0.0013053389,-0.01255422,0.7199077,0.99999946,9.313226e-10,-1.0768417e-09,-0.001031965,3
98784000,98780000,0.6930398,0.036264136,0.022794439,0.7196258,0.99999946,9.313226e-10,-1.0768417e-09,-0.001031965,3
99284000,99280000,0.69070756,0.065861866,0.05132405,0.7182974,0.99999946,9.313226e-10,-1.0768417e-09,-0.001031965,3
99784000,99780000,0.68890023,0.08095042,0.0655313,0.71733475,0.99999946,9.313226e-10,-1.0768417e-09,-0.001031965,3
100284000,100280000,0.68899757,0.08003775,0.06328764,0.71754515,0.99999946,9.313226e-10,-1.0768417e-09,-0.001031965,3
100784000,100780000,0.69085866,0.059559107,0.043573562,0.7192137,0.99999946,9.313226e-10,-1.0768417e-09,-0.001031965,3
101284000,101280000,0.6929165,0.0247964,0.009793428,0.7205248,0.99999946,9.313226e-10,-1.0768417e-09,-0.001031965,3
101784000,101780000,0.693381,-0.015922004,-0.027448488,0.7198721,0.99999946,9.313226e-10,-1.0768417e-09,-0.001031965,3
102284000,102280000,0.69194657,-0.048178006,-0.0591595,0.71790606,0.99999946,9.313226e-10,-1.0768417e-09,-0.001031965,3
102780000,102776000,0.69043046,-0.06751961,-0.07774771,0.7160323,0.99999946,9.313226e-10,-1.0768417e-09,-0.001031965,3
103284000,103280000,0.6901913,-0.07032287,-0.08013615,0.71572953,0.99999946,9.313226e-10,-1.0768417e-09,-0.001031965,3
103784000,103780000,0.6915807,-0.054897908,-0.06477805,0.7172908,0.99999946,9.313226e-10,-1.0768417e-09,-0.001031965,3
104284000,104280000,0.69333583,-0.024591457,-0.034999218,0.719344,0.99999946,9.313226e-10,-1.0768417e-09,-0.001031965,3
104784000,104780000,0.69370735,0.014733667,0.0031421839,0.72009945,0.99999946,9.313226e-10,-1.0768417e-09,-0.001031965,3
105280000,105276000,0.69205576,0.050500523,0.036811385,0.71913385,0.99999946,9.313226e-10,-1.0768417e-09,-0.001031965,3
105784000,105780000,0.6898289,0.07420558,0.059132695,0.7177278,0.99999946,9.313226e-10,-1.0768417e-09,-0.001031965,3
106284000,106280000,0.6888121,0.08193379,0.06581404,0.71728194,0.99999946,9.313226e-10,-1.0768417e-09,-0.001031965,3
106780000,106776000,0.6897502,0.072149254,0.05740083,0.7181535,0.99999946,9.313226e-10,-1.0768417e-09,-0.001031965,3
107284000,107280000,0.6919098,0.045073483,0.03160488,0.71988225,0.99999946,9.313226e-10,-1.0768417e-09,-0.001031965,3
107784000,107780000,0.6934079,0.006593691,-0.00543074,0.7204947,0.99999946,9.313226e-10,-1.0768417e-09,-0.001031965,3
108284000,108280000,0.6928634,-0.031539373,-0.042890124,0.7191009,0.99999946,9.313226e-10,-1.0768417e-09,-0.001031965,3
108784000,108780000,0.6911457,-0.05933488,-0.069761194,0.7168893,0.99999946,9.313226e-10,-1.0768417e-09,-0.001031965,3
109280000,109276000,0.69000995,-0.071709715,-0.08156904,0.715605,0.99999946,9.313226e-10,-1.0768417e-09,-0.001031965,3
109784000,109780000,0.69057775,-0.067292064,-0.07688034,0.7160053,0.99999946,9.313226e-10,-1.0768417e-09,-0.001031965,3
110284000,110280000,0.69241834,-0.0441788,-0.05546669,0.71800315,0.99999946,9.313226e-10,-1.0768417e-09,-0.001031965,3
110784000,110780000,0.69384074,-0.008597934,-0.020004068,0.71979934,0.99999946,9.313226e-10,-1.0768417e-09,-0.001031965,3
111284000,111280000,0.6932268,0.031282518,0.017718242,0.7198223,0.99999946,9.313226e-10,-1.0768417e-09,-0.001031965,3
111780000,111776000,0.69102716,0.06326824,0.047906477,0.7184592,0.99999946,9.313226e-10,-1.0768417e-09,-0.001031965,3
112284000,112280000,0.68913925,0.079761356,0.06344403,0.717426,0.99999946,9.313226e-10,-1.0768417e-09,-0.001031965,3
112784000,112780000,0.6890288,0.07909047,0.06314756,0.7176326,0.99999946,9.313226e-10,-1.0768417e-09,-0.001031965,3
113284000,113280000,0.6907893,0.06014366,0.04506834,0.71913964,0.99999946,9.313226e-10,-1.0768417e-09,-0.001031965,3
113784000,113780000,0.6928244,0.027902171,0.013607643,0.7204379,0.99999946,9.313226e-10,-1.0768417e-09,-0.001031965,3
114284000,114280000,0.69331664,-0.012237898,-0.024346486,0.7201178,0.99999946,9.313226e-10,-1.0768417e-09,-0.001031965,3
114784000,114780000,0.69201964,-0.047042973,-0.057237357,0.71806663,0.99999946,9.313226e-10,-1.0768417e-09,-0.001031965,3
115284000,115280000,0.690389,-0.06804296,-0.07824874,0.7159682,0.99999946,9.313226e-10,-1.0768417e-09,-0.001031965,3
115784000,115780000,0.6899771,-0.07288872,-0.08316207,0.7153341,0.99999946,9.313226e-10,-1.0768417e-09,-0.001031965,3
116284000,116280000,0.6914636,-0.059261244,-0.06975149,0.7165898,0.99999946,9.313226e-10,-1.0768417e-09,-0.001031965,3
116784000,116780000,0.69327503,-0.030133344,-0.04122094,0.718862,0.99999946,9.313226e-10,-1.0768417e-09,-0.001031965,3
117284000,117280000,0.69397944,0.009543626,-0.0027425874,0.7199264,0.99999946,9.313226e-10,-1.0768417e-09,-0.001031965,3
117784000,117780000,0.6924617,0.046059303,0.032400236,0.7192535,0.99999946,9.313226e-10,-1.0768417e-09,-0.001031965,3
118284000,118280000,0.69017804,0.072174415,0.05684384,0.7177841,0.99999946,9.313226e-10,-1.0768417e-09,-0.001031965,3
118784000,118780000,0.68905455,0.080386326,0.06547603,0.717255,0.99999946,9.313226e-10,-1.0768417e-09,-0.001031965,3
119284000,119280000,0.68969005,0.071748346,0.056161866,0.71834934,0.99999946,9.313226e-10,-1.0768417e-09,-0.001031965,3
119784000,119780000,0.69175583,0.04673913,0.03218673,0.7198982,0.99999946,9.313226e-10,-1.0768417e-09,-0.001031965,3
120280000,120276000,0.6932824,0.00952303,-0.002974571,0.72059697,0.99999946,9.313226e-10,-1.0768417e-09,-0.001031965,3
120784000,120784000,0.6929438,-0.028906435,-0.040446654,0.71927565,0.99999946,9.313226e-10,-1.0768417e-09,-0.001031965,3
121284000,121284000,0.691198,-0.057998613,-0.0679654,0.71712077,0.99999946,9.313226e-10,-1.0768417e-09,-0.001031965,3
121784000,121784000,0.6899914,-0.07200864,-0.081407554,0.7156113,0.99999946,9.313226e-10,-1.0768417e-09,-0.001031965,3
122284000,122284000,0.6904249,-0.06898857,-0.07845111,0.71582085,0.99999946,9.313226e-10,-1.0768417e-09,-0.001031965,3
122784000,122784000,0.69226784,-0.047462426,-0.058643926,0.71768624,0.99999946,9.313226e-10,-1.0768417e-09,-0.001031965,3
123284000,123284000,0.69385976,-0.012800492,-0.02577477,0.7195349,0.99999946,9.313226e-10,-1.0768417e-09,-0.001031965,3
123784000,123784000,0.693526,0.025855739,0.012070114,0.71986634,0.99999946,9.313226e-10,-1.0768417e-09,-0.001031965,3
124284000,124284000,0.69150364,0.057315893,0.043827076,0.7187606,0.99999946,9.313226e-10,-1.0768417e-09,-0.001031965,3
124784000,124784000,0.68957126,0.075909995,0.061846975,0.7175682,0.99999946,9.313226e-10,-1.0768417e-09,-0.001031965,3
125284000,125284000,0.6892369,0.07782257,0.0638486,0.7175093,0.99999946,9.313226e-10,-1.0768417e-09,-0.001031965,3
125784000,125784000,0.69067585,0.06121494,0.048489485,0.71893555,0.99999946,9.313226e-10,-1.0768417e-09,-0.001031965,3
126284000,126284000,0.6927525,0.02984505,0.017356697,0.7203486,0.99999946,9.313226e-10,-1.0768417e-09,-0.001031965,3
126780000,126780000,0.6933397,-0.008788436,-0.020927947,0.72025335,0.99999946,9.313226e-10,-1.0768417e-09,-0.001031965,3
127284000,127284000,0.6922152,-0.04346787,-0.055067964,0.7182731,0.99999946,9.313226e-10,-1.0768417e-09,-0.001031965,3
127784000,127784000,0.6905512,-0.06621728,-0.07710815,0.7161066,0.99999946,9.313226e-10,-1.0768417e-09,-0.001031965,3
128284000,128284000,0.69003147,-0.072485134,-0.08249666,0.7153998,0.99999946,9.313226e-10,-1.0768417e-09,-0.001031965,3
128784000,128784000,0.6912727,-0.0611954,-0.07108994,0.71647996,0.99999946,9.313226e-10,-1.0768417e-09,-0.001031965,3
129280000,129280000,0.69307613,-0.034294814,-0.045194365,0.7186284,0.99999946,9.313226e-10,-1.0768417e-09,-0.001031965,3
129784000,129784000,0.6940546,0.00370958,-0.007941624,0.719869,0.99999946,9.313226e-10,-1.0768417e-09,-0.001031965,3
130284000,130284000,0.6927325,0.041013,0.028960528,0.71944493,0.99999946,9.313226e-10,-1.0768417e-09,-0.001031965,3
130784000,130784000,0.690613,0.06744349,0.053363238,0.7180929,0.99999946,9.313226e-10,-1.0768417e-09,-0.001031965,3
131284000,131284000,0.6891817,0.07948712,0.06478735,0.7172957,0.99999946,9.313226e-10,-1.0768417e-09,-0.001031965,3
131784000,131784000,0.689522,0.073879614,0.05988425,0.7179938,0.99999946,9.313226e-10,-1.0768417e-09,-0.001031965,3
132284000,132284000,0.69162077,0.04999957,0.03673917,0.7195909,0.99999946,9.313226e-10,-1.0768417e-09,-0.001031965,3
132784000,132784000,0.693285,0.012807111,0.0015658601,0.7205481,0.99999946,9.313226e-10,-1.0768417e-09,-0.001031965,3
133284000,133284000,0.6930079,-0.026611162,-0.036858827,0.71949524,0.99999946,9.313226e-10,-1.0768417e-09,-0.001031965,3
133784000,133784000,0.6913284,-0.05775964,-0.06538311,0.7172544,0.99999946,9.313226e-10,-1.0768417e-09,-0.001031965,3
134280000,134280000,0.6899101,-0.07398904,-0.08032966,0.7156095,0.99999946,9.313226e-10,-1.0768417e-09,-0.001031965,3
134784000,134784000,0.6900509,-0.07177583,-0.07964638,0.71577543,0.99999946,9.313226e-10,-1.0768417e-09,-0.001031965,3
135284000,135284000,0.69170976,-0.053202506,-0.061601795,0.71757394,0.99999946,9.313226e-10,-1.0768417e-09,-0.001031965,3
135784000,135784000,0.693587,-0.019395767,-0.029225789,0.7195185,0.99999946,9.313226e-10,-1.0768417e-09,-0.001031965,3
136284000,136284000,0.6936697,0.020533852,0.008296389,0.71995276,0.99999946,9.313226e-10,-1.0768417e-09,-0.001031965,3
136784000,136784000,0.6918545,0.053417888,0.039676085,0.7189644,0.99999946,9.313226e-10,-1.0768417e-09,-0.001031965,3
137284000,137284000,0.6898577,0.07355962,0.0597444,0.7177158,0.99999946,9.313226e-10,-1.0768417e-09,-0.001031965,3
137784000,137784000,0.6892649,0.07788369,0.06520653,0.71735364,0.99999946,9.313226e-10,-1.0768417e-09,-0.001031965,3
138284000,138284000,0.69060063,0.063294485,0.051225375,0.718638,0.99999946,9.313226e-10,-1.0768417e-09,-0.001031965,3
138784000,138784000,0.69261384,0.033209648,0.021837348,0.72021276,0.99999946,9.313226e-10,-1.0768417e-09,-0.001031965,3
139284000,139284000,0.69349855,-0.00417902,-0.014815791,0.7202936,0.99999946,9.313226e-10,-1.0768417e-09,-0.001031965,3
139784000,139784000,0.6924245,-0.040719558,-0.049747672,0.7186205,0.99999946,9.313226e-10,-1.0768417e-09,-0.001031965,3
140284000,140284000,0.6906383,-0.065515324,-0.07430989,0.716383,0.99999946,9.313226e-10,-1.0768417e-09,-0.001031965,3
140784000,140784000,0.6897736,-0.07431637,-0.08297211,0.7154055,0.99999946,9.313226e-10,-1.0768417e-09,-0.001031965,3
141280000,141280000,0.6906421,-0.06550783,-0.07524066,0.7162828,0.99999946,9.313226e-10,-1.0768417e-09,-0.001031965,3
141784000,141784000,0.6926763,-0.039677676,-0.050019164,0.7184173,0.99999946,9.313226e-10,-1.0768417e-09,-0.001031965,3
142284000,142284000,0.693874,-0.0023450993,-0.0141789885,0.71995306,0.99999946,9.313226e-10,-1.0768417e-09,-0.001031965,3
142784000,142784000,0.69308895,0.0353577,0.022735951,0.71962535,0.99999946,9.313226e-10,-1.0768417e-09,-0.001031965,3
143280000,143280000,0.69087857,0.06436221,0.049956236,0.7183653,0.99999946,9.313226e-10,-1.0768417e-09,-0.001031965,3
143784000,143784000,0.68939984,0.07738891,0.063106745,0.7174653,0.99999946,9.313226e-10,-1.0768417e-09,-0.001031965,3
144284000,144284000,0.6895687,0.07374412,0.060018003,0.7179518,0.99999946,9.313226e-10,-1.0768417e-09,-0.001031965,3
144784000,144784000,0.6914101,0.052949324,0.038951077,0.719466,0.99999946,9.313226e-10,-1.0768417e-09,-0.001031965,3
145284000,145284000,0.693229,0.018296132,0.005548413,0.72046375,0.99999946,9.313226e-10,-1.0768417e-09,-0.001031965,3
145784000,145784000,0.6932423,-0.021241093,-0.032118384,0.71967524,0.99999946,9.313226e-10,-1.0768417e-09,-0.001031965,3
146284000,146284000,0.6916575,-0.052688237,-0.06208857,0.7176204,0.99999946,9.313226e-10,-1.0768417e-09,-0.001031965,3
146784000,146784000,0.69004726,-0.0704579,-0.07987073,0.71588486,0.99999946,9.313226e-10,-1.0768417e-09,-0.001031965,3
147284000,147284000,0.69009584,-0.07124704,-0.08161491,0.7155632,0.99999946,9.313226e-10,-1.0768417e-09,-0.001031965,3
147784000,147784000,0.6917362,-0.05460334,-0.06576231,0.7170738,0.99999946,9.313226e-10,-1.0768417e-09,-0.001031965,3
148280000,148280000,0.693538,-0.022954805,-0.036253247,0.71914107,0.99999946,9.313226e-10,-1.0768417e-09,-0.001031965,3
148784000,148784000,0.6937972,0.017290127,0.0016510924,0.71996105,0.99999946,9.313226e-10,-1.0768417e-09,-0.001031965,3
149284000,149284000,0.69200444,0.05174329,0.03617352,0.71912724,0.99999946,9.313226e-10,-1.0768417e-09,-0.001031965,3
149784000,149784000,0.68986845,0.07358079,0.057782635,0.717864,0.99999946,9.313226e-10,-1.0768417e-09,-0.001031965,3
150284000,150284000,0.68903375,0.079289325,0.0633437,0.71758854,0.99999946,9.313226e-10,-1.0768417e-09,-0.001031965,3
150784000,150784000,0.69020694,0.06644709,0.052213315,0.71866053,0.99999946,9.313226e-10,-1.0768417e-09,-0.001031965,3
151284000,151284000,0.6921899,0.03841269,0.02498153,0.72025937,0.99999946,9.313226e-10,-1.0768417e-09,-0.001031965,3
151784000,151784000,0.6933796,0.00060533267,-0.0127129285,0.72046024,0.99999946,9.313226e-10,-1.0768417e-09,-0.001031965,3
152284000,152284000,0.69257456,-0.036632843,-0.04807501,0.7188097,0.99999946,9.313226e-10,-1.0768417e-09,-0.001031965,3
152784000,152784000,0.6908803,-0.06316017,-0.07253247,0.71654326,0.99999946,9.313226e-10,-1.0768417e-09,-0.001031965,3
153284000,153284000,0.6899373,-0.073947765,-0.08302762,0.7152795,0.99999946,9.313226e-10,-1.0768417e-09,-0.001031965,3
153784000,153784000,0.69074744,-0.06654483,-0.07764364,0.7158291,0.99999946,9.313226e-10,-1.0768417e-09,-0.001031965,3
154284000,154284000,0.6927345,-0.041508928,-0.055146527,0.7178822,0.99999946,9.313226e-10,-1.0768417e-09,-0.001031965,3
154784000,154784000,0.69407576,-0.005675547,-0.01986275,0.71960557,0.99999946,9.313226e-10,-1.0768417e-09,-0.001031965,3
155284000,155284000,0.6933054,0.033247408,0.018480754,0.71963936,0.99999946,9.313226e-10,-1.0768417e-09,-0.001031965,3
155784000,155784000,0.69115627,0.06268525,0.04782066,0.71839184,0.99999946,9.313226e-10,-1.0768417e-09,-0.001031965,3
156284000,156284000,0.68944436,0.07751527,0.062453628,0.71746606,0.99999946,9.313226e-10,-1.0768417e-09,-0.001031965,3
156784000,156784000,0.68939465,0.07553209,0.061038043,0.717847,0.99999946,9.313226e-10,-1.0768417e-09,-0.001031965,3
157280000,157280000,0.6910549,0.05566464,0.04359458,0.71933585,0.99999946,9.313226e-10,-1.0768417e-09,-0.001031965,3
157784000,157780000,0.6929431,0.022458453,0.011710138,0.7205474,0.99999946,9.313226e-10,-1.0768417e-09,-0.001031965,3
158284000,158280000,0.6932251,-0.016834307,-0.026743058,0.7200281,0.99999946,9.313226e-10,-1.0768417e-09,-0.001031965,3
158784000,158780000,0.69187224,-0.04979829,-0.05858542,0.71791416,0.99999946,9.313226e-10,-1.0768417e-09,-0.001031965,3
159284000,159280000,0.6903079,-0.06990224,-0.07892596,0.71579283,0.99999946,9.313226e-10,-1.0768417e-09,-0.001031965,3
159784000,159780000,0.6900018,-0.07359321,-0.082780465,0.7152825,0.99999946,9.313226e-10,-1.0768417e-09,-0.001031965,3
160284000,160280000,0.69153965,-0.058139633,-0.06937986,0.7166444,0.99999946,9.313226e-10,-1.0768417e-09,-0.001031965,3
160784000,160784000,0.69352806,-0.027558722,-0.040734354,0.718749,0.99999946,9.313226e-10,-1.0768417e-09,-0.001031965,3
161284000,161284000,0.69400996,0.010152872,-0.0036501552,0.71988463,0.99999946,9.313226e-10,-1.0768417e-09,-0.001031965,3
161784000,161784000,0.692598,0.045061596,0.031397972,0.71922994,0.99999946,9.313226e-10,-1.0768417e-09,-0.001031965,3
162284000,162284000,0.6903897,0.07031878,0.055760514,0.7178496,0.99999946,9.313226e-10,-1.0768417e-09,-0.001031965,3
162784000,162784000,0.6892524,0.07794992,0.06325577,0.71753305,0.99999946,9.313226e-10,-1.0768417e-09,-0.001031965,3
163284000,163284000,0.690009,0.0687792,0.055024892,0.71842146,0.99999946,9.313226e-10,-1.0768417e-09,-0.001031965,3
163784000,163784000,0.69212663,0.042196516,0.03061181,0.7198911,0.99999946,9.313226e-10,-1.0768417e-09,-0.001031965,3
164280000,164280000,0.6935186,0.0043867,-0.004645527,0.72041047,0.99999946,9.313226e-10,-1.0768417e-09,-0.001031965,3
164784000,164784000,0.69270676,-0.03454477,-0.041845195,0.7191753,0.99999946,9.313226e-10,-1.0768417e-09,-0.001031965,3
165284000,165284000,0.69094074,-0.06144956,-0.069218636,0.71696144,0.99999946,9.313226e-10,-1.0768417e-09,-0.001031965,3
165784000,165784000,0.6897506,-0.07450909,-0.0822083,0.7154959,0.99999946,9.313226e-10,-1.0768417e-09,-0.001031965,3
166284000,166284000,0.6902128,-0.07101128,-0.078876115,0.7157809,0.99999946,9.313226e-10,-1.0768417e-09,-0.001031965,3
166784000,166784000,0.6921977,-0.04883874,-0.057613403,0.717745,0.99999946,9.313226e-10,-1.0768417e-09,-0.001031965,3
167284000,167284000,0.69390285,-0.0134084625,-0.024147145,0.7195388,0.99999946,9.313226e-10,-1.0768417e-09,-0.001031965,3
167784000,167784000,0.69345677,0.02608218,0.0133611,0.7199021,0.99999946,9.313226e-10,-1.0768417e-09,-0.001031965,3
168280000,168280000,0.6914989,0.057419676,0.044189785,0.71873474,0.99999946,9.313226e-10,-1.0768417e-09,-0.001031965,3
168784000,168784000,0.6897582,0.07515137,0.060846128,0.71755403,0.99999946,9.313226e-10,-1.0768417e-09,-0.001031965,3
169284000,169284000,0.6894464,0.07626511,0.063191175,0.71753347,0.99999946,9.313226e-10,-1.0768417e-09,-0.001031965,3
169780000,169780000,0.6910258,0.058917746,0.046935316,0.71889436,0.99999946,9.313226e-10,-1.0768417e-09,-0.001031965,3
170284000,170284000,0.69293284,0.02693385,0.016979435,0.7202988,0.99999946,9.313226e-10,-1.0768417e-09,-0.001031965,3
170784000,170784000,0.6933844,-0.012941281,-0.020194834,0.72016853,0.99999946,9.313226e-10,-1.0768417e-09,-0.001031965,3
171280000,171280000,0.6919954,-0.047380462,-0.054260585,0.7182989,0.99999946,9.313226e-10,-1.0768417e-09,-0.001031965,3
171784000,171784000,0.69029075,-0.06932233,-0.076655954,0.71611243,0.99999946,9.313226e-10,-1.0768417e-09,-0.001031965,3
172284000,172284000,0.6897137,-0.074806266,-0.083256684,0.7153792,0.99999946,9.313226e-10,-1.0768417e-09,-0.001031965,3
172784000,172784000,0.6910137,-0.063080646,-0.07212408,0.71646285,0.99999946,9.313226e-10,-1.0768417e-09,-0.001031965,3
173284000,173284000,0.6930845,-0.033975612,-0.0449456,0.7186512,0.99999946,9.313226e-10,-1.0768417e-09,-0.001031965,3
173784000,173784000,0.6940289,0.0041684923,-0.0076567857,0.7198944,0.99999946,9.313226e-10,-1.0768417e-09,-0.001031965,3
174284000,174284000,0.6926888,0.041787446,0.028974326,0.7194418,0.99999946,9.313226e-10,-1.0768417e-09,-0.001031965,3
174784000,174784000,0.6905589,0.06795698,0.05417785,0.7180355,0.99999946,9.313226e-10,-1.0768417e-09,-0.001031965,3
175284000,175284000,0.68915975,0.079323575,0.064416155,0.71736825,0.99999946,9.313226e-10,-1.0768417e-09,-0.001031965,3
175784000,175784000,0.6897049,0.07273834,0.058109544,0.7180805,0.99999946,9.313226e-10,-1.0768417e-09,-0.001031965,3
176284000,176284000,0.6917604,0.047644388,0.035894655,0.7196591,0.99999946,9.313226e-10,-1.0768417e-09,-0.001031965,3
176784000,176784000,0.6933446,0.011108503,0.00090069737,0.72052,0.99999946,9.313226e-10,-1.0768417e-09,-0.001031965,3
177284000,177284000,0.6929815,-0.028352918,-0.036864065,0.7194539,0.99999946,9.313226e-10,-1.0768417e-09,-0.001031965,3
177784000,177784000,0.69116366,-0.059141636,-0.066096045,0.71723527,0.99999946,9.313226e-10,-1.0768417e-09,-0.001031965,3
178284000,178284000,0.6896959,-0.074852504,-0.08157267,0.7155855,0.99999946,9.313226e-10,-1.0768417e-09,-0.001031965,3
178784000,178784000,0.6900831,-0.07248932,-0.080696724,0.71555483,0.99999946,9.313226e-10,-1.0768417e-09,-0.001031965,3
179284000,179284000,0.69198895,-0.051618066,-0.061578747,0.7174224,0.99999946,9.313226e-10,-1.0768417e-09,-0.001031965,3
179784000,179784000,0.69376576,-0.01866526,-0.029028447,0.7193734,0.99999946,9.313226e-10,-1.0768417e-09,-0.001031965,3
180284000,180284000,0.6937538,0.02084886,0.009705509,0.7198451,0.99999946,9.313226e-10,-1.0768417e-09,-0.001031965,3
180784000,180784000,0.69193316,0.053802434,0.041417558,0.71876174,0.99999946,9.313226e-10,-1.0768417e-09,-0.001031965,3
181284000,181284000,0.6899157,0.07409696,0.060657974,0.71752816,0.99999946,9.313226e-10,-1.0768417e-09,-0.001031965,3
181784000,181784000,0.6891391,0.07872262,0.06472476,0.71742654,0.99999946,9.313226e-10,-1.0768417e-09,-0.001031965,3
182284000,182284000,0.6904525,0.06503495,0.051005512,0.7186405,0.99999946,9.313226e-10,-1.0768417e-09,-0.001031965,3
182784000,182784000,0.69254386,0.034365863,0.021414936,0.7202385,0.99999946,9.313226e-10,-1.0768417e-09,-0.001031965,3
183284000,183284000,0.69345146,-0.0047603594,-0.015949521,0.72031116,0.99999946,9.313226e-10,-1.0768417e-09,-0.001031965,3
183784000,183784000,0.6923918,-0.04140723,-0.050704274,0.71854585,0.99999946,9.313226e-10,-1.0768417e-09,-0.001031965,3
184284000,184284000,0.6906249,-0.06692612,-0.07390459,0.71630746,0.99999946,9.313226e-10,-1.0768417e-09,-0.001031965,3
184784000,184784000,0.6898231,-0.07476515,-0.080455825,0.7155985,0.99999946,9.313226e-10,-1.0768417e-09,-0.001031965,3
185280000,185280000,0.6906958,-0.06577345,-0.0728346,0.7164554,0.99999946,9.313226e-10,-1.0768417e-09,-0.001031965,3
185780000,185780000,0.69286084,-0.03972456,-0.048462514,0.71834344,0.99999946,9.313226e-10,-1.0768417e-09,-0.001031965,3
186284000,186284000,0.6940353,-0.0016662338,-0.012308197,0.7198339,0.99999946,9.313226e-10,-1.0768417e-09,-0.001031965,3
186784000,186784000,0.69312155,0.03602843,0.02450949,0.71950245,0.99999946,9.313226e-10,-1.0768417e-09,-0.001031965,3
187280000,187280000,0.69098544,0.06400637,0.05153226,0.71818304,0.99999946,9.313226e-10,-1.0768417e-09,-0.001031965,3
187784000,187784000,0.6894346,0.077379525,0.06419807,0.7173361,0.99999946,9.313226e-10,-1.0768417e-09,-0.001031965,3
188280000,188280000,0.6895934,0.07408843,0.060675196,0.7178374,0.99999946,9.313226e-10,-1.0768417e-09,-0.001031965,3
188784000,188784000,0.6914773,0.051303543,0.039937824,0.71946657,0.99999946,9.313226e-10,-1.0768417e-09,-0.001031965,3
189284000,189284000,0.693307,0.01619697,0.006675628,0.7204294,0.99999946,9.313226e-10,-1.0768417e-09,-0.001031965,3
189784000,189784000,0.69314694,-0.024278201,-0.031178934,0.7197123,0.99999946,9.313226e-10,-1.0768417e-09,-0.001031965,3
190284000,190284000,0.69145954,-0.054621086,-0.061598238,0.7177088,0.99999946,9.313226e-10,-1.0768417e-09,-0.001031965,3
190780000,190780000,0.6900601,-0.071205445,-0.07846674,0.7159538,0.99999946,9.313226e-10,-1.0768417e-09,-0.001031965,3
191284000,191280000,0.6901121,-0.072255254,-0.079330504,0.7157033,0.99999946,9.313226e-10,-1.0768417e-09,-0.001031965,3
191784000,191780000,0.6916451,-0.056315634,-0.06421128,0.7171699,0.99999946,9.313226e-10,-1.0768417e-09,-0.001031965,3
192284000,192280000,0.6935285,-0.02508225,-0.034027122,0.7191879,0.99999946,9.313226e-10,-1.0768417e-09,-0.001031965,3
192784000,192780000,0.693906,0.015153603,0.004736283,0.7198906,0.99999946,9.313226e-10,-1.0768417e-09,-0.001031965,3
193284000,193280000,0.6922605,0.04893772,0.03818735,0.7189731,0.99999946,9.313226e-10,-1.0768417e-09,-0.001031965,3
193784000,193780000,0.6901246,0.071741365,0.061306667,0.7175115,0.99999946,9.313226e-10,-1.0768417e-09,-0.001031965,3
194284000,194280000,0.68918943,0.07841806,0.06811446,0.7170976,0.99999946,9.313226e-10,-1.0768417e-09,-0.001031965,3
194784000,194780000,0.69023365,0.06688109,0.05649611,0.7182706,0.99999946,9.313226e-10,-1.0768417e-09,-0.001031965,3
195284000,195280000,0.69232225,0.039310038,0.029672798,0.7199057,0.99999946,9.313226e-10,-1.0768417e-09,-0.001031965,3
195784000,195780000,0.6934978,0.0006063543,-0.007537799,0.72041917,0.99999946,9.313226e-10,-1.0768417e-09,-0.001031965,3
196284000,196280000,0.69262505,-0.037413474,-0.044208646,0.71896905,0.99999946,9.313226e-10,-1.0768417e-09,-0.001031965,3
196780000,196776000,0.6908454,-0.06368948,-0.06894618,0.7168841,0.99999946,9.313226e-10,-1.0768417e-09,-0.001031965,3
197284000,197280000,0.689782,-0.074717455,-0.079430476,0.71575755,0.99999946,9.313226e-10,-1.0768417e-09,-0.001031965,3
197784000,197780000,0.69046646,-0.06829556,-0.072923325,0.7164315,0.99999946,9.313226e-10,-1.0768417e-09,-0.001031965,3
198284000,198280000,0.6925452,-0.044717316,-0.050760265,0.7181957,0.99999946,9.313226e-10,-1.0768417e-09,-0.001031965,3
198784000,198780000,0.694086,-0.007763021,-0.016288286,0.71966594,0.99999946,9.313226e-10,-1.0768417e-09,-0.001031965,3
199284000,199280000,0.69340676,0.031235877,0.021264225,0.7195549,0.99999946,9.313226e-10,-1.0768417e-09,-0.001031965,3
199780000,199776000,0.69128335,0.061362255,0.05003822,0.71823275,0.99999946,9.313226e-10,-1.0768417e-09,-0.001031965,3
200280000,200276000,0.6894439,0.07783189,0.06535138,0.717174,0.99999946,9.313226e-10,-1.0768417e-09,-0.001031965,3
200784000,200784000,0.68933433,0.07655067,0.06477649,0.7174694,0.99999946,9.313226e-10,-1.0768417e-09,-0.001031965,3
201284000,201284000,0.69103795,0.05656081,0.046123486,0.71912456,0.99999946,9.313226e-10,-1.0768417e-09,-0.001031965,3
201784000,201784000,0.69302374,0.022707278,0.014425721,0.72041273,0.99999946,9.313226e-10,-1.0768417e-09,-0.001031965,3
202280000,202280000,0.6933043,-0.017249592,-0.02370494,0.7200485,0.99999946,9.313226e-10,-1.0768417e-09,-0.001031965,3
202784000,202784000,0.6918342,-0.05057184,-0.05519053,0.71816576,0.99999946,9.313226e-10,-1.0768417e-09,-0.001031965,3
203284000,203284000,0.6902705,-0.06971571,-0.07471175,0.7162992,0.99999946,9.313226e-10,-1.0768417e-09,-0.001031965,3
203784000,203784000,0.6900171,-0.07301008,-0.079308435,0.7157207,0.99999946,9.313226e-10,-1.0768417e-09,-0.001031965,3
204280000,204280000,0.6915251,-0.058812313,-0.06557995,0.71696126,0.99999946,9.313226e-10,-1.0768417e-09,-0.001031965,3
204784000,204784000,0.6933982,-0.029158298,-0.037049655,0.71901053,0.99999946,9.313226e-10,-1.0768417e-09,-0.001031965,3
205284000,205284000,0.6940199,0.0093572,0.0009216405,0.71989447,0.99999946,9.313226e-10,-1.0768417e-09,-0.001031965,3
205784000,205784000,0.69254875,0.04507695,0.035593126,0.71908104,0.99999946,9.313226e-10,-1.0768417e-09,-0.001031965,3
206284000,206284000,0.6903345,0.07052718,0.060085453,0.71753323,0.99999946,9.313226e-10,-1.0768417e-09,-0.001031965,3
206784000,206784000,0.6892668,0.078495584,0.06799516,0.7170261,0.99999946,9.313226e-10,-1.0768417e-09,-0.001031965,3
207284000,207284000,0.69010496,0.069502346,0.059251197,0.71792334,0.99999946,9.313226e-10,-1.0768417e-09,-0.001031965,3
207784000,207784000,0.67534906,0.046413783,0.036823086,0.73511463,0.99999946,9.313226e-10,-1.0768417e-09,-0.001031965,3
208284000,208284000,0.66609114,0.009742035,0.001507484,0.7458052,0.99999946,9.313226e-10,-1.0768417e-09,-0.001031965,3
208784000,208784000,0.6653284,-0.02967586,-0.033997554,0.7451857,0.99999946,9.313226e-10,-1.0768417e-09,-0.001031965,3
209284000,209284000,0.66320884,-0.061853457,-0.062493302,0.7432515,0.99999946,9.313226e-10,-1.0768417e-09,-0.001031965,3
209784000,209784000,0.66163665,-0.07830335,-0.07598663,0.74184334,0.99999946,9.313226e-10,-1.0768417e-09,-0.001031965,3
210284000,210284000,0.66193277,-0.075192764,-0.07352898,0.74214864,0.99999946,9.313226e-10,-1.0768417e-09,-0.001031965,3
210784000,210784000,0.6640379,-0.052967094,-0.053785563,0.74387854,0.99999946,9.313226e-10,-1.0768417e-09,-0.001031965,3
211284000,211284000,0.6659772,-0.016572777,-0.021387689,0.7454813,0.99999946,9.313226e-10,-1.0768417e-09,-0.001031965,3
211780000,211780000,0.6660093,0.02371683,0.015423876,0.74540675,0.99999946,9.313226e-10,-1.0768417e-09,-0.001031965,3
212284000,212284000,0.66382396,0.05951073,0.046471596,0.74406767,0.99999946,9.313226e-10,-1.0768417e-09,-0.001031965,3
212784000,212784000,0.6615196,0.0803462,0.06516669,0.74275815,0.99999946,9.313226e-10,-1.0768417e-09,-0.001031965,3
213284000,213284000,0.66104776,0.081801064,0.06637895,0.74291205,0.99999946,9.313226e-10,-1.0768417e-09,-0.001031965,3
213780000,213780000,0.6626509,0.065297954,0.051147524,0.74432117,0.99999946,9.313226e-10,-1.0768417e-09,-0.001031965,3
214284000,214284000,0.6649898,0.032436084,0.021479266,0.7458385,0.99999946,9.313226e-10,-1.0768417e-09,-0.001031965,3
214780000,214780000,0.6658385,-0.007430231,-0.0141154425,0.7459254,0.99999946,9.313226e-10,-1.0768417e-09,-0.001031965,3
215284000,215284000,0.6646432,-0.04618662,-0.047167607,0.74423885,0.99999946,9.313226e-10,-1.0768417e-09,-0.001031965,3
215784000,215780000,0.66246647,-0.07164168,-0.07034832,0.742332,0.99999946,9.313226e-10,-1.0768417e-09,-0.001031965,3
216284000,216280000,0.6653697,-0.015295036,-0.028054472,0.7458299,0.99999946,9.313226e-10,-1.0768417e-09,-0.001031965,3
216784000,216780000,0.6600482,-0.08478079,-0.10565193,0.7389089,0.99999946,9.313226e-10,-1.0768417e-09,-0.001031965,3
217284000,217280000,0.65141505,-0.13680774,-0.16347577,0.7281606,0.99999946,9.313226e-10,-1.0768417e-09,-0.001031965,3
217784000,217780000,0.6717405,-0.25070882,-0.2424314,0.6535571,0.99999946,9.313226e-10,-1.0768417e-09,-0.001031965,3
218284000,218280000,0.8984787,-0.14758961,-0.101165846,0.40089765,0.99999946,9.313226e-10,-1.0768417e-09,-0.001031965,3
218780000,218776000,0.9099413,-0.03408912,-0.042629436,0.41112947,0.99999946,9.313226e-10,-1.0768417e-09,-0.001031965,3
219284000,219280000,0.9116621,0.003072681,-4.40807e-05,0.4109294,0.99999946,9.313226e-10,-1.0768417e-09,-0.001031965,3
219784000,219780000,0.911896,0.0023497825,0.0031796766,0.41040218,0.99999946,9.313226e-10,-1.0768417e-09,-0.001031965,3
220284000,220280000,0.9112441,0.0022385423,0.0006636895,0.4118601,0.99999946,9.313226e-10,-1.0768417e-09,-0.001031965,3
220784000,220780000,0.91137046,0.0021226092,-0.0024692062,0.41157436,0.99999946,9.313226e-10,-1.0768417e-09,-0.001031965,3
221284000,221280000,0.911095,0.002256656,-0.0026801159,0.41218176,0.99999946,9.313226e-10,-1.0768417e-09,-0.001031965,3
221784000,221780000,0.91094446,0.002326816,-0.002849153,0.4125128,0.99999946,9.313226e-10,-1.0768417e-09,-0.001031965,3
222280000,222276000,0.9105591,0.0024339943,-0.0028081401,0.4133623,0.99999946,9.313226e-10,-1.0768417e-09,-0.001031965,3
222780000,222776000,0.91059,0.0025823324,-0.0026451175,0.4132944,0.99999946,9.313226e-10,-1.0768417e-09,-0.001031965,3
