timestamp,timestamp_sample,accel_device_id,gyro_device_id,delta_angle[0],delta_angle[1],delta_angle[2],delta_velocity[0],delta_velocity[1],delta_velocity[2],delta_angle_dt,delta_velocity_dt,delta_velocity_clipping,accel_calibration_count,gyro_calibration_count
8472000,8472000,1310988,1310988,4.2610654e-06,-2.130529e-05,-5.3263175e-06,-0.0006943185,0.00076614524,-0.039671928,4000,4000,0,0,0
8972000,8972000,1310988,1310988,-9.587404e-06,-2.8762137e-05,5.3263147e-06,-0.0008810663,0.0006464352,-0.039743755,4000,4000,0,0,0
9472000,9472000,1310988,1310988,-4.2610463e-06,-2.556635e-05,-1.4913708e-05,-0.00062728085,0.00062249316,-0.039705448,4000,4000,0,0,0
9972000,9972000,1310988,1310988,-8.522115e-06,-2.4501087e-05,-6.3915827e-06,-0.00077572133,0.00069431926,-0.039695863,4000,4000,0,0,0
10472000,10472000,1310988,1310988,-5.326307e-06,-1.9174766e-05,-1.4913702e-05,-0.0008858547,0.0006560121,-0.03967672,4000,4000,0,0,0
10972000,10972000,1310988,1310988,-6.3915727e-06,-1.704424e-05,3.1957977e-06,-0.00064643443,0.0007422033,-0.03975812,4000,4000,0,0,0
11472000,11472000,1310988,1310988,-8.522112e-06,-7.4568575e-06,5.3181293e-13,-0.0008044519,0.0006703773,-0.03969108,4000,4000,0,0,0
11972000,11972000,1310988,1310988,-3.1957948e-06,-2.2370557e-05,-3.1957954e-06,-0.0006991069,0.0007086845,-0.03963841,4000,4000,0,0,0
12472000,12472000,1310988,1310988,1.0652655e-05,-2.130529e-05,-9.58737e-06,-0.00063685764,0.00063206995,-0.03978685,4000,4000,0,0,0
12972000,12972000,1310988,1310988,-7.4568484e-06,-2.024003e-05,-5.32631e-06,-0.00062728085,0.00060812803,-0.039671928,4000,4000,0,0,0
13472000,13472000,1310988,1310988,9.2678005e-05,-1.3848468e-05,5.3263734e-06,-0.000746991,0.00065601204,-0.040251326,4000,4000,0,0,0
13972000,13972000,1310988,1310988,-0.0001523328,-0.0003621899,1.91749e-05,-0.00058897375,0.00052672514,-0.04195121,4000,4000,0,0,0
14472000,14472000,1310988,1310988,-8.202529e-05,-0.00011824442,8.522139e-06,-0.00028730422,0.00053630193,-0.04161602,4000,4000,0,0,0
14972000,14972000,1310988,1310988,-2.5566342e-05,-2.9827419e-05,1.2783165e-05,-0.0004261679,0.00060812803,-0.041132387,4000,4000,0,0,0
15472000,15472000,1310988,1310988,-4.2610304e-06,-1.3848447e-05,1.2783175e-05,-0.00057939684,0.0005793976,-0.04082593,4000,4000,0,0,0
15972000,15972000,1310988,1310988,-1.8109531e-05,2.3435807e-05,2.024001e-05,-0.00060333894,0.00059376284,-0.040581726,4000,4000,0,0,0
16472000,16472000,1310988,1310988,-2.5566347e-05,5.326347e-06,2.0240022e-05,-0.00064643443,0.0005267252,-0.040361457,4000,4000,0,0,0
16972000,16972000,1310988,1310988,-5.0067392e-05,-8.309065e-05,9.587451e-06,-0.00073262583,0.00065601204,-0.040117245,4000,4000,0,0,0
17472000,17472000,1310988,1310988,-1.2783175e-05,-7.456851e-05,6.391599e-06,-0.00071347214,0.00076614524,-0.04012204,4000,4000,0,0,0
17972000,17972000,1310988,1310988,2.2370554e-05,1.7044258e-05,1.491368e-05,-0.0008571242,0.00080445263,-0.03989219,4000,4000,0,0,0
18472000,18472000,1310988,1310988,1.278317e-05,-2.4501105e-05,1.9174739e-05,-0.0008906431,0.0007852989,-0.03973896,4000,4000,0,0,0
18972000,18972000,1310988,1310988,1.0652651e-05,-1.065263e-05,1.704424e-05,-0.0008044519,0.0008283946,-0.039700653,4000,4000,0,0,0
19472000,19472000,1310988,1310988,-1.1717904e-05,-1.704424e-05,5.326319e-06,-0.00077093294,0.0006751657,-0.039815575,4000,4000,0,0,0
19972000,19972000,1310988,1310988,-4.1545314e-05,-2.9827399e-05,6.3916427e-06,-0.00072783744,0.00068474235,-0.033911478,4000,4000,0,0,0
20472000,20472000,1310988,1310988,2.2370541e-05,-4.3675853e-05,1.0652716e-06,-0.00069910695,0.00062728144,-0.035592202,4000,4000,0,0,0
20972000,20972000,1310988,1310988,-7.4568634e-06,1.2783166e-05,-6.3915904e-06,-0.00070389535,0.0005458787,-0.039432503,4000,4000,0,0,0
21472000,21472000,1310988,1310988,0.0014381072,-7.456469e-06,4.4111342e-10,-0.0005506664,0.00049799465,-0.03923139,4000,4000,0,0,0
21972000,21972000,1310988,1310988,0.000543285,-3.302313e-05,-7.457064e-06,-0.0005650316,-9.0978974e-05,-0.039992746,4000,4000,0,0,0
22472000,22472000,1310988,1310988,0.00016511598,1.3848439e-05,5.3263802e-06,-0.00062249246,-0.0011444278,-0.040892974,4000,4000,0,0,0
22972000,22972000,1310988,1310988,-0.00017363811,1.5978969e-05,1.0653923e-06,-0.00062728085,-0.002274491,-0.041299988,4000,4000,0,0,0
23472000,23472000,1310988,1310988,-0.00051771855,-7.456625e-06,1.3848851e-05,-0.00062728085,-0.0028969839,-0.038575385,4000,4000,0,0,0
23972000,23972000,1310988,1310988,-0.0007446199,-2.1305092e-05,7.4569216e-06,-0.00060812733,-0.0032273836,-0.038034294,4000,4000,0,0,0
24472000,24472000,1310988,1310988,-0.0008511463,-5.219819e-05,-1.1717747e-05,-0.0004788404,-0.0028538879,-0.038862683,4000,4000,0,0,0
24972000,24972000,1310988,1310988,-0.0006679209,-2.2370143e-05,-1.0652591e-06,-0.00044053316,-0.0018531115,-0.03963841,4000,4000,0,0,0
25472000,25472000,1310988,1310988,-0.0003685816,-5.7524147e-05,-1.2783239e-05,-0.00060333894,-0.0005841846,-0.040366247,4000,4000,0,0,0
25972000,25972000,1310988,1310988,2.7696884e-05,-7.563379e-05,-1.704423e-05,-0.00047884037,0.0006751657,-0.040375818,4000,4000,0,0,0
26472000,26472000,1310988,1310988,0.0004261058,-0.00010120016,4.2615084e-06,-0.00066079973,0.001733403,-0.039949656,4000,4000,0,0,0
26972000,26972000,1310988,1310988,0.00068176934,-9.054694e-05,5.3255308e-06,-0.00059855054,0.0025139125,-0.039446875,4000,4000,0,0,0
27472000,27472000,1310988,1310988,0.0008021443,1.0655223e-06,3.7284397e-05,-0.00068953016,0.002456452,-0.039628834,4000,4000,0,0,0
27972000,27972000,1310988,1310988,0.0006817693,4.261046e-05,-3.1952409e-06,-0.000914585,0.0015801741,-0.0398874,4000,4000,0,0,0
28472000,28472000,1310988,1310988,0.00044847644,3.1957825e-05,1.1717608e-05,-0.0009576808,0.00045489907,-0.040136404,4000,4000,0,0,0
28972000,28972000,1310988,1310988,6.9242196e-05,2.237058e-05,-1.2783147e-05,-0.0009433156,-0.00082360476,-0.03995923,4000,4000,0,0,0
29472000,29472000,1310988,1310988,-0.00032916677,1.7044407e-05,9.587241e-06,-0.00090500835,-0.0019105725,-0.039949656,4000,4000,0,0,0
29972000,29972000,1310988,1310988,-0.0006572683,-2.1305297e-05,7.4571226e-06,-0.0008667011,-0.002686294,-0.039571367,4000,4000,0,0,0
30472000,30472000,1310988,1310988,-0.0008127969,-2.2371421e-05,4.260553e-06,-0.00072304904,-0.0026671404,-0.039509118,4000,4000,0,0,0
30972000,30972000,1310988,1310988,-0.00076486,-3.941506e-05,1.3848031e-05,-0.0006703766,-0.0021882998,-0.039451662,4000,4000,0,0,0
31472000,31472000,1310988,1310988,-0.0005379585,-5.645921e-05,5.326309e-06,-0.00051235914,-0.0010342945,-0.04024175,4000,4000,0,0,0
31972000,31972000,1310988,1310988,-0.00017896443,-5.3263335e-05,-1.7044194e-05,-0.00070389535,0.00032082375,-0.040332723,4000,4000,0,0,0
32472000,32472000,1310988,1310988,0.00018002976,-3.728407e-05,-1.91747e-05,-0.00062249246,0.001484406,-0.03989219,4000,4000,0,0,0
32972000,32972000,1310988,1310988,0.00054435025,-3.3023487e-05,-1.2783091e-05,-0.00076614454,0.0023894145,-0.03963841,4000,4000,0,0,0
33472000,33472000,1310988,1310988,0.0007605988,-4.3676315e-05,5.3264603e-06,-0.0008092403,0.0027485446,-0.039403778,4000,4000,0,0,0
33972000,33972000,1310988,1310988,0.00075953355,-1.5979167e-05,7.4559807e-06,-0.00073262583,0.002327165,-0.039542638,4000,4000,0,0,0
34472000,34472000,1310988,1310988,0.00058056915,2.450103e-05,2.1307642e-06,-0.00090021995,0.0012449856,-0.04004063,4000,4000,0,0,0
34972000,34972000,1310988,1310988,0.00029614358,1.4913703e-05,2.130854e-06,-0.0009097967,0.00016280642,-0.040031053,4000,4000,0,0,0
35472000,35472000,1310988,1310988,-0.00011398331,-2.1305023e-06,6.391536e-06,-0.0008523358,-0.0011683699,-0.04018428,4000,4000,0,0,0
35972000,35972000,1310988,1310988,-0.0004538027,-3.1960415e-06,1.5978565e-05,-0.0008714895,-0.0022601257,-0.03973896,4000,4000,0,0,0
36472000,36472000,1310988,1310988,-0.0007265104,-5.3263266e-06,2.1305676e-05,-0.0007852982,-0.0027006592,-0.039346315,4000,4000,0,0,0
36972000,36972000,1310988,1310988,-0.0008064052,-2.5565349e-05,1.8110144e-05,-0.0007948751,-0.002561795,-0.039240967,4000,4000,0,0,0
37472000,37472000,1310988,1310988,-0.00068496505,-4.9002585e-05,-1.4914218e-05,-0.000675165,-0.0017573435,-0.039810784,4000,4000,0,0,0
37972000,37972000,1310988,1310988,-0.00039201733,-5.1132836e-05,-5.3263416e-06,-0.0006512228,-0.00048362813,-0.040078934,4000,4000,0,0,0
38472000,38472000,1310988,1310988,-4.4741108e-05,-2.4501116e-05,-1.8109473e-05,-0.00072304904,0.0007757221,-0.039997537,4000,4000,0,0,0
38972000,38972000,1310988,1310988,0.00035153734,-1.8109435e-05,-2.5566329e-05,-0.00059855054,0.0021883012,-0.039710235,4000,4000,0,0,0
39472000,39472000,1310988,1310988,0.00066579034,-3.7284022e-05,-4.569303e-10,-0.00086191273,0.0028538893,-0.039494753,4000,4000,0,0,0
39972000,39972000,1310988,1310988,0.0007744473,-1.9174904e-05,6.391704e-06,-0.0007565678,0.0027485446,-0.039322373,4000,4000,0,0,0
40472000,40472000,1310988,1310988,0.00074888096,-8.522266e-06,1.49139605e-05,-0.0008667011,0.0020973217,-0.03936547,4000,4000,0,0,0
40972000,40972000,1310988,1310988,0.0005091964,-7.456944e-06,-3.1957456e-06,-0.0008810663,0.0007709337,-0.03992571,4000,4000,0,0,0
41472000,41472000,1310988,1310988,0.00014168018,2.1304413e-06,4.260958e-06,-0.0010199299,-0.00027772674,-0.040050216,4000,4000,0,0,0
41972000,41972000,1310988,1310988,-0.0002716425,-6.3917764e-06,-8.5222155e-06,-0.0008044519,-0.0015945378,-0.039748542,4000,4000,0,0,0
42472000,42472000,1310988,1310988,-0.0005933524,-1.2783174e-05,7.457224e-06,-0.00086191273,-0.002413355,-0.039360676,4000,4000,0,0,0
42972000,42972000,1310988,1310988,-0.00078083895,-1.4913869e-05,2.4501276e-05,-0.00072304904,-0.0025905254,-0.039054215,4000,4000,0,0,0
43472000,43472000,1310988,1310988,-0.0007744472,-1.917435e-05,8.52177e-06,-0.00069910695,-0.002116474,-0.039284065,4000,4000,0,0,0
43972000,43972000,1310988,1310988,-0.00055074174,-4.2610533e-05,2.1306037e-06,-0.00076614454,-0.0011683699,-0.03987304,4000,4000,0,0,0
44472000,44472000,1310988,1310988,-0.00024714138,-1.7044169e-05,3.1959032e-06,-0.0006799534,0.0002633629,-0.03992571,4000,4000,0,0,0
44972000,44972000,1310988,1310988,0.00012463596,-2.6631602e-05,-1.0652579e-05,-0.00073262583,0.0014460988,-0.039695866,4000,4000,0,0,0
45472000,45472000,1310988,1310988,0.0005155881,-4.261062e-05,6.39199e-06,-0.0006847418,0.0025282777,-0.03947081,4000,4000,0,0,0
45972000,45972000,1310988,1310988,0.0007446199,-1.9174893e-05,-6.391324e-06,-0.00090021995,0.002729391,-0.039178725,4000,4000,0,0,0
46472000,46472000,1310988,1310988,0.0008000138,-1.0652361e-05,-1.0654172e-06,-0.000746991,0.0025617965,-0.039082948,4000,4000,0,0,0
46972000,46972000,1310988,1310988,0.0006263756,7.4572376e-06,4.2607317e-06,-0.0008762779,0.0016089045,-0.03962404,4000,4000,0,0,0
47472000,47472000,1310988,1310988,0.00031212252,-1.4913677e-05,2.1303827e-06,-0.0008906431,0.0003782846,-0.040093306,4000,4000,0,0,0
47972000,47972000,1310988,1310988,-3.9414786e-05,-1.0652642e-05,-3.195796e-06,-0.00084754743,-0.0009864104,-0.039925706,4000,4000,0,0,0
48472000,48472000,1310988,1310988,-0.00043569322,-2.2370554e-05,8.522203e-06,-0.00071347214,-0.0019919751,-0.039576158,4000,4000,0,0,0
48972000,48972000,1310988,1310988,-0.00071053137,-3.1957964e-06,1.27831745e-05,-0.0007805098,-0.0025522183,-0.039331954,4000,4000,0,0,0
49472000,49472000,1310988,1310988,-0.0007851,-9.587448e-06,1.1717912e-05,-0.0006129157,-0.0024037783,-0.039221816,4000,4000,0,0,0
49972000,49972000,1310988,1310988,-0.00069987884,-2.6631427e-05,-1.0654081e-06,-0.00064164604,-0.0016998826,-0.039375048,4000,4000,0,0,0
50472000,50472000,1310988,1310988,-0.0004452806,-1.2783054e-05,-1.4914021e-05,-0.000746991,-0.00053151214,-0.039853882,4000,4000,0,0,0
50972000,50972000,1310988,1310988,-8.202538e-05,-2.7696915e-05,-2.8762111e-05,-0.0008667011,0.0008283946,-0.0396432,4000,4000,0,0,0
51472000,51472000,1310988,1310988,0.0003238404,-2.9827586e-05,-1.5978781e-05,-0.0006512228,0.0019297275,-0.039494753,4000,4000,0,0,0
51972000,51972000,1310988,1310988,0.0006306366,-2.769699e-05,-1.0655252e-06,-0.00072304904,0.0026767186,-0.039288856,4000,4000,0,0,0
52472000,52472000,1310988,1310988,0.0007819042,-6.3915872e-06,-3.1954473e-06,-0.00077093294,0.00279164,-0.038953666,4000,4000,0,0,0
52972000,52972000,1310988,1310988,0.00073290203,-9.587184e-06,-3.1957338e-06,-0.0010103531,0.0021930896,-0.03916914,4000,4000,0,0,0
53472000,53472000,1310988,1310988,0.0005091964,-1.3848079e-05,-4.2609627e-06,-0.0009337388,0.0012689276,-0.039978385,4000,4000,0,0,0
53972000,53972000,1310988,1310988,0.00014168018,-3.1958486e-06,1.2783211e-05,-0.0007852982,-0.00015322823,-0.039834734,4000,4000,0,0,0
54472000,54472000,1310988,1310988,-0.00020879183,-1.0652681e-05,-2.130573e-06,-0.00084754743,-0.0014365204,-0.039767694,4000,4000,0,0,0
54972000,54972000,1310988,1310988,-0.00052943657,-2.7696784e-05,-1.0647382e-06,-0.0007805097,-0.0022936447,-0.039279275,4000,4000,0,0,0
55472000,55472000,1310988,1310988,-0.00076805573,-4.04804e-05,1.1718903e-05,-0.0008523358,-0.0024947575,-0.039020706,4000,4000,0,0,0
55972000,55972000,1310988,1310988,-0.00082238414,-3.1957712e-05,-8.5209585e-06,-0.00086191273,-0.002389413,-0.039063804,4000,4000,0,0,0
56472000,56472000,1310988,1310988,-0.0005965481,-2.8761931e-05,3.4532496e-10,-0.00070389535,-0.001192312,-0.039451662,4000,4000,0,0,0
56972000,56972000,1310988,1310988,-0.00029188246,-2.1305133e-05,1.0651314e-06,-0.0007852982,-0.0001244978,-0.0396432,4000,4000,0,0,0
57472000,57472000,1310988,1310988,0.00012676648,-1.1717932e-05,1.0653258e-06,-0.0007805097,0.0012689276,-0.0398874,4000,4000,0,0,0
57972000,57972000,1310988,1310988,0.00046445537,-4.687156e-05,-1.5979458e-05,-0.00084275904,0.002346319,-0.039327163,4000,4000,0,0,0
58472000,58472000,1310988,1310988,0.00072864094,-6.3918465e-06,5.3267104e-06,-0.00092416187,0.002494759,-0.03886747,4000,4000,0,0,0
58972000,58972000,1310988,1310988,0.00082664535,-2.3435452e-05,1.0654759e-06,-0.0007805097,0.002456452,-0.038881842,4000,4000,0,0,0
59472000,59472000,1310988,1310988,0.0006902915,-2.237068e-05,5.326876e-06,-0.000746991,0.0015801741,-0.039485183,4000,4000,0,0,0
59972000,59972000,1310988,1310988,0.00038775627,3.1960292e-06,-5.3262575e-06,-0.0008571242,0.00038307297,-0.040031053,4000,4000,0,0,0
60472000,60472000,1310988,1310988,4.261053e-06,-6.3915877e-06,-5.3263266e-06,-0.0008858547,-0.0007948743,-0.039609674,4000,4000,0,0,0
60972000,60972000,1310988,1310988,-0.00039201736,-1.0652715e-05,3.195864e-06,-0.0006129157,-0.0019393029,-0.039264914,4000,4000,0,0,0
61472000,61472000,1310988,1310988,-0.0006753778,-2.6631735e-05,1.0653004e-06,-0.0007517794,-0.002513911,-0.039154775,4000,4000,0,0,0
61972000,61972000,1310988,1310988,-0.00078296947,-2.1305705e-05,-7.4570667e-06,-0.00077093294,-0.0026958708,-0.039217032,4000,4000,0,0,0
62472000,62472000,1310988,1310988,-0.0007265104,-3.4088283e-05,-1.27827025e-05,-0.0007900865,-0.002073378,-0.039149992,4000,4000,0,0,0
62972000,62972000,1310988,1310988,-0.0004569985,-3.621941e-05,-1.5978865e-05,-0.00072304904,-0.00077572063,-0.039695863,4000,4000,0,0,0
63472000,63472000,1310988,1310988,-0.00013422333,-5.2197916e-05,-4.261038e-06,-0.00073741423,0.00052193674,-0.03993529,4000,4000,0,0,0
63972000,63972000,1310988,1310988,0.00027057718,-2.5566233e-05,-6.391531e-06,-0.00070868374,0.0017621333,-0.039427716,4000,4000,0,0,0
64472000,64472000,1310988,1310988,0.0005912219,-2.8762457e-05,7.4571662e-06,-0.0008188171,0.0025761616,-0.0391452,4000,4000,0,0,0
64972000,64972000,1310988,1310988,0.00075207686,-9.587781e-06,1.49130365e-05,-0.00062249246,0.0026910838,-0.039121255,4000,4000,0,0,0
65472000,65472000,1310988,1310988,0.0007531421,-3.195459e-06,3.195928e-06,-0.00089064316,0.002245762,-0.03925534,4000,4000,0,0,0
65972000,65972000,1310988,1310988,0.00055393757,-4.261153e-06,5.3267195e-06,-0.0008571242,0.0011779482,-0.039724596,4000,4000,0,0,0
66472000,66472000,1310988,1310988,0.00019920449,-2.663154e-05,-1.0651979e-06,-0.00068953016,-9.576738e-05,-0.039882615,4000,4000,0,0,0
66972000,66972000,1310988,1310988,-0.00016298548,-1.1717898e-05,7.4567615e-06,-0.00073262583,-0.0013694828,-0.039796427,4000,4000,0,0,0
67472000,67472000,1310988,1310988,-0.000535828,-2.1304356e-06,6.3911116e-06,-0.00063206925,-0.0022792793,-0.03936068,4000,4000,0,0,0
67972000,67972000,1310988,1310988,-0.0007776431,-1.5978829e-05,1.064564e-06,-0.0007852981,-0.0026336217,-0.0391452,4000,4000,0,0,0
68472000,68472000,1310988,1310988,-0.0008362326,-5.0067876e-05,-5.3258873e-06,-0.00065601134,-0.0023989899,-0.039106894,4000,4000,0,0,0
68972000,68972000,1310988,1310988,-0.0006593988,-4.3675434e-05,-1.0651135e-06,-0.0005506664,-0.001312022,-0.039719813,4000,4000,0,0,0
69472000,69472000,1310988,1310988,-0.00031212246,-5.0067818e-05,-2.5566202e-05,-0.00061770406,-0.0001292862,-0.039987963,4000,4000,0,0,0
69972000,69972000,1310988,1310988,6.0720075e-05,-4.1545325e-05,-1.1717913e-05,-0.0007565678,0.0011013335,-0.039695866,4000,4000,0,0,0
70472000,70472000,1310988,1310988,0.0004538027,-3.1957818e-05,-5.326145e-06,-0.0007805098,0.002197878,-0.0396432,4000,4000,0,0,0
70972000,70972000,1310988,1310988,0.00069029146,-3.3023756e-05,1.6860163e-10,-0.0008906431,0.0026048925,-0.039011125,4000,4000,0,0,0
71472000,71472000,1310988,1310988,0.0008127969,-7.4565596e-06,4.2616425e-06,-0.0007517794,0.002633623,-0.038996764,4000,4000,0,0,0
71972000,71972000,1310988,1310988,0.00070627045,1.9174642e-05,5.327308e-06,-0.00093373883,0.0017812869,-0.039451662,4000,4000,0,0,0
72472000,72472000,1310988,1310988,0.0004303669,7.456661e-06,-9.587227e-06,-0.0007996635,0.0005602439,-0.039844308,4000,4000,0,0,0
72972000,72972000,1310988,1310988,6.8176945e-05,-9.587334e-06,-4.2610777e-06,-0.00084275904,-0.00062728015,-0.03975812,4000,4000,0,0,0
73472000,73472000,1310988,1310988,-0.00036432047,-1.5979129e-05,2.130754e-06,-0.00076614454,-0.0018052275,-0.03964798,4000,4000,0,0,0
73972000,73972000,1310988,1310988,-0.00064874603,-9.587669e-06,-1.0652003e-06,-0.0007900865,-0.0024181434,-0.03930322,4000,4000,0,0,0
74472000,74472000,1310988,1310988,-0.00080320943,-1.3848796e-05,4.2611264e-06,-0.00059855054,-0.0024803923,-0.039130833,4000,4000,0,0,0
74972000,74972000,1310988,1310988,-0.0007584683,-2.1305359e-05,-3.1958634e-06,-0.000675165,-0.0019153609,-0.039169136,4000,4000,0,0,0
75472000,75472000,1310988,1310988,-0.0004889564,-2.3435861e-05,2.1304957e-06,-0.00080924033,-0.0008906424,-0.039657556,4000,4000,0,0,0
75972000,75972000,1310988,1310988,-0.0001747034,-3.195789e-05,-1.0651283e-06,-0.00062249246,0.00060333963,-0.039853882,4000,4000,0,0,0
76472000,76472000,1310988,1310988,0.00021731395,-4.7936923e-05,-4.2611127e-06,-0.00072304904,0.0017908637,-0.039547425,4000,4000,0,0,0
76972000,76972000,1310988,1310988,0.0005496765,-3.5153833e-05,-3.1963032e-06,-0.00076614454,0.0025522197,-0.039384622,4000,4000,0,0,0
77472000,77472000,1310988,1310988,0.00075740303,-5.326658e-06,2.1306648e-06,-0.0007852981,0.0026384115,-0.03896324,4000,4000,0,0,0
77972000,77972000,1310988,1310988,0.0007840347,-6.390961e-06,-1.0650559e-06,-0.0008044519,0.0022361851,-0.03905422,4000,4000,0,0,0
78472000,78472000,1310988,1310988,0.0005997439,-1.3848492e-05,2.1304238e-06,-0.0007852981,0.0012976581,-0.039480392,4000,4000,0,0,0
78972000,78972000,1310988,1310988,0.00023755399,-5.326461e-06,1.4913637e-05,-0.0009097967,0.00020111367,-0.039782066,4000,4000,0,0,0
79472000,79472000,1310988,1310988,-0.0001022654,-8.522159e-06,-1.3848433e-05,-0.0008044519,-0.0013120219,-0.039729387,4000,4000,0,0,0
79972000,79972000,1310988,1310988,-0.00044741112,-2.982745e-05,-7.4566433e-06,-0.0006847418,-0.002178723,-0.03933674,4000,4000,0,0,0
80472000,80472000,1310988,1310988,-0.00071585784,-3.4088593e-05,3.1958111e-06,-0.000675165,-0.0026288333,-0.03890099,4000,4000,0,0,0
80972000,80972000,1310988,1310988,-0.0008127969,-2.6631331e-05,-4.26181e-06,-0.00072783744,-0.0023558943,-0.039063804,4000,4000,0,0,0
81472000,81472000,1310988,1310988,-0.0007020094,-4.261052e-05,4.997924e-10,-0.0007805097,-0.0016041147,-0.039264914,4000,4000,0,0,0
81972000,81972000,1310988,1310988,-0.00039201733,-3.3023436e-05,-1.06526995e-05,-0.00070389535,-0.00043095567,-0.03984909,4000,4000,0,0,0
82472000,82472000,1310988,1310988,-1.8109506e-05,-2.6631611e-05,3.1957784e-06,-0.00072304904,0.0010055654,-0.039671928,4000,4000,0,0,0
82972000,82972000,1310988,1310988,0.00039947423,-1.3848469e-05,-1.5978867e-05,-0.0008523358,0.0020254953,-0.03940857,4000,4000,0,0,0
83472000,83472000,1310988,1310988,0.0006508766,-1.8109442e-05,7.457028e-06,-0.00073741423,0.0026671418,-0.03890099,4000,4000,0,0,0
83972000,83972000,1310988,1310988,0.0007840347,-1.5979178e-05,-1.0649936e-06,-0.0009528924,0.002633623,-0.038891412,4000,4000,0,0,0
84472000,84472000,1310988,1310988,0.0007339673,-1.8109564e-05,-1.0653036e-05,-0.0008906431,0.0017956521,-0.03920266,4000,4000,0,0,0
84972000,84972000,1310988,1310988,0.00048043436,-3.621884e-05,-1.1717745e-05,-0.00084754743,0.0007613569,-0.039576158,4000,4000,0,0,0
85472000,85472000,1310988,1310988,8.41559e-05,-6.3915663e-06,-9.587425e-06,-0.0007805097,-0.0004884165,-0.039595313,4000,4000,0,0,0
85972000,85972000,1310988,1310988,-0.00028549088,-1.2783403e-05,-9.587432e-06,-0.00064643443,-0.0019440913,-0.03962404,4000,4000,0,0,0
86472000,86472000,1310988,1310988,-0.00063170184,-3.089278e-05,-3.19553e-06,-0.0007517794,-0.0024803923,-0.039092526,4000,4000,0,0,0
86972000,86972000,1310988,1310988,-0.00076272944,-2.1304886e-05,1.0659901e-06,-0.00062249246,-0.0026815056,-0.039020706,4000,4000,0,0,0
87472000,87472000,1310988,1310988,-0.0007520768,-3.515373e-05,5.3260073e-06,-0.00072783744,-0.0021739348,-0.039149992,4000,4000,0,0,0
87972000,87972000,1310988,1310988,-0.0005326322,-5.7523994e-05,-1.8109558e-05,-0.000746991,-0.0011109089,-0.039542638,4000,4000,0,0,0
88472000,88472000,1310988,1310988,-0.00020240029,-2.8761964e-05,-2.130481e-06,-0.00073741423,6.2249936e-05,-0.039743755,4000,4000,0,0,0
88972000,88972000,1310988,1310988,0.00016511594,-4.9002258e-05,-8.522337e-06,-0.0008714895,0.0015179247,-0.0395187,4000,4000,0,0,0
89472000,89472000,1310988,1310988,0.0005326322,-2.1305148e-05,-1.3654648e-10,-0.0007900865,0.0021691478,-0.039068587,4000,4000,0,0,0
89972000,89972000,1310988,1310988,0.00078510004,-1.597876e-05,-5.3263207e-06,-0.0008523358,0.0025665849,-0.039164353,4000,4000,0,0,0
90472000,90472000,1310988,1310988,0.00078296947,-1.7043543e-05,4.2606225e-06,-0.00072783744,0.002370261,-0.03892972,4000,4000,0,0,0
90972000,90972000,1310988,1310988,0.00063915877,-9.58755e-06,-1.0653317e-06,-0.0007805097,0.0011779482,-0.039398983,4000,4000,0,0,0
91472000,91472000,1310988,1310988,0.00031212252,-9.58727e-06,-2.130501e-06,-0.0007996635,0.00015801801,-0.03995444,4000,4000,0,0,0
91972000,91972000,1310988,1310988,-8.3090636e-05,-1.8109502e-05,7.4567715e-06,-0.0009672576,-0.0010917553,-0.03948997,4000,4000,0,0,0
92472000,92472000,1310988,1310988,-0.00044954164,-2.7696478e-05,7.457176e-06,-0.0007852982,-0.002202665,-0.039394196,4000,4000,0,0,0
92972000,92972000,1310988,1310988,-0.0007190536,-3.195787e-05,-1.4808044e-10,-0.0008714895,-0.002686294,-0.0391452,4000,4000,0,0,0
93472000,93472000,1310988,1310988,-0.0008159927,-2.982748e-05,-6.3918083e-06,-0.0008092403,-0.0023127983,-0.038968027,4000,4000,0,0,0
93972000,93972000,1310988,1310988,-0.00072224945,-2.8761951e-05,-1.0653525e-06,-0.00090500835,-0.0018148043,-0.03937026,4000,4000,0,0,0
94472000,94472000,1310988,1310988,-0.0004207795,-1.9174424e-05,-3.1959466e-06,-0.00077093294,-0.00044053246,-0.039815575,4000,4000,0,0,0
94972000,94972000,1310988,1310988,-5.965482e-05,-3.0892672e-05,2.1304784e-06,-0.00071826053,0.0008762786,-0.039710235,4000,4000,0,0,0
95472000,95472000,1310988,1310988,0.00034727622,-1.8109684e-05,1.0652366e-06,-0.0006655882,0.00222182,-0.039341528,4000,4000,0,0,0
95972000,95972000,1310988,1310988,0.00065300724,-9.587385e-06,-9.587029e-06,-0.00071347214,0.002801217,-0.03921224,4000,4000,0,0,0
96472000,96472000,1310988,1310988,0.000789361,4.5264291e-13,-4.2606375e-06,-0.0007517794,0.0027437562,-0.039001547,4000,4000,0,0,0
96972000,96972000,1310988,1310988,0.0007392937,-1.5978441e-05,-4.2613256e-06,-0.0008283939,0.0021404175,-0.039126046,4000,4000,0,0,0
97472000,97472000,1310988,1310988,0.0005326322,-4.2611496e-06,8.522308e-06,-0.0008092403,0.0010821801,-0.039715026,4000,4000,0,0,0
97972000,97972000,1310988,1310988,0.00016085496,-1.1717924e-05,-1.0653035e-06,-0.0006799534,-1.9152922e-05,-0.040050216,4000,4000,0,0,0
98472000,98472000,1310988,1310988,-0.00023009714,-1.4913767e-05,-6.391422e-06,-0.00076614454,-0.0013886364,-0.039705448,4000,4000,0,0,0
98972000,98972000,1310988,1310988,-0.000579504,-2.024013e-05,-1.0652134e-06,-0.00076614454,-0.0022888563,-0.03918351,4000,4000,0,0,0
99472000,99472000,1310988,1310988,-0.00075953355,-5.113223e-05,5.3270633e-06,-0.0006512228,-0.0024229318,-0.03905422,4000,4000,0,0,0
99972000,99972000,1310988,1310988,-0.0008042747,-3.6219637e-05,-7.4562845e-06,-0.0008140287,-0.0019919751,-0.038987186,4000,4000,0,0,0
100472000,100472000,1310988,1310988,-0.0006103966,-3.3022814e-05,-3.1954078e-06,-0.00068953016,-0.0009959872,-0.039480392,4000,4000,0,0,0
100972000,100972000,1310988,1310988,-0.00027696876,-2.2370357e-05,-3.1959332e-06,-0.0008188171,0.0003639194,-0.03990656,4000,4000,0,0,0
101472000,101472000,1310988,1310988,0.00011504856,-2.0240092e-05,-6.3916295e-06,-0.0008858547,0.0015993277,-0.039442085,4000,4000,0,0,0
101972000,101972000,1310988,1310988,0.0004878912,-2.3435778e-05,-2.1304368e-06,-0.0008188171,0.0025713732,-0.039015908,4000,4000,0,0,0
102472000,102472000,1310988,1310988,0.0007616642,5.326255e-06,4.7055737e-10,-0.0009337388,0.0029688112,-0.03908774,4000,4000,0,0,0
102972000,102972000,1310988,1310988,0.00081492745,5.32625e-06,2.1315418e-06,-0.0009145851,0.0027389678,-0.03904464,4000,4000,0,0,0
103472000,103472000,1310988,1310988,0.0006711167,-3.195853e-06,-1.0647894e-06,-0.000948104,0.0018243825,-0.039461236,4000,4000,0,0,0
103972000,103972000,1310988,1310988,0.00039521314,-1.0652544e-05,8.521901e-06,-0.0010247183,0.00069910765,-0.03978685,4000,4000,0,0,0
104472000,104472000,1310988,1310988,-2.1305264e-06,-1.2783178e-05,5.3263175e-06,-0.0009097966,-0.00050278165,-0.039767694,4000,4000,0,0,0
104972000,104972000,1310988,1310988,-0.0003845605,-3.9414957e-05,6.3920647e-06,-0.0008571242,-0.0018004392,-0.039413355,4000,4000,0,0,0
105472000,105472000,1310988,1310988,-0.00068816094,-2.4500841e-05,6.3916436e-06,-0.0007805097,-0.0023271635,-0.039020706,4000,4000,0,0,0
105972000,105972000,1310988,1310988,-0.0007925568,-2.4500383e-05,1.0648776e-06,-0.0008331823,-0.0023032213,-0.03901591,4000,4000,0,0,0
106472000,106472000,1310988,1310988,-0.00075740303,-1.3848238e-05,3.1959255e-06,-0.0007996635,-0.0017812855,-0.039274484,4000,4000,0,0,0
106972000,106972000,1310988,1310988,-0.00049428275,-2.8762232e-05,-5.3260133e-06,-0.00084754743,-0.00045010928,-0.039681505,4000,4000,0,0,0
107472000,107472000,1310988,1310988,-0.00011398332,-2.0239964e-05,-8.522198e-06,-0.0007422026,0.0007565685,-0.039724596,4000,4000,0,0,0
107972000,107972000,1310988,1310988,0.00029188246,-2.9827386e-05,-1.1718134e-05,-0.000746991,0.0019871881,-0.03947081,4000,4000,0,0,0
108472000,108472000,1310988,1310988,0.00060933136,-3.3023636e-05,-1.0652814e-05,-0.0007805098,0.0026479883,-0.039140414,4000,4000,0,0,0
108972000,108972000,1310988,1310988,0.0007563378,-3.0892206e-05,-1.5979764e-05,-0.0008283939,0.0029209272,-0.038948882,4000,4000,0,0,0
109472000,109472000,1310988,1310988,0.00080533995,-4.261346e-06,-2.1301692e-06,-0.000746991,0.0024803937,-0.0391452,4000,4000,0,0,0
109972000,109972000,1310988,1310988,0.000547546,-1.9174664e-05,-2.1303802e-06,-0.0008140287,0.0013934261,-0.039681505,4000,4000,0,0,0
110472000,110472000,1310988,1310988,0.00023542347,-1.8109542e-05,8.522092e-06,-0.00058418536,-7.182536e-05,-0.039853882,4000,4000,0,0,0
110972000,110972000,1310988,1310988,-0.0001587244,-1.9174704e-05,2.130525e-06,-0.00073262583,-0.0011444278,-0.039547425,4000,4000,0,0,0
111472000,111472000,1310988,1310988,-0.00054861116,-1.8109742e-05,-2.130393e-06,-0.00064164604,-0.00230801,-0.03945645,4000,4000,0,0,0
111972000,111972000,1310988,1310988,-0.00077551254,-1.4914043e-05,-6.391875e-06,-0.0007613562,-0.0023846247,-0.03881959,4000,4000,0,0,0
112472000,112472000,1310988,1310988,-0.0008064052,-2.2370843e-05,-8.5219735e-06,-0.0007805098,-0.0022792793,-0.03891057,4000,4000,0,0,0
112972000,112972000,1310988,1310988,-0.0006103966,-4.154559e-05,-2.1306491e-06,-0.0007565678,-0.0013982132,-0.039260127,4000,4000,0,0,0
113472000,113472000,1310988,1310988,-0.000325971,-4.261032e-05,-1.0652696e-05,-0.00071347214,7.661516e-05,-0.03958094,4000,4000,0,0,0
113972000,113972000,1310988,1310988,7.1372764e-05,-3.302311e-05,-5.3263147e-06,-0.00063206925,0.0012785044,-0.039528277,4000,4000,0,0,0
114472000,114472000,1310988,1310988,0.00042823635,-2.2370668e-05,6.3916673e-06,-0.00071826053,0.0024037797,-0.03930322,4000,4000,0,0,0
114972000,114972000,1310988,1310988,0.00069668295,-2.343582e-05,5.354003e-10,-0.0009241619,0.0028443125,-0.0391452,4000,4000,0,0,0
115472000,115472000,1310988,1310988,0.0007840347,-3.3023407e-05,5.325699e-06,-0.0007805098,0.002801217,-0.038843535,4000,4000,0,0,0
115972000,115972000,1310988,1310988,0.00068603037,-4.2608763e-06,1.0649572e-06,-0.00077572133,0.0019440927,-0.0394373,4000,4000,0,0,0
116472000,116472000,1310988,1310988,0.0004538027,9.587461e-06,-1.065304e-06,-0.00071347214,0.0006560121,-0.03980121,4000,4000,0,0,0
116972000,116972000,1310988,1310988,7.669904e-05,-9.58741e-06,-4.261024e-06,-0.00077093294,-0.00069910625,-0.039887402,4000,4000,0,0,0
117472000,117472000,1310988,1310988,-0.00031638355,-9.587214e-06,7.456709e-06,-0.0008188171,-0.0017621319,-0.039360676,4000,4000,0,0,0
117972000,117972000,1310988,1310988,-0.0006402241,-2.2370898e-05,-4.2606553e-06,-0.00071826053,-0.0025282763,-0.0392697,4000,4000,0,0,0
118472000,118472000,1310988,1310988,-0.00081066636,-3.1960792e-06,-8.522622e-06,-0.00071826053,-0.002619256,-0.038991973,4000,4000,0,0,0
118972000,118972000,1310988,1310988,-0.000748881,-5.5393764e-05,-1.3848258e-05,-0.00073741423,-0.0018291695,-0.039068587,4000,4000,0,0,0
119472000,119472000,1310988,1310988,-0.0005187838,-3.941488e-05,-1.0655876e-06,-0.000675165,-0.00090021925,-0.039494753,4000,4000,0,0,0
119972000,119972000,1310988,1310988,-0.00015233282,-2.6631662e-05,-8.522219e-06,-0.0008331823,0.00043095704,-0.039968804,4000,4000,0,0,0
120472000,120472000,1310988,1310988,0.00024607615,-2.3435776e-05,-8.522027e-06,-0.0008140287,0.0017238262,-0.039504327,4000,4000,0,0,0
120972000,120972000,1310988,1310988,0.0005837649,-2.7696411e-05,-8.522107e-06,-0.00072304904,0.0026719302,-0.03919787,4000,4000,0,0,0
121472000,121472000,1310988,1310988,0.0007531421,-2.3435956e-05,4.7383786e-10,-0.0007565678,0.0027389678,-0.03921224,4000,4000,0,0,0
121972000,121972000,1310988,1310988,0.00078083895,-1.3848363e-05,1.1717848e-05,-0.0007757214,0.0024612404,-0.039054215,4000,4000,0,0,0
122472000,122472000,1310988,1310988,0.00058589544,-1.491412e-05,2.129906e-06,-0.00069431856,0.0014077914,-0.039681505,4000,4000,0,0,0
122972000,122972000,1310988,1310988,0.00025779405,-7.4567624e-06,4.2610313e-06,-0.00095289235,6.224994e-05,-0.03994487,4000,4000,0,0,0
123472000,123472000,1310988,1310988,-0.00011930963,-3.3135182e-11,2.1305082e-06,-0.00062728085,-0.0011540046,-0.03974376,4000,4000,0,0,0
123972000,123972000,1310988,1310988,-0.000491087,-1.5978969e-05,-6.3916755e-06,-0.0006129157,-0.002226607,-0.039461236,4000,4000,0,0,0
124472000,124472000,1310988,1310988,-0.0007222494,-1.1717529e-05,4.261501e-06,-0.00063685764,-0.002513911,-0.03883396,4000,4000,0,0,0
124972000,124972000,1310988,1310988,-0.0008309064,-4.2608367e-06,2.2083116e-10,-0.00071826053,-0.0022601257,-0.038972817,4000,4000,0,0,0
125472000,125472000,1310988,1310988,-0.000680704,-3.515367e-05,-4.2611955e-06,-0.0005554548,-0.0013742713,-0.039384622,4000,4000,0,0,0
125972000,125972000,1310988,1310988,-0.00036538576,-4.3675715e-05,-6.3917714e-06,-0.00060333894,-0.00019632383,-0.039858676,4000,4000,0,0,0
126472000,126472000,1310988,1310988,9.587399e-06,-3.5153735e-05,-6.3915645e-06,-0.00073262583,0.0010534497,-0.03968629,4000,4000,0,0,0
126972000,126972000,1310988,1310988,0.0003717773,-3.1958072e-05,5.3262424e-06,-0.00069431856,0.002360684,-0.039542638,4000,4000,0,0,0
127472000,127472000,1310988,1310988,0.0006625945,-2.0240379e-05,-1.0651988e-06,-0.00072304904,0.0028299473,-0.039178725,4000,4000,0,0,0
127972000,127972000,1310988,1310988,0.00082238414,2.1307476e-06,-3.196159e-06,-0.000675165,0.0028491009,-0.039039854,4000,4000,0,0,0
128472000,128472000,1310988,1310988,0.00073503255,-2.9827535e-05,7.4572563e-06,-0.00080924033,0.002063803,-0.039375048,4000,4000,0,0,0
128972000,128972000,1310988,1310988,0.00047510798,-9.5873775e-06,5.3262847e-06,-0.0008283939,0.0009624699,-0.039863463,4000,4000,0,0,0
129472000,129472000,1310988,1310988,0.00010439592,-9.58739e-06,-9.113955e-11,-0.0007805098,-0.00036870642,-0.03989219,4000,4000,0,0,0
129972000,129972000,1310988,1310988,-0.00028655617,-1.0652595e-05,1.0653662e-06,-0.0007517794,-0.0014939813,-0.039571367,4000,4000,0,0,0
130472000,130472000,1310988,1310988,-0.0006221145,-3.9415063e-05,4.1663062e-10,-0.0007852981,-0.0021978766,-0.03921224,4000,4000,0,0,0
130972000,130972000,1310988,1310988,-0.0007414241,-2.4501482e-05,-5.3262534e-06,-0.0007422026,-0.002662352,-0.038972817,4000,4000,0,0,0
131472000,131472000,1310988,1310988,-0.0007925568,-2.8762493e-05,-5.3262584e-06,-0.00077572133,-0.0020542243,-0.03918351,4000,4000,0,0,0
131972000,131972000,1310988,1310988,-0.000563525,-3.0892777e-05,-5.326462e-06,-0.0008858547,-0.0007613555,-0.03962404,4000,4000,0,0,0
132472000,132472000,1310988,1310988,-0.00020346556,-2.8762015e-05,-1.065139e-06,-0.00072783744,0.00030167014,-0.039877824,4000,4000,0,0,0
132972000,132972000,1310988,1310988,0.0001533981,-2.5566353e-05,-6.3913903e-06,-0.0008858547,0.0016089045,-0.039748542,4000,4000,0,0,0
133472000,133472000,1310988,1310988,0.000535828,-2.3436061e-05,-8.521724e-06,-0.00073262583,0.0024756053,-0.039485183,4000,4000,0,0,0
133972000,133972000,1310988,1310988,0.0007531421,-2.2370825e-05,7.45678e-06,-0.00083797064,0.002954446,-0.039015908,4000,4000,0,0,0
134472000,134472000,1310988,1310988,0.00082664535,-3.195797e-06,-9.587452e-06,-0.00084275904,0.0024277216,-0.03891536,4000,4000,0,0,0
134972000,134972000,1310988,1310988,0.0006476808,-9.587209e-06,1.0654318e-06,-0.0008906431,0.0016567885,-0.039427713,4000,4000,0,0,0
135472000,135472000,1310988,1310988,0.0003334278,6.391647e-06,3.2172956e-10,-0.0008140287,0.0002394209,-0.03979164,4000,4000,0,0,0
135972000,135972000,1310988,1310988,-6.285061e-05,-1.4913689e-05,-3.1957609e-06,-0.00068953016,-0.00094331487,-0.03980121,4000,4000,0,0,0
136472000,136472000,1310988,1310988,-0.00041971423,-1.9174797e-05,7.4569684e-06,-0.0006703766,-0.0019584566,-0.039298434,4000,4000,0,0,0
136972000,136972000,1310988,1310988,-0.0007169231,-8.522054e-06,3.1961724e-06,-0.0008092403,-0.0025186995,-0.039149992,4000,4000,0,0,0
137472000,137472000,1310988,1310988,-0.0008202536,-3.1950044e-06,1.0652934e-05,-0.000675165,-0.0022457605,-0.038944084,4000,4000,0,0,0
137972000,137972000,1310988,1310988,-0.0007020094,-3.621906e-05,2.1303738e-06,-0.00069910695,-0.0017669203,-0.03922182,4000,4000,0,0,0
138472000,138472000,1310988,1310988,-0.00040799638,-4.1545067e-05,-2.1304456e-06,-0.000794875,-0.00039743684,-0.039561797,4000,4000,0,0,0
138972000,138972000,1310988,1310988,-6.285061e-05,-1.1717868e-05,-3.195809e-06,-0.0007517794,0.00089543225,-0.039681505,4000,4000,0,0,0
139472000,139472000,1310988,1310988,0.000289752,-1.06519e-06,-1.0652594e-05,-0.0006129157,0.0020015533,-0.0391452,4000,4000,0,0,0
139972000,139972000,1310988,1310988,0.00063383236,-2.1304897e-05,-1.9174984e-05,-0.00072304904,0.00279164,-0.038958456,4000,4000,0,0,0
140472000,140472000,1310988,1310988,0.0007936221,-7.4564978e-06,-5.3273116e-06,-0.00070389535,0.0026767186,-0.038853105,4000,4000,0,0,0
140972000,140972000,1310988,1310988,0.00074888096,-3.1952613e-06,1.0654657e-06,-0.0008092403,0.0020254953,-0.039068587,4000,4000,0,0,0
141472000,141472000,1310988,1310988,0.0005422197,-1.171824e-05,-8.522078e-06,-0.0007613562,0.0010247191,-0.0396432,4000,4000,0,0,0
141972000,141972000,1310988,1310988,0.00014594123,-6.391536e-06,-1.06526195e-05,-0.0008523358,-0.0002537847,-0.039418142,4000,4000,0,0,0
142472000,142472000,1310988,1310988,-0.0002567288,-1.2783197e-05,-2.130606e-06,-0.0007757214,-0.0013790596,-0.039403778,4000,4000,0,0,0
142972000,142972000,1310988,1310988,-0.0005699165,-2.7696775e-05,1.0652749e-05,-0.0007613562,-0.0023942015,-0.0391452,4000,4000,0,0,0
143472000,143472000,1310988,1310988,-0.00078083895,-1.3848512e-05,1.27836565e-05,-0.0006847418,-0.0026288333,-0.03894888,4000,4000,0,0,0
143972000,143972000,1310988,1310988,-0.0007851,-2.4501223e-05,-1.0655351e-06,-0.0006703766,-0.0020877437,-0.038905777,4000,4000,0,0,0
144472000,144472000,1310988,1310988,-0.0005944177,-3.4088727e-05,-4.2611296e-06,-0.00068474177,-0.0010726019,-0.03936547,4000,4000,0,0,0
144972000,144972000,1310988,1310988,-0.00026525088,-4.367594e-05,-5.326434e-06,-0.0007613562,0.00017238324,-0.03987304,4000,4000,0,0,0
145472000,145472000,1310988,1310988,0.00011611386,-2.130525e-05,-1.5978943e-05,-0.0007996635,0.001355119,-0.039389405,4000,4000,0,0,0
145972000,145972000,1310988,1310988,0.000491087,-1.2782955e-05,3.1960208e-06,-0.0007517794,0.0024468752,-0.039274484,4000,4000,0,0,0
146472000,146472000,1310988,1310988,0.0007307715,-6.391327e-06,-3.1960556e-06,-0.0006799534,0.00288262,-0.039006334,4000,4000,0,0,0
146972000,146972000,1310988,1310988,0.0008064052,-6.391311e-06,-9.586801e-06,-0.0006607998,0.0025953157,-0.03887705,4000,4000,0,0,0
147472000,147472000,1310988,1310988,0.0006530072,-2.3436114e-05,8.521993e-06,-0.00065601134,0.0016711536,-0.03953306,4000,4000,0,0,0
147972000,147972000,1310988,1310988,0.00036858156,-1.8109436e-05,-4.261115e-06,-0.00071347214,0.00044053383,-0.04000711,4000,4000,0,0,0
148472000,148472000,1310988,1310988,-2.130529e-05,-2.8762142e-05,-1.065253e-06,-0.0007517794,-0.0009193728,-0.039734174,4000,4000,0,0,0
148972000,148972000,1310988,1310988,-0.00039840897,-1.1717769e-05,6.391304e-06,-0.0007996635,-0.0019249377,-0.039379835,4000,4000,0,0,0
149472000,149472000,1310988,1310988,-0.0006817693,-3.302314e-05,-1.0646804e-06,-0.00070389535,-0.002624045,-0.039102107,4000,4000,0,0,0
149972000,149972000,1310988,1310988,-0.00080320943,-7.4564955e-06,-1.0658365e-06,-0.00065601134,-0.0023463175,-0.03909732,4000,4000,0,0,0
150472000,150472000,1310988,1310988,-0.00072437985,-1.8109115e-05,-4.261056e-06,-0.00049320556,-0.0018052275,-0.03918351,4000,4000,0,0,0
150972000,150972000,1310988,1310988,-0.00049002166,-3.6219128e-05,3.1959607e-06,-0.00052672444,-0.00071825983,-0.039743755,4000,4000,0,0,0
151472000,151472000,1310988,1310988,-8.735166e-05,-2.8762228e-05,-1.1717923e-05,-0.00056024326,0.00062728155,-0.039806,4000,4000,0,0,0
151972000,151972000,1310988,1310988,0.00028549088,-4.5806424e-05,3.1957038e-06,-0.00059855054,0.0017860753,-0.039566584,4000,4000,0,0,0
152472000,152472000,1310988,1310988,0.00061359233,-4.6871482e-05,-5.326299e-06,-0.0006799534,0.002767698,-0.038991973,4000,4000,0,0,0
152972000,152972000,1310988,1310988,0.00077551254,-1.0652643e-05,9.58752e-06,-0.00061770406,0.0028299473,-0.038972817,4000,4000,0,0,0
153472000,153472000,1310988,1310988,0.0007680558,7.4562386e-06,8.522048e-06,-0.00072783744,0.0024420868,-0.03911647,4000,4000,0,0,0
153972000,153972000,1310988,1310988,0.00055393757,-3.1956954e-06,1.0651164e-06,-0.0005602432,0.0011204872,-0.039810784,4000,4000,0,0,0
154472000,154472000,1310988,1310988,0.00018216023,3.195867e-06,-8.521935e-06,-0.00060333894,-1.9152922e-05,-0.03980121,4000,4000,0,0,0
154972000,154972000,1310988,1310988,-0.00017150759,-7.4567265e-06,8.522151e-06,-0.00080445193,-0.0014125784,-0.039652772,4000,4000,0,0,0
155472000,155472000,1310988,1310988,-0.0005187838,-2.6631478e-05,-2.1307021e-06,-0.00050757074,-0.002116474,-0.0393511,4000,4000,0,0,0
155972000,155972000,1310988,1310988,-0.00075207686,1.0651296e-06,-6.3917882e-06,-0.00077572133,-0.0026001022,-0.03907816,4000,4000,0,0,0
156472000,156472000,1310988,1310988,-0.0008096011,-2.0240377e-05,-9.587684e-06,-0.00064643443,-0.0020877435,-0.039015908,4000,4000,0,0,0
156972000,156972000,1310988,1310988,-0.0006253103,-3.0892563e-05,-1.0654735e-06,-0.00052193605,-0.001254561,-0.03918351,4000,4000,0,0,0
157472000,157472000,1310988,1310988,-0.00030786142,-2.130558e-05,-1.2783288e-05,-0.0006607998,-0.00011492099,-0.039844308,4000,4000,0,0,0
157972000,157972000,1310988,1310988,7.137272e-05,-2.9827412e-05,-1.2783149e-05,-0.00052193605,0.0012449856,-0.0396432,4000,4000,0,0,0
158472000,158472000,1310988,1310988,0.00041119207,-2.9827186e-05,-7.457082e-06,-0.0004692636,0.0024468752,-0.039264914,4000,4000,0,0,0
158972000,158972000,1310988,1310988,0.00068816094,-2.8762332e-05,1.0652992e-05,-0.0006943185,0.0027916399,-0.039068587,4000,4000,0,0,0
159472000,159472000,1310988,1310988,0.00082238414,-1.491393e-05,8.52174e-06,-0.00062249246,0.0026144695,-0.03914042,4000,4000,0,0,0
159972000,159972000,1310988,1310988,0.00070413994,-2.5566409e-05,7.4564878e-06,-0.00062249246,0.0019823997,-0.039442085,4000,4000,0,0,0
160472000,160472000,1310988,1310988,0.00040799635,-1.17178015e-05,2.130386e-06,-0.000746991,0.0007996642,-0.03990656,4000,4000,0,0,0
160972000,160972000,1310988,1310988,1.2783189e-05,-1.3848425e-05,-3.195805e-06,-0.00072304904,-0.0005746077,-0.03980121,4000,4000,0,0,0
161472000,161472000,1310988,1310988,-0.00036645101,-6.3912e-06,3.1955942e-06,-0.00073262583,-0.0015610189,-0.039834734,4000,4000,0,0,0
161972000,161972000,1310988,1310988,-0.00064555026,-1.3847818e-05,1.9174697e-05,-0.00053151284,-0.002375048,-0.039217032,4000,4000,0,0,0
162472000,162472000,1310988,1310988,-0.0007776431,-2.7697151e-05,-9.58725e-06,-0.0008571242,-0.0025522183,-0.039260127,4000,4000,0,0,0
162972000,162972000,1310988,1310988,-0.0007456852,-4.047926e-05,5.326778e-06,-0.0006512228,-0.0019009957,-0.03911647,4000,4000,0,0,0
163472000,163472000,1310988,1310988,-0.00051771855,-3.408829e-05,-7.45711e-06,-0.00060333894,-0.00076614384,-0.039671928,4000,4000,0,0,0
163972000,163972000,1310988,1310988,-0.00016937706,-2.5566365e-05,1.0650837e-06,-0.00068474177,0.0005315136,-0.03992571,4000,4000,0,0,0
164472000,164472000,1310988,1310988,0.00020666135,-2.0239899e-05,-1.0652636e-06,-0.00066079973,0.0018914203,-0.039432503,4000,4000,0,0,0
164972000,164972000,1310988,1310988,0.0005251754,-1.2783128e-05,4.4128142e-11,-0.0008140287,0.0025809503,-0.03915478,4000,4000,0,0,0
165472000,165472000,1310988,1310988,0.0007350326,-2.130725e-06,-1.0648729e-06,-0.0008571242,0.0028969853,-0.039006334,4000,4000,0,0,0
165972000,165972000,1310988,1310988,0.00075953355,-1.917402e-05,6.3916546e-06,-0.00090500835,0.002456452,-0.03910211,4000,4000,0,0,0
166472000,166472000,1310988,1310988,0.00057311234,-2.2370348e-05,-3.1960724e-06,-0.00081402867,0.0013886377,-0.039499544,4000,4000,0,0,0
166972000,166972000,1310988,1310988,0.00029933933,-1.9174653e-05,-8.5222e-06,-0.0008523358,0.00018674845,-0.039940078,4000,4000,0,0,0
167472000,167472000,1310988,1310988,-0.00011504857,-8.522132e-06,-7.456888e-06,-0.0008810663,-0.0010438713,-0.039662346,4000,4000,0,0,0
167972000,167972000,1310988,1310988,-0.00049002166,-1.1717959e-05,7.4568006e-06,-0.0007422026,-0.0018962073,-0.039480392,4000,4000,0,0,0
168472000,168472000,1310988,1310988,-0.0007297062,-5.3260696e-06,8.521983e-06,-0.0007517794,-0.002523488,-0.039159562,4000,4000,0,0,0
168972000,168972000,1310988,1310988,-0.0007851,-4.2610514e-05,-1.0650145e-06,-0.0007900867,-0.0022888563,-0.039140414,4000,4000,0,0,0
169472000,169472000,1310988,1310988,-0.000680704,-3.834964e-05,4.0274797e-10,-0.00077093294,-0.001489193,-0.03947561,4000,4000,0,0,0
169972000,169972000,1310988,1310988,-0.0003888216,-2.3435918e-05,7.4572436e-06,-0.00076614454,-0.00013407462,-0.039834734,4000,4000,0,0,0
170472000,170472000,1310988,1310988,-4.2610673e-06,-1.38484365e-05,2.1305304e-06,-0.00063685764,0.0011779482,-0.03987304,4000,4000,0,0,0
170972000,170972000,1310988,1310988,0.00038029943,-2.450115e-05,-3.1956004e-06,-0.0006703766,0.0021260523,-0.039461236,4000,4000,0,0,0
171472000,171472000,1310988,1310988,0.00064874603,-2.2371081e-05,1.0652866e-05,-0.0006607998,0.0027150258,-0.03908774,4000,4000,0,0,0
171972000,171972000,1310988,1310988,0.00081066636,-1.8110073e-05,5.325969e-06,-0.00065601134,0.0025953155,-0.038953666,4000,4000,0,0,0
172472000,172472000,1310988,1310988,0.0007318368,-1.1316129e-13,1.0655895e-06,-0.00057460845,0.0019680345,-0.03919787,4000,4000,0,0,0
172972000,172972000,1310988,1310988,0.00048149953,-6.391543e-06,-2.130491e-06,-0.0008140287,0.0008427598,-0.039863463,4000,4000,0,0,0
173472000,173472000,1310988,1310988,0.00014700652,-1.278307e-05,-1.0652001e-06,-0.00083797064,-0.00043574406,-0.039858676,4000,4000,0,0,0
173972000,173972000,1310988,1310988,-0.00025779408,-1.0652373e-06,1.7044209e-05,-0.0006129157,-0.0016280568,-0.03940857,4000,4000,0,0,0
174472000,174472000,1310988,1310988,-0.00061678817,-8.52217e-06,-1.0657673e-06,-0.00063685764,-0.0025043343,-0.039264914,4000,4000,0,0,0
174972000,174972000,1310988,1310988,-0.0007819042,-1.7044778e-05,-1.704487e-05,-0.00070868374,-0.0025713718,-0.03905422,4000,4000,0,0,0
175472000,175472000,1310988,1310988,-0.00077125145,-2.2370556e-05,3.1959423e-06,-0.00073262583,-0.002025494,-0.039164353,4000,4000,0,0,0
175972000,175972000,1310988,1310988,-0.00056885125,-1.065414e-06,-2.131338e-06,-0.00071347214,-0.001158793,-0.039595313,4000,4000,0,0,0
176472000,176472000,1310988,1310988,-0.0002247708,-3.1957956e-05,-1.0651597e-06,-0.00061770406,0.0002442093,-0.039829947,4000,4000,0,0,0
176972000,176972000,1310988,1310988,0.0001565939,-1.5978925e-05,-3.195851e-06,-0.00059855054,0.0014556756,-0.039331954,4000,4000,0,0,0
177472000,177472000,1310988,1310988,0.00053689326,-1.4913604e-05,3.196384e-06,-0.00067995343,0.002609681,-0.039312795,4000,4000,0,0,0
177972000,177972000,1310988,1310988,0.0007584683,-6.3912516e-06,-2.1301225e-06,-0.0007613562,0.002906562,-0.039102107,4000,4000,0,0,0
178472000,178472000,1310988,1310988,0.0008000138,-2.4501156e-05,-1.0649121e-06,-0.00063685764,0.002509124,-0.039039854,4000,4000,0,0,0
178972000,178972000,1310988,1310988,0.0006295713,-1.06527605e-05,1.0652586e-05,-0.00073262583,0.0016663653,-0.03942293,4000,4000,0,0,0
179472000,179472000,1310988,1310988,0.00031212255,-2.1307787e-06,1.0652922e-05,-0.0007805097,0.00033997736,-0.039628834,4000,4000,0,0,0
179972000,179972000,1310988,1310988,-5.4328495e-05,-2.0240008e-05,-4.261065e-06,-0.00071347214,-0.0009911988,-0.039806,4000,4000,0,0,0
180472000,180472000,1310988,1310988,-0.00044101954,-2.1305063e-06,2.2370594e-05,-0.00060812733,-0.0019823983,-0.03917872,4000,4000,0,0,0
180972000,180972000,1310988,1310988,-0.0007137272,-3.1961251e-06,1.0652008e-05,-0.0005363013,-0.002461239,-0.038977604,4000,4000,0,0,0
181472000,181472000,1310988,1310988,-0.0007840347,-1.8109291e-05,1.3727731e-10,-0.00050278235,-0.0023080097,-0.03891057,4000,4000,0,0,0
181972000,181972000,1310988,1310988,-0.0006508766,-3.4087945e-05,2.1311062e-06,-0.00063685764,-0.0015801726,-0.03936068,4000,4000,0,0,0
182472000,182472000,1310988,1310988,-0.0004101268,-2.5566207e-05,-3.1958557e-06,-0.0005506664,-0.0003830716,-0.039667144,4000,4000,0,0,0
182972000,182972000,1310988,1310988,-7.350325e-05,-2.6631602e-05,-1.0652683e-05,-0.00064164604,0.000881067,-0.039619252,4000,4000,0,0,0
183472000,183472000,1310988,1310988,0.00028442562,-2.5566425e-05,-1.0652603e-06,-0.00069431856,0.0020733797,-0.039547425,4000,4000,0,0,0
183972000,183972000,1310988,1310988,0.0006327671,-1.2783626e-05,6.390798e-06,-0.00063206925,0.0025905268,-0.03896324,4000,4000,0,0,0
184472000,184472000,1310988,1310988,0.0008298411,-2.130455e-06,-2.129793e-06,-0.00062249246,0.002681507,-0.03887705,4000,4000,0,0,0
184972000,184972000,1310988,1310988,0.00077338197,-2.1298426e-06,1.365157e-10,-0.0006703766,0.0021930896,-0.0391452,4000,4000,0,0,0
185472000,185472000,1310988,1310988,0.0004974785,-1.2783352e-05,-1.4065327e-10,-0.0006464345,0.0011348524,-0.0398874,4000,4000,0,0,0
185972000,185972000,1310988,1310988,0.00014487599,-7.4569157e-06,2.1305335e-05,-0.00063685764,-0.00022505427,-0.03978685,4000,4000,0,0,0
186472000,186472000,1310988,1310988,-0.00023648875,-9.58734e-06,6.391584e-06,-0.00060812733,-0.0014413089,-0.039839517,4000,4000,0,0,0
186972000,186972000,1310988,1310988,-0.000563525,-2.1304942e-05,3.195932e-06,-0.00053151284,-0.0022122418,-0.039341528,4000,4000,0,0,0
187472000,187472000,1310988,1310988,-0.00076272944,-8.522184e-06,2.1305318e-06,-0.00059855054,-0.0026431985,-0.03911647,4000,4000,0,0,0
187972000,187972000,1310988,1310988,-0.0008085358,-3.1958225e-05,-3.1958602e-06,-0.00063685764,-0.0022601257,-0.039059013,4000,4000,0,0,0
188472000,188472000,1310988,1310988,-0.0005965481,-2.6631826e-05,-2.1301635e-06,-0.0005410897,-0.0012114656,-0.039590526,4000,4000,0,0,0
188972000,188972000,1310988,1310988,-0.0002695119,-2.7697093e-05,-5.3263657e-06,-0.0008092403,2.8731118e-05,-0.03990656,4000,4000,0,0,0
189472000,189472000,1310988,1310988,0.00013635388,-2.1305274e-05,-1.2783246e-05,-0.00068953016,0.0013216002,-0.039499544,4000,4000,0,0,0
189972000,189972000,1310988,1310988,0.0004687164,-1.5979009e-05,8.521908e-06,-0.00072783744,0.0024133564,-0.039274484,4000,4000,0,0,0
190472000,190472000,1310988,1310988,0.0007233147,-2.2370876e-05,-2.6318847e-10,-0.00059376215,0.00288262,-0.039011125,4000,4000,0,0,0
190972000,190972000,1310988,1310988,0.00078723044,-1.704367e-05,5.3266135e-06,-0.00070389535,0.002557008,-0.03907816,4000,4000,0,0,0
191472000,191472000,1310988,1310988,0.0006593988,6.3911784e-06,4.2614083e-06,-0.00053630123,0.0019823997,-0.03925055,4000,4000,0,0,0
191972000,191972000,1310988,1310988,0.00040266998,-6.391266e-06,-2.1304209e-06,-0.0008140287,0.00058418605,-0.03973896,4000,4000,0,0,0
192472000,192472000,1310988,1310988,6.391584e-06,-8.522114e-06,4.2610704e-06,-0.00066079973,-0.00084754673,-0.039715026,4000,4000,0,0,0
192972000,192972000,1310988,1310988,-0.00038775627,-6.391866e-06,3.1959257e-06,-0.0005506664,-0.0019297261,-0.03925534,4000,4000,0,0,0
193472000,193472000,1310988,1310988,-0.00069668295,-1.810944e-05,9.587438e-06,-0.0004788404,-0.002537853,-0.039063804,4000,4000,0,0,0
193972000,193972000,1310988,1310988,-0.00078510004,-1.0652502e-05,4.2600905e-06,-0.0004836288,-0.002513911,-0.03904464,4000,4000,0,0,0
194472000,194472000,1310988,1310988,-0.0007275757,-2.4501214e-05,-2.1308351e-06,-0.00058418536,-0.0018866305,-0.039020706,4000,4000,0,0,0
194972000,194972000,1310988,1310988,-0.0004868259,-3.0892887e-05,-9.587555e-06,-0.00060333894,-0.00071825983,-0.039762903,4000,4000,0,0,0
195472000,195472000,1310988,1310988,-0.00013102753,-1.9174786e-05,-4.261112e-06,-0.00057460845,0.0006464352,-0.03947561,4000,4000,0,0,0
195972000,195972000,1310988,1310988,0.00026844666,-1.3848462e-05,4.260944e-06,-0.00061770406,0.0018770552,-0.03937026,4000,4000,0,0,0
196472000,196472000,1310988,1310988,0.00062104926,-2.3436207e-05,2.1306962e-06,-0.0006129157,0.002557008,-0.0391452,4000,4000,0,0,0
196972000,196972000,1310988,1310988,0.00080320943,-2.3435741e-05,6.3913308e-06,-0.00063206925,0.0027341794,-0.03892015,4000,4000,0,0,0
197472000,197472000,1310988,1310988,0.00075207686,-1.7043967e-05,2.13018e-06,-0.0005506664,0.0022888575,-0.039001547,4000,4000,0,0,0
197972000,197972000,1310988,1310988,0.0005592639,-2.1305807e-06,5.3263216e-06,-0.0004884172,0.0011779482,-0.039557006,4000,4000,0,0,0
198472000,198472000,1310988,1310988,0.00021731394,-2.5566456e-05,8.522029e-06,-0.00043574476,-3.8306534e-05,-0.03994487,4000,4000,0,0,0
198972000,198972000,1310988,1310988,-0.00015126757,-3.0892752e-05,7.688045e-12,-0.00050278235,-0.001192312,-0.039580945,4000,4000,0,0,0
199472000,199472000,1310988,1310988,-0.0004921523,-2.024033e-05,-1.0648718e-06,-0.0004788404,-0.0021356277,-0.039403778,4000,4000,0,0,0
199972000,199972000,1310988,1310988,-0.00077657786,-2.13055e-05,-3.1955817e-06,-0.0005506664,-0.0025522183,-0.038891412,4000,4000,0,0,0
200472000,200472000,1310988,1310988,-0.0008181232,-3.089311e-05,-1.0654131e-06,-0.00043574476,-0.002264914,-0.039011125,4000,4000,0,0,0
200972000,200972000,1310988,1310988,-0.00062850607,-1.9174984e-05,1.065381e-06,-0.00042137952,-0.0013503293,-0.03936547,4000,4000,0,0,0
201472000,201472000,1310988,1310988,-0.00032597096,-2.1305235e-05,-1.3848667e-05,-0.0004884172,-4.3094944e-05,-0.039796427,4000,4000,0,0,0
201972000,201972000,1310988,1310988,8.202538e-05,-4.154531e-05,-2.1305075e-06,-0.00034955348,0.0012449856,-0.03969108,4000,4000,0,0,0
202472000,202472000,1310988,1310988,0.00042717106,-1.2783139e-05,-1.4913703e-05,-0.0005410897,0.002370261,-0.039461236,4000,4000,0,0,0
202972000,202972000,1310988,1310988,0.0006625945,-7.456793e-06,-1.0650915e-06,-0.00043574476,0.0028107937,-0.039149992,4000,4000,0,0,0
203472000,203472000,1310988,1310988,0.0008372979,-2.6631851e-05,1.1717803e-05,-0.00041180276,0.0027246026,-0.0387334,4000,4000,0,0,0
203972000,203972000,1310988,1310988,0.00071798835,-1.0652711e-05,3.1957231e-06,-0.00029688107,0.0019632461,-0.03931758,4000,4000,0,0,0
204472000,204472000,1310988,1310988,0.00044315003,-2.0240024e-05,3.1958289e-06,-0.00043095637,0.0007805105,-0.039882615,4000,4000,0,0,0
204972000,204972000,1310988,1310988,7.9894846e-05,-8.52212e-06,4.2610527e-06,-0.00058897375,-0.00047883968,-0.03980121,4000,4000,0,0,0
205472000,205472000,1310988,1310988,-0.00031638355,-1.2782926e-05,1.810972e-05,-0.00057460845,-0.0015993263,-0.039547425,4000,4000,0,0,0
205972000,205972000,1310988,1310988,-0.0006668556,-2.4500669e-05,6.391471e-06,-0.00062728085,-0.002341529,-0.038991973,4000,4000,0,0,0
206472000,206472000,1310988,1310988,-0.00076486,-1.4914249e-05,7.456849e-06,-0.00064643443,-0.0024899691,-0.038891412,4000,4000,0,0,0
206972000,206972000,1310988,1310988,-0.0007169231,-2.3435565e-05,7.100631e-10,-0.00058418536,-0.0019297261,-0.03892015,4000,4000,0,0,0
207472000,207472000,1310988,1310988,-0.0005049354,-9.587069e-06,6.391898e-06,-0.00047405198,-0.00079008593,-0.039513916,4000,4000,0,0,0
207972000,207972000,1310988,1310988,-0.00013635386,-1.3848527e-05,-1.2783222e-05,-0.0006129157,0.0005458787,-0.040050212,4000,4000,0,0,0
208472000,208472000,1310988,1310988,0.00023968452,-2.0239877e-05,-1.2783279e-05,-0.0004788404,0.0015993277,-0.039528277,4000,4000,0,0,0
208972000,208972000,1310988,1310988,0.00058269966,-1.7044333e-05,3.1956095e-06,-0.00069910695,0.00243251,-0.039106894,4000,4000,0,0,0
209472000,209472000,1310988,1310988,0.0007563378,-8.522182e-06,-5.326594e-06,-0.0005793968,0.002767698,-0.038853105,4000,4000,0,0,0
209972000,209972000,1310988,1310988,0.0007936221,-7.456641e-06,3.19544e-06,-0.00056982,0.0024756053,-0.03866636,4000,4000,0,0,0
210472000,210472000,1310988,1310988,0.0006103966,-1.1717697e-05,9.58743e-06,-0.00053630123,0.0013216003,-0.039331954,4000,4000,0,0,0
210972000,210972000,1310988,1310988,0.00023329291,-4.2612387e-06,1.2783177e-05,-0.0003974375,0.00021069046,-0.039782062,4000,4000,0,0,0
211472000,211472000,1310988,1310988,-0.00013954967,-1.27832e-05,2.1305393e-06,-0.00050278235,-0.0011300625,-0.039509118,4000,4000,0,0,0
211972000,211972000,1310988,1310988,-0.0004687164,-1.38489395e-05,-1.0652936e-05,-0.00049320556,-0.0021452045,-0.039126046,4000,4000,0,0,0
212472000,212472000,1310988,1310988,-0.0007254451,-1.0653031e-05,-1.0653388e-06,-0.0005506664,-0.002624045,-0.038790856,4000,4000,0,0,0
212972000,212972000,1310988,1310988,-0.00076912105,-4.7937116e-05,-8.522237e-06,-0.00049799395,-0.0024468738,-0.03901591,4000,4000,0,0,0
213472000,213472000,1310988,1310988,-0.00068389985,-3.515325e-05,-1.0642175e-06,-0.0004644752,-0.0014844046,-0.039135627,4000,4000,0,0,0
213972000,213972000,1310988,1310988,-0.0003888216,-1.8109504e-05,-3.1959144e-06,-0.00058897375,-0.00023463111,-0.039571367,4000,4000,0,0,0
214472000,214472000,1310988,1310988,-1.7044227e-05,-2.3435838e-05,-1.2783157e-05,-0.00044053316,0.0010151423,-0.039561797,4000,4000,0,0,0
214972000,214972000,1310988,1310988,0.00039734368,-1.5978696e-05,-1.1718002e-05,-0.0004836288,0.0020829565,-0.039269697,4000,4000,0,0,0
215472000,215472000,1310988,1310988,0.0006977482,-3.194866e-06,2.1304654e-06,-0.00022505499,0.0026767186,-0.038810015,4000,4000,0,0,0
215972000,215972000,1310988,1310988,0.0007904263,-2.450059e-05,-7.4566506e-06,-0.0004788404,0.0027772747,-0.038604118,4000,4000,0,0,0
216472000,216472000,1310988,1310988,0.00074248936,-1.9174433e-05,3.1956533e-06,-0.00046447522,0.00201113,-0.038953666,4000,4000,0,0,0
216972000,216972000,1310988,1310988,0.00047617327,-1.1717871e-05,4.26122e-06,-0.0003399767,0.0007709337,-0.039528277,4000,4000,0,0,0
217472000,217472000,1310988,1310988,9.2678034e-05,-2.4501067e-05,1.4913588e-05,-0.00045489834,-0.0004644745,-0.03940857,4000,4000,0,0,0
217972000,217972000,1310988,1310988,-0.00026205505,-1.0652761e-05,-3.968525e-12,-0.0004884172,-0.0016950942,-0.03946602,4000,4000,0,0,0
218472000,218472000,1310988,1310988,-0.0005933524,-1.4913495e-05,5.3258427e-06,-0.00043095637,-0.0022553373,-0.03896324,4000,4000,0,0,0
218972000,218972000,1310988,1310988,-0.0007776432,-3.941465e-05,-1.0654618e-06,-0.0003734955,-0.0025570067,-0.038709454,4000,4000,0,0,0
219472000,219472000,1310988,1310988,-0.0007584683,-2.7696544e-05,-4.2606375e-06,-0.0004692636,-0.00197761,-0.038747758,4000,4000,0,0,0
219972000,219972000,1310988,1310988,-0.0005454155,-1.8109355e-05,4.031014e-10,-0.00051235914,-0.0009959872,-0.03945645,4000,4000,0,0,0
220472000,220472000,1310988,1310988,-0.00019068237,-2.769675e-05,1.0652709e-05,-0.0006512228,0.00033518896,-0.039480392,4000,4000,0,0,0
220972000,220972000,1310988,1310988,0.00014274543,1.0653109e-06,-4.900221e-05,-0.00065601134,0.0015849624,-0.035692763,4000,4000,0,0,0
221472000,221472000,1310988,1310988,0.0005550028,-0.00067218236,-0.00025672777,-0.0007757214,0.0025139125,-0.041343085,4000,4000,0,0,0
221972000,221972000,1310988,1310988,0.000696683,0.0001448757,1.5979273e-05,-0.0011109096,0.002624046,-0.038810015,4000,4000,0,0,0
222472000,222472000,1310988,1310988,0.0007712514,8.2025996e-05,1.3849042e-05,-0.001388637,0.0022888577,-0.039006334,4000,4000,0,0,0
222972000,222972000,1310988,1310988,0.00063383236,7.456851e-05,4.2609304e-06,-0.0013024457,0.001249774,-0.039475597,4000,4000,0,0,0
223472000,223472000,1310988,1310988,0.00030892668,2.1305326e-05,-2.1305503e-05,-0.0014077907,-4.787712e-06,-0.039695863,4000,4000,0,0,0
223972000,223972000,1310988,1310988,-4.4741126e-05,2.6631591e-05,-2.9171788e-13,-0.0012785037,-0.0012593494,-0.03936547,4000,4000,0,0,0
224472000,224472000,1310988,1310988,-0.00043143218,1.0654562e-06,-2.1304909e-06,-0.0012928689,-0.002082955,-0.03905422,4000,4000,0,0,0
224972000,224972000,1310988,1310988,-0.0007169231,6.3914035e-06,-8.522684e-06,-0.001091756,-0.002523488,-0.038896203,4000,4000,0,0,0
225472000,225472000,1310988,1310988,-0.00080747047,-1.9174622e-05,3.1957065e-06,-0.0010007763,-0.0023558943,-0.038671143,4000,4000,0,0,0
225972000,225972000,1310988,1310988,-0.0007137272,-3.0892414e-05,-5.325896e-06,-0.0010390837,-0.0015131349,-0.038939297,4000,4000,0,0,0
226472000,226472000,1310988,1310988,-0.00041012678,-2.9827701e-05,-4.2609336e-06,-0.000972046,-0.000339976,-0.039375048,4000,4000,0,0,0
226972000,226972000,1310988,1310988,-5.006745e-05,-3.195791e-05,7.456906e-06,-0.0010247183,0.0010295075,-0.039628834,4000,4000,0,0,0
227472000,227472000,1310988,1310988,0.00030999197,-3.5153807e-05,2.1304008e-06,-0.0010151415,0.0021499943,-0.039240967,4000,4000,0,0,0
227972000,227972000,1310988,1310988,0.00064341986,-1.9174877e-05,1.0655516e-06,-0.0009768344,0.002906562,-0.03891536,4000,4000,0,0,0
228472000,228472000,1310988,1310988,0.0008309064,-1.9174755e-05,1.2783332e-05,-0.0010438722,0.0028299473,-0.038814798,4000,4000,0,0,0
228972000,228972000,1310988,1310988,0.00074781576,-1.49134385e-05,1.0647957e-06,-0.0010151415,0.002111687,-0.039006334,4000,4000,0,0,0
229472000,229472000,1310988,1310988,0.00051239226,-5.3263684e-06,3.1956567e-06,-0.0008810663,0.0009481047,-0.03958094,4000,4000,0,0,0
229972000,229972000,1310988,1310988,-0.001143029,-5.3265167e-06,-4.2613487e-06,-0.00056503166,0.0039073387,-0.054324437,4000,4000,0,0,0
230472000,230472000,1310988,1310988,-4.261056e-06,-7.4568534e-06,-7.9210667e-13,-0.00044053316,0.0002729397,-0.038968027,4000,4000,0,0,0
230972000,230972000,1310988,1310988,6.3915836e-06,-1.384844e-05,5.053979e-12,-0.00051714765,0.00021547887,-0.038872268,4000,4000,0,0,0
231472000,231472000,1310988,1310988,-7.4568356e-06,-3.0892676e-05,-3.1957888e-06,-0.00050278235,3.830791e-05,-0.038881842,4000,4000,0,0,0
231972000,231972000,1310988,1310988,8.522106e-06,-2.1305295e-05,7.4568466e-06,-0.0006129157,0.00014844122,-0.039039854,4000,4000,0,0,0
232472000,232472000,1310988,1310988,3.1957877e-06,-1.2783171e-05,1.5978972e-05,-0.000545878,0.00023942089,-0.03892972,4000,4000,0,0,0
232972000,232972000,1310988,1310988,9.58737e-06,-1.7044242e-05,4.2610513e-06,-0.00062728085,0.00038307297,-0.03888663,4000,4000,0,0,0
233472000,233472000,1310988,1310988,-5.326338e-06,-1.4913704e-05,1.2783169e-05,-0.000746991,0.0002729397,-0.038896203,4000,4000,0,0,0
233972000,233972000,1310988,1310988,1.2783184e-05,-1.7044229e-05,-2.1305266e-06,-0.000545878,0.00020111365,-0.03898239,4000,4000,0,0,0
234472000,234472000,1310988,1310988,-1.06526395e-05,-1.5978967e-05,-6.3916036e-06,-0.0005267245,0.00031603532,-0.03903028,4000,4000,0,0,0
234972000,234972000,1310988,1310988,1.0652657e-06,-2.130529e-05,2.1305252e-06,-0.00041659115,0.000105345556,-0.038991973,4000,4000,0,0,0
