timestamp,rollspeed_integ,pitchspeed_integ,yawspeed_integ,additional_integ1
8268000,0.0,0.0,0.0,0.0
8272000,0.0,0.0,0.0,0.0
8468000,0.0,0.0,0.0,0.0
8668000,0.0,0.0,0.0,0.0
8864000,0.0,0.0,0.0,0.0
9064000,0.0,0.0,0.0,0.0
9264000,0.0,0.0,0.0,0.0
9468000,0.0,0.0,0.0,0.0
9664000,0.0,0.0,0.0,0.0
9864000,0.0,0.0,0.0,0.0
10064000,0.0,0.0,0.0,0.0
10268000,0.0,0.0,0.0,0.0
10464000,0.0,0.0,0.0,0.0
10664000,0.0,0.0,0.0,0.0
10864000,0.0,0.0,0.0,0.0
11064000,0.0,0.0,0.0,0.0
11268000,0.0,0.0,0.0,0.0
11464000,0.0,0.0,0.0,0.0
11664000,0.0,0.0,0.0,0.0
11864000,0.0,0.0,0.0,0.0
12068000,0.0025620745,0.0028282676,6.337123e-05,0.0
12268000,0.0059028207,0.006476137,0.00013849248,0.0
12468000,0.009316511,0.009990607,0.00020495788,0.0
12668000,0.012938343,0.013666417,0.00028521373,0.0
12864000,0.016177204,0.016840069,0.00036806942,0.0
13068000,0.019862194,0.020329243,0.00045248764,0.0
13264000,0.02369019,0.023776947,0.0005289769,0.0
13464000,0.027769545,0.027435977,0.0006132112,0.0
13664000,0.028847175,0.02798121,0.00050455675,0.0
13868000,0.028306205,0.01972597,0.00038590241,0.0
14064000,0.02839032,0.014890115,0.00035378739,0.0
14264000,0.028595183,0.01337254,0.0003361899,0.0
14464000,0.028841292,0.011741018,0.00028806023,0.0
14664000,0.029094737,0.010325718,0.00025348854,0.0
14864000,0.029219845,0.009025217,0.00024409565,0.0
15064000,0.029260442,0.008148237,0.00023538199,0.0
15264000,0.029308794,0.0072709857,0.00021235087,0.0
15464000,0.029333465,0.0066136066,0.00019406807,0.0
15664000,0.02930774,0.0060496144,0.00019804122,0.0
15864000,0.029349063,0.0057213632,0.00018629599,0.0
16064000,0.029317455,0.005453493,0.00018122271,0.0
16268000,0.029371245,0.005110756,0.00015194085,0.0
16464000,0.029332323,0.0048500067,0.00014674138,0.0
16668000,0.029383421,0.0047006244,0.00013681588,0.0
16864000,0.02938423,0.0043229368,0.00013229833,0.0
17064000,0.0294642,0.0042841053,0.00013463515,0.0
17264000,0.029482037,0.0042189225,0.00011875892,0.0
17464000,0.029590085,0.004261633,0.00011753688,0.0
17668000,0.029586717,0.004425002,0.00012102984,0.0
17864000,0.029545443,0.004491468,0.00011802991,0.0
18064000,0.029440353,0.0045803897,0.00013313166,0.0
18264000,0.02922869,0.004362463,0.00012862902,0.0
18468000,0.029094893,0.0041582254,0.00013175322,0.0
18664000,0.029015344,0.0041265613,0.00012660872,0.0
18864000,0.028893007,0.004256738,0.00012547967,0.0
19064000,0.02882509,0.0041992194,0.00012375042,0.0
19268000,0.02876461,0.004250842,0.00011244647,0.0
19468000,0.028704554,0.0042675557,0.00010650123,0.0
19664000,0.028708754,0.0043088747,0.000111466965,0.0
19864000,0.028747886,0.0042913044,0.00010110878,0.0
20064000,0.028795969,0.00417665,4.2972097e-05,0.0
20268000,0.028871594,0.003875784,2.7953387e-05,0.0
20464000,0.029014923,0.0039095543,2.0055953e-05,0.0
20664000,0.02900634,0.00407823,1.1289577e-05,0.0
20864000,0.028952433,0.004313922,1.0563033e-05,0.0
21064000,0.028980106,0.0041526426,1.1753982e-05,0.0
21264000,0.028665299,0.004146752,1.5206658e-05,0.0
21464000,0.008562816,0.004202771,3.0085246e-05,0.0
21664000,-0.025683798,0.00427518,4.158699e-05,0.0
21864000,-0.07454648,0.004243853,5.437955e-05,0.0
22064000,-0.13628295,0.0043940907,5.798546e-05,0.0
22264000,-0.20920637,0.0043523796,7.980161e-05,0.0
22464000,-0.28854343,0.0044606626,7.570269e-05,0.0
22664000,-0.3,0.0043545254,6.2208244e-05,0.0
22864000,-0.3,0.0045143114,2.5918333e-05,0.0
23064000,-0.3,0.004443942,7.654672e-06,0.0
23268000,-0.3,0.0045495117,-9.189886e-06,0.0
23464000,-0.29989845,0.0045290175,-4.9125414e-05,0.0
23664000,-0.2998798,0.0046187276,-7.683737e-05,0.0
23864000,-0.29985854,0.004508784,-0.00012506754,0.0
24068000,-0.3,0.0044747186,-0.00019728972,0.0
24264000,-0.3,0.0044595324,-0.00025383214,0.0
24464000,-0.29983187,0.004565427,-0.00029246576,0.0
24664000,-0.3,0.0046406165,-0.00030754064,0.0
24864000,-0.3,0.004723364,-0.0003504265,0.0
25064000,-0.3,0.0047168382,-0.00036717538,0.0
25264000,-0.29990524,0.00484032,-0.00039706667,0.0
25464000,-0.3,0.004899155,-0.00039564763,0.0
25664000,-0.3,0.0048477915,-0.00038992116,0.0
25864000,-0.3,0.0049040355,-0.00036401706,0.0
26064000,-0.3,0.0048659304,-0.0003212615,0.0
26264000,-0.3,0.004918005,-0.0002733504,0.0
26464000,-0.3,0.0047172485,-0.00020488241,0.0
26664000,-0.3,0.004834742,-0.00013793698,0.0
26864000,-0.3,0.004739318,-5.757483e-05,0.0
27064000,-0.3,0.0047744517,2.1597636e-05,0.0
27264000,-0.3,0.0047479565,6.742809e-05,0.0
27464000,-0.3,0.0047975085,0.0001344874,0.0
27664000,-0.3,0.0046525174,0.00015624404,0.0
27864000,-0.3,0.0044759596,0.00016215471,0.0
28064000,-0.3,0.004269883,0.00017874577,0.0
28268000,-0.3,0.0041965437,0.00017838714,0.0
28464000,-0.3,0.004187214,0.000183159,0.0
28664000,-0.3,0.0041140057,0.0001394615,0.0
28868000,-0.3,0.0040190755,0.000108163695,0.0
29064000,-0.3,0.0039374204,7.971326e-05,0.0
29264000,-0.3,0.0039936504,7.2546754e-05,0.0
29464000,-0.29993606,0.0040458436,5.4748827e-05,0.0
29664000,-0.3,0.0040919534,3.6921545e-05,0.0
29864000,-0.3,0.0040283017,1.0745366e-06,0.0
30064000,-0.29987153,0.004077343,-3.055625e-05,0.0
30264000,-0.3,0.0040966435,-7.377297e-05,0.0
30464000,-0.3,0.0041410103,-0.000109113025,0.0
30664000,-0.29982948,0.004183808,-0.00014948862,0.0
30864000,-0.3,0.0042551546,-0.00020249121,0.0
31064000,-0.3,0.0043279924,-0.00023405408,0.0
31264000,-0.3,0.0044009867,-0.0002664446,0.0
31464000,-0.3,0.00440568,-0.00028617823,0.0
31668000,-0.3,0.004495553,-0.00029683972,0.0
31864000,-0.29994977,0.004523637,-0.00030673173,0.0
32064000,-0.3,0.0045364555,-0.00029344583,0.0
32264000,-0.3,0.0046148263,-0.00027073477,0.0
32464000,-0.3,0.004668782,-0.00025725344,0.0
32664000,-0.3,0.0046404395,-0.0002096938,0.0
32868000,-0.3,0.0045707487,-0.00015683757,0.0
33068000,-0.3,0.004535505,-9.69457e-05,0.0
33264000,-0.3,0.0045228694,-4.844293e-05,0.0
33464000,-0.3,0.0044770907,1.6751967e-05,0.0
33664000,-0.3,0.0044459687,7.301896e-05,0.0
33864000,-0.3,0.0043998547,0.00013197621,0.0
34068000,-0.3,0.0044412515,0.0001652068,0.0
34264000,-0.3,0.0043335245,0.00017072937,0.0
34464000,-0.3,0.004289649,0.00016902453,0.0
34664000,-0.3,0.004196171,0.00016941711,0.0
34864000,-0.3,0.004185879,0.00016249358,0.0
35064000,-0.3,0.004108809,0.00014548036,0.0
35264000,-0.3,0.004091078,0.00014458687,0.0
35464000,-0.29998156,0.004071567,0.00013449827,0.0
35664000,-0.29995078,0.004150756,0.00013810793,0.0
35868000,-0.29992014,0.0041998136,0.000107154134,0.0
36068000,-0.3,0.004234727,7.719578e-05,0.0
36268000,-0.3,0.0042378544,4.343815e-05,0.0
36468000,-0.3,0.004250569,-1.1925925e-05,0.0
36664000,-0.299847,0.004259664,-7.3265495e-05,0.0
36864000,-0.3,0.0042534326,-0.00014805047,0.0
37064000,-0.29983863,0.004267058,-0.00020936274,0.0
37268000,-0.3,0.0043421136,-0.00022682073,0.0
37464000,-0.3,0.0043811523,-0.0002471105,0.0
37668000,-0.29988644,0.004501292,-0.00026073607,0.0
37864000,-0.3,0.004514466,-0.00027062892,0.0
38064000,-0.3,0.0045619393,-0.00028102798,0.0
38264000,-0.3,0.0045777624,-0.00026786138,0.0
38464000,-0.29999092,0.004626191,-0.0002608718,0.0
38664000,-0.3,0.004572004,-0.00024122417,0.0
38864000,-0.3,0.004581372,-0.00020578786,0.0
39064000,-0.3,0.004498056,-0.00017507756,0.0
39264000,-0.3,0.004434174,-0.00012596932,0.0
39464000,-0.3,0.0044658403,-6.005758e-05,0.0
39668000,-0.3,0.004510026,1.5843141e-05,0.0
39864000,-0.3,0.0044856616,6.612667e-05,0.0
40064000,-0.3,0.0044143563,9.646943e-05,0.0
40264000,-0.3,0.0043934803,0.00014081373,0.0
40464000,-0.3,0.004423269,0.00016510717,0.0
40664000,-0.3,0.004393606,0.00018859834,0.0
40864000,-0.3,0.0042937594,0.00019064306,0.0
41064000,-0.3,0.004229537,0.00017489518,0.0
41268000,-0.3,0.0043002134,0.00016620349,0.0
41464000,-0.3,0.0042197495,0.00015145606,0.0
41668000,-0.3,0.00420517,0.00012861205,0.0
41868000,-0.29996032,0.00423614,9.987947e-05,0.0
42064000,-0.3,0.0042551877,7.0589354e-05,0.0
42268000,-0.2999066,0.004233662,2.1017746e-05,0.0
42464000,-0.2998824,0.0042367433,-2.6089052e-05,0.0
42664000,-0.3,0.004279293,-5.4737473e-05,0.0
42864000,-0.3,0.00434199,-8.75953e-05,0.0
43064000,-0.3,0.004321976,-0.00011405277,0.0
43268000,-0.3,0.004330122,-0.00016614847,0.0
43464000,-0.3,0.0043620267,-0.00020607507,0.0
43664000,-0.3,0.0043568523,-0.00024367649,0.0
43864000,-0.3,0.00439252,-0.00027171455,0.0
44064000,-0.3,0.004466047,-0.00027639975,0.0
44264000,-0.3,0.00449477,-0.00027995446,0.0
44468000,-0.29995212,0.0044737905,-0.0002855321,0.0
44664000,-0.3,0.0044593867,-0.00029299455,0.0
44864000,-0.3,0.0044947746,-0.00026819416,0.0
45064000,-0.3,0.004473369,-0.00022808336,0.0
45264000,-0.3,0.004432072,-0.00018697904,0.0
45464000,-0.3,0.004462182,-0.0001356508,0.0
45664000,-0.3,0.004516356,-8.047044e-05,0.0
45868000,-0.3,0.0044729677,-2.1893398e-05,0.0
46064000,-0.3,0.004404003,2.8591174e-05,0.0
46264000,-0.3,0.00437558,8.982966e-05,0.0
46464000,-0.3,0.0043626227,0.0001320429,0.0
46664000,-0.3,0.00431421,0.00017238602,0.0
46868000,-0.3,0.004342873,0.0001873686,0.0
47064000,-0.3,0.0043036006,0.00018901197,0.0
47264000,-0.3,0.004225122,0.00018685927,0.0
47464000,-0.3,0.0041344264,0.00017949086,0.0
47664000,-0.3,0.004199714,0.0001650265,0.0
47868000,-0.3,0.0042082276,0.00013287524,0.0
48068000,-0.3,0.0041586664,0.00011822808,0.0
48264000,-0.3,0.0041815657,7.622971e-05,0.0
48464000,-0.29991388,0.0041923975,5.487136e-05,0.0
48668000,-0.3,0.0042349314,2.272891e-05,0.0
48864000,-0.3,0.00428834,-3.1758864e-05,0.0
49064000,-0.2998569,0.0042720083,-8.1722865e-05,0.0
49264000,-0.3,0.0043046684,-0.00012061955,0.0
49464000,-0.3,0.004318896,-0.0001507567,0.0
49664000,-0.3,0.0043321894,-0.00019283364,0.0
49864000,-0.3,0.0043367203,-0.00022890964,0.0
50064000,-0.3,0.0043812958,-0.0002434764,0.0
50268000,-0.3,0.004382103,-0.00027214125,0.0
50464000,-0.3,0.0044217804,-0.00027847203,0.0
50664000,-0.3,0.0044217175,-0.00027896193,0.0
50864000,-0.3,0.0045026527,-0.00028750268,0.0
51064000,-0.3,0.0044477195,-0.00027103032,0.0
51264000,-0.3,0.004447223,-0.00024528388,0.0
51468000,-0.3,0.004419997,-0.00019002304,0.0
51664000,-0.3,0.0044416483,-0.00014661848,0.0
51864000,-0.3,0.0044174893,-8.395488e-05,0.0
52068000,-0.3,0.0044332715,-5.0323113e-05,0.0
52264000,-0.3,0.0043913512,-1.6991785e-06,0.0
52464000,-0.3,0.004371251,4.537101e-05,0.0
52664000,-0.3,0.0043222797,0.00010441029,0.0
52864000,-0.3,0.004329653,0.00013954334,0.0
53064000,-0.3,0.0042877095,0.0001632622,0.0
53264000,-0.3,0.0042546447,0.00016670385,0.0
53464000,-0.3,0.0042651263,0.00017614815,0.0
53664000,-0.3,0.004219541,0.00017062163,0.0
53864000,-0.3,0.004237638,0.00016792973,0.0
54064000,-0.3,0.004279925,0.00016325634,0.0
54268000,-0.3,0.0042718234,0.00014054454,0.0
54468000,-0.3,0.0042495644,8.8789486e-05,0.0
54664000,-0.3,0.0042261975,5.824473e-05,0.0
54864000,-0.3,0.004255008,2.2059592e-05,0.0
55068000,-0.3,0.0042787753,-2.3841963e-05,0.0
55264000,-0.29986057,0.0042954236,-7.690919e-05,0.0
55464000,-0.3,0.0042863153,-0.00012541508,0.0
55664000,-0.3,0.0042937007,-0.00015405063,0.0
55864000,-0.3,0.0042968234,-0.00020861495,0.0
56064000,-0.3,0.004352867,-0.00022715045,0.0
56268000,-0.3,0.0043654586,-0.000255075,0.0
56464000,-0.3,0.00442391,-0.00028076515,0.0
56664000,-0.3,0.00441535,-0.00029975962,0.0
56864000,-0.3,0.0044465186,-0.00030836865,0.0
57068000,-0.2999585,0.004425298,-0.00029954078,0.0
57264000,-0.3,0.0044714618,-0.00027629896,0.0
57468000,-0.3,0.0044244053,-0.00024210782,0.0
57668000,-0.3,0.0044358866,-0.00022170422,0.0
57864000,-0.3,0.0044188043,-0.00018768477,0.0
58068000,-0.3,0.0043741143,-0.00014222006,0.0
58264000,-0.3,0.0043981606,-8.731167e-05,0.0
58464000,-0.3,0.0044785766,-3.163911e-05,0.0
58668000,-0.3,0.0044305846,2.1939835e-05,0.0
58864000,-0.3,0.004363763,6.694891e-05,0.0
59064000,-0.3,0.0043305983,0.000110664565,0.0
59264000,-0.3,0.0043091765,0.00013764064,0.0
59464000,-0.3,0.0042949896,0.00017282888,0.0
59664000,-0.3,0.004322414,0.00020397277,0.0
59868000,-0.3,0.004283144,0.00019840786,0.0
60064000,-0.3,0.0042708265,0.00019471113,0.0
60264000,-0.3,0.004270998,0.00016227315,0.0
60464000,-0.3,0.00425264,0.00013680711,0.0
60664000,-0.3,0.0042415448,0.00010666904,0.0
60864000,-0.3,0.0042547304,7.0843475e-05,0.0
61064000,-0.3,0.0042530177,3.1633277e-05,0.0
61264000,-0.2998841,0.0042968974,-3.845904e-06,0.0
61464000,-0.3,0.004274013,-5.047685e-05,0.0
61664000,-0.3,0.0043094642,-9.566517e-05,0.0
61864000,-0.3,0.0043402477,-0.00015164967,0.0
62064000,-0.3,0.004384917,-0.00018331484,0.0
62268000,-0.3,0.0043735397,-0.00021396908,0.0
62468000,-0.29985434,0.0043878714,-0.0002470521,0.0
62664000,-0.3,0.004396876,-0.0002703521,0.0
62868000,-0.29988974,0.004396254,-0.00028055554,0.0
63064000,-0.3,0.004421201,-0.0002777788,0.0
63264000,-0.3,0.004445945,-0.00028016072,0.0
63464000,-0.3,0.0045030727,-0.0002529721,0.0
63668000,-0.3,0.0044626486,-0.0002329674,0.0
63864000,-0.3,0.004444102,-0.00020401739,0.0
64064000,-0.3,0.004466656,-0.00015754627,0.0
64268000,-0.3,0.0044507,-9.1217225e-05,0.0
64464000,-0.3,0.004430426,-5.225332e-05,0.0
64668000,-0.3,0.004423594,1.677715e-06,0.0
64864000,-0.3,0.0043417052,5.4532757e-05,0.0
65064000,-0.3,0.0043509174,9.273241e-05,0.0
65264000,-0.3,0.004347459,0.00013849983,0.0
65464000,-0.3,0.0042960946,0.0001612564,0.0
65664000,-0.3,0.0042513567,0.00017260663,0.0
65868000,-0.3,0.0042224694,0.00019856005,0.0
66064000,-0.3,0.0042680306,0.00020196292,0.0
66264000,-0.3,0.0042220447,0.00018811061,0.0
66468000,-0.3,0.0041379123,0.00016625758,0.0
66664000,-0.3,0.0041619632,0.00014364964,0.0
66864000,-0.3,0.004195407,0.00015021252,0.0
67064000,-0.3,0.004245682,0.00010733495,0.0
67268000,-0.2999186,0.0042402945,5.6578898e-05,0.0
67464000,-0.29989535,0.0042720605,1.0524639e-05,0.0
67664000,-0.3,0.0043064277,-2.9971312e-05,0.0
67864000,-0.3,0.004292235,-5.9284073e-05,0.0
68064000,-0.3,0.0043020304,-9.801484e-05,0.0
68264000,-0.3,0.0043157274,-0.00014579222,0.0
68464000,-0.3,0.00427553,-0.00020803185,0.0
68664000,-0.3,0.004322181,-0.00023670548,0.0
68864000,-0.3,0.0043700724,-0.00023886758,0.0
69064000,-0.2998869,0.004431086,-0.00024317663,0.0
69264000,-0.3,0.004451856,-0.00025322562,0.0
69464000,-0.3,0.0044795796,-0.0002482777,0.0
69664000,-0.3,0.0044709453,-0.00023780625,0.0
69864000,-0.3,0.004451114,-0.0002267877,0.0
70064000,-0.3,0.0044290894,-0.00020345657,0.0
70264000,-0.3,0.00446133,-0.0001590114,0.0
70464000,-0.3,0.00450879,-9.287437e-05,0.0
70668000,-0.3,0.0044379137,-5.496965e-05,0.0
70864000,-0.3,0.0043841377,-1.6654603e-05,0.0
71064000,-0.3,0.0043574544,4.9767084e-05,0.0
71264000,-0.3,0.0043023108,8.779599e-05,0.0
71464000,-0.3,0.004293729,0.00013130537,0.0
71664000,-0.3,0.0043230783,0.00018509045,0.0
71864000,-0.3,0.0042755352,0.00019382354,0.0
72068000,-0.3,0.0042469865,0.00020590867,0.0
72264000,-0.3,0.0041953055,0.00021526762,0.0
72464000,-0.3,0.0041590007,0.00020420327,0.0
72664000,-0.3,0.004109429,0.0002032718,0.0
72864000,-0.3,0.004162423,0.00018840065,0.0
73064000,-0.3,0.004164549,0.00016048715,0.0
73264000,-0.29996097,0.004175592,0.00013497665,0.0
73464000,-0.3,0.004171675,8.21845e-05,0.0
73668000,-0.2999031,0.0041825273,4.5321056e-05,0.0
73864000,-0.3,0.0041864677,7.222112e-06,0.0
74064000,-0.3,0.0041780393,-3.8872968e-05,0.0
74264000,-0.29985404,0.0042094626,-7.976847e-05,0.0
74464000,-0.3,0.004260692,-0.000104143,0.0
74664000,-0.2998425,0.004287784,-0.0001420293,0.0
74864000,-0.29983565,0.004311168,-0.00017749838,0.0
75064000,-0.3,0.0043695797,-0.0002004331,0.0
75268000,-0.29987177,0.004394841,-0.00023346393,0.0
75464000,-0.3,0.004380991,-0.00024075131,0.0
75664000,-0.3,0.0043905796,-0.00025511786,0.0
75864000,-0.3,0.0044151596,-0.00024672653,0.0
76064000,-0.3,0.004433479,-0.00024635647,0.0
76264000,-0.3,0.0044601685,-0.00020885009,0.0
76464000,-0.3,0.0044097328,-0.0001764734,0.0
76664000,-0.3,0.004406994,-0.00013046795,0.0
76864000,-0.3,0.0044346694,-7.4956326e-05,0.0
77064000,-0.3,0.0044286596,-1.7805893e-05,0.0
77264000,-0.3,0.004417261,2.533036e-05,0.0
77468000,-0.3,0.0043974645,8.706953e-05,0.0
77664000,-0.3,0.004387975,0.000119284945,0.0
77868000,-0.3,0.0043402147,0.00016226481,0.0
78064000,-0.3,0.004299071,0.00019938295,0.0
78264000,-0.3,0.0042681526,0.00020611413,0.0
78468000,-0.3,0.0042244596,0.0002158389,0.0
78668000,-0.3,0.004229972,0.00022021006,0.0
78864000,-0.3,0.004290739,0.00021195995,0.0
79068000,-0.3,0.0042422307,0.00020767559,0.0
79264000,-0.3,0.0042479406,0.00018658958,0.0
79468000,-0.3,0.0042632855,0.00014534376,0.0
79668000,-0.3,0.004278574,0.00010990985,0.0
79864000,-0.3,0.004280938,6.408756e-05,0.0
80064000,-0.3,0.0043136263,3.957131e-05,0.0
80264000,-0.3,0.0043057785,-2.4358564e-05,0.0
80468000,-0.29985726,0.004301101,-7.540222e-05,0.0
80664000,-0.3,0.0042841197,-0.000116933676,0.0
80864000,-0.3,0.004344958,-0.00016470652,0.0
81064000,-0.29983997,0.004380004,-0.0002018267,0.0
81264000,-0.3,0.004422121,-0.00022629264,0.0
81464000,-0.3,0.004398266,-0.00024546328,0.0
81664000,-0.29988444,0.0043974477,-0.0002590974,0.0
81864000,-0.3,0.004409574,-0.00027880445,0.0
82064000,-0.3,0.0044626384,-0.0002803532,0.0
82264000,-0.3,0.004427766,-0.00026563514,0.0
82464000,-0.3,0.0044501685,-0.00024124261,0.0
82668000,-0.3,0.0044279043,-0.00020889044,0.0
82864000,-0.3,0.0044064173,-0.00015592505,0.0
83064000,-0.3,0.004381479,-0.00010773065,0.0
83264000,-0.3,0.0043834737,-4.5227232e-05,0.0
83464000,-0.3,0.004367038,-3.6636961e-06,0.0
83664000,-0.3,0.0043356437,4.547795e-05,0.0
83864000,-0.3,0.0042833025,8.161417e-05,0.0
84064000,-0.3,0.004244881,0.00011938959,0.0
84264000,-0.3,0.004215219,0.00014761557,0.0
84464000,-0.3,0.0042048655,0.00017205204,0.0
84664000,-0.3,0.004205615,0.00019390928,0.0
84864000,-0.3,0.004160247,0.00019954403,0.0
85064000,-0.3,0.004170921,0.00020628156,0.0
85264000,-0.3,0.004254674,0.00019809313,0.0
85468000,-0.3,0.004254418,0.00019702129,0.0
85668000,-0.3,0.0042195693,0.00016531162,0.0
85868000,-0.29996055,0.0042216354,0.000120575154,0.0
86064000,-0.3,0.004258744,7.397634e-05,0.0
86268000,-0.3,0.004290993,2.2912915e-05,0.0
86464000,-0.3,0.004307898,-2.4258354e-05,0.0
86664000,-0.3,0.004305783,-7.2646806e-05,0.0
86864000,-0.3,0.0043301936,-0.0001112478,0.0
87064000,-0.3,0.0043096603,-0.00015006374,0.0
87264000,-0.3,0.0043222066,-0.00019671625,0.0
87464000,-0.3,0.004375951,-0.00023177457,0.0
87664000,-0.3,0.004412166,-0.0002566524,0.0
87864000,-0.3,0.004401854,-0.00029175324,0.0
88064000,-0.3,0.0044667386,-0.00028077583,0.0
88264000,-0.3,0.0044950093,-0.00027665697,0.0
88464000,-0.3,0.004466347,-0.0002684101,0.0
88664000,-0.3,0.0044936426,-0.00023985305,0.0
88864000,-0.3,0.004452506,-0.00022259346,0.0
89068000,-0.3,0.004431127,-0.00018712941,0.0
89268000,-0.3,0.004405305,-0.00012671396,0.0
89464000,-0.3,0.0044098413,-7.113856e-05,0.0
89664000,-0.3,0.004406411,-3.0016921e-05,0.0
89864000,-0.3,0.0043311156,1.3479182e-05,0.0
90064000,-0.3,0.0043222383,5.5815904e-05,0.0
90264000,-0.3,0.0042823614,9.346817e-05,0.0
90468000,-0.3,0.004192796,0.00013312946,0.0
90664000,-0.3,0.0042110328,0.00016663015,0.0
90864000,-0.3,0.0041937153,0.0001918743,0.0
91064000,-0.3,0.0041814675,0.0002061581,0.0
91268000,-0.3,0.0041459054,0.00019576642,0.0
91468000,-0.3,0.004127837,0.00019025244,0.0
91664000,-0.3,0.0041458476,0.00017957661,0.0
91868000,-0.3,0.004168388,0.00015983717,0.0
92064000,-0.3,0.004194361,0.0001338462,0.0
92268000,-0.3,0.004205542,0.00010122635,0.0
92464000,-0.3,0.004188502,6.727357e-05,0.0
92664000,-0.3,0.0042250045,4.092013e-06,0.0
92868000,-0.3,0.0041838116,-3.914788e-05,0.0
93064000,-0.3,0.004236044,-8.7921624e-05,0.0
93268000,-0.3,0.0042612166,-0.00013832928,0.0
93464000,-0.3,0.0042727897,-0.00018133209,0.0
93664000,-0.3,0.0042829434,-0.00021081729,0.0
93864000,-0.3,0.004343635,-0.00022327506,0.0
94064000,-0.3,0.0043551773,-0.00024383003,0.0
94264000,-0.3,0.004409241,-0.00025680714,0.0
94468000,-0.2999173,0.004397588,-0.00026496858,0.0
94664000,-0.3,0.0043883817,-0.0002690104,0.0
94864000,-0.29997528,0.004393995,-0.00023973876,0.0
95064000,-0.3,0.004433347,-0.00020914622,0.0
95268000,-0.3,0.00441278,-0.00018174117,0.0
95464000,-0.3,0.0044383686,-0.0001390986,0.0
95664000,-0.3,0.0044278596,-8.860973e-05,0.0
95868000,-0.3,0.0043921145,-6.012082e-05,0.0
96064000,-0.3,0.0043508443,-1.1385624e-05,0.0
96264000,-0.3,0.004312743,5.1746665e-05,0.0
96468000,-0.3,0.004314863,9.4477204e-05,0.0
96668000,-0.3,0.0042791516,0.00014397172,0.0
96864000,-0.3,0.004254558,0.00017773539,0.0
97064000,-0.3,0.004243004,0.00020681162,0.0
97264000,-0.3,0.0042632297,0.00023241284,0.0
97464000,-0.3,0.004287317,0.00023880084,0.0
97664000,-0.3,0.00426014,0.00021919406,0.0
97864000,-0.3,0.004270345,0.00021747411,0.0
98064000,-0.3,0.0042766444,0.00020147505,0.0
98268000,-0.3,0.004286947,0.00016784496,0.0
98464000,-0.3,0.0042777513,0.00012782976,0.0
98664000,-0.3,0.0042846776,9.103134e-05,0.0
98864000,-0.29990008,0.0043402496,3.458457e-05,0.0
99064000,-0.3,0.00434184,4.1391113e-06,0.0
99264000,-0.3,0.0043324614,-4.3449836e-05,0.0
99464000,-0.2998492,0.004352274,-8.814771e-05,0.0
99664000,-0.3,0.0043811086,-0.00014013125,0.0
99864000,-0.3,0.0043850336,-0.0001851343,0.0
100064000,-0.29985097,0.0043695574,-0.00022812208,0.0
100264000,-0.3,0.004402091,-0.00025134868,0.0
100464000,-0.3,0.0044264565,-0.0002602606,0.0
100668000,-0.3,0.0044248453,-0.00025235012,0.0
100864000,-0.29992697,0.004433466,-0.00025007577,0.0
101064000,-0.3,0.0044127256,-0.0002442842,0.0
101268000,-0.3,0.0044300817,-0.00022395783,0.0
101468000,-0.3,0.0044572544,-0.00018551594,0.0
101664000,-0.3,0.0043503176,-0.00015539512,0.0
101864000,-0.3,0.00433225,-0.000107635635,0.0
102064000,-0.3,0.004298835,-7.527561e-05,0.0
102264000,-0.3,0.0043161577,-2.3831211e-05,0.0
102464000,-0.3,0.0042916266,2.178507e-05,0.0
102664000,-0.3,0.004262236,9.2433795e-05,0.0
102868000,-0.3,0.0042016115,0.00014148814,0.0
103064000,-0.3,0.004219748,0.00017489176,0.0
103268000,-0.3,0.004165771,0.00019189475,0.0
103464000,-0.3,0.0041596917,0.0002125467,0.0
103664000,-0.3,0.004118058,0.0002185203,0.0
103864000,-0.3,0.0041082115,0.00021310082,0.0
104064000,-0.3,0.004098184,0.00022017279,0.0
104264000,-0.3,0.0041104564,0.00020281287,0.0
104464000,-0.3,0.004095799,0.00018305998,0.0
104668000,-0.3,0.0041629695,0.00014971993,0.0
104864000,-0.3,0.004151485,0.00012635464,0.0
105068000,-0.29990917,0.004167257,7.581383e-05,0.0
105264000,-0.3,0.004186793,3.9809544e-05,0.0
105468000,-0.3,0.004238929,-2.5911444e-07,0.0
105664000,-0.29985306,0.004275488,-5.1136343e-05,0.0
105864000,-0.3,0.004277111,-0.000104561805,0.0
106064000,-0.3,0.004284174,-0.00012346411,0.0
106264000,-0.3,0.0043270024,-0.0001738639,0.0
106464000,-0.29984942,0.004357696,-0.00021277525,0.0
106668000,-0.3,0.004348017,-0.00023799799,0.0
106868000,-0.3,0.004374387,-0.00024644,0.0
107064000,-0.3,0.004403056,-0.0002610587,0.0
107264000,-0.3,0.0044048657,-0.00026099084,0.0
107464000,-0.3,0.004411032,-0.00024000065,0.0
107668000,-0.3,0.004366646,-0.0002193425,0.0
107864000,-0.3,0.0043723844,-0.00018180348,0.0
108064000,-0.3,0.0043490618,-0.00014608279,0.0
108268000,-0.3,0.004336763,-0.000100746525,0.0
108464000,-0.3,0.004341967,-4.6141762e-05,0.0
108664000,-0.3,0.004349395,-2.4262556e-07,0.0
108864000,-0.3,0.0042597638,4.4399298e-05,0.0
109064000,-0.3,0.0042624176,0.00010050849,0.0
109264000,-0.3,0.004231574,0.00013778935,0.0
109464000,-0.3,0.004227697,0.00017000857,0.0
109664000,-0.3,0.004207431,0.00019958925,0.0
109868000,-0.3,0.004219307,0.00021672418,0.0
110068000,-0.3,0.004197998,0.00023321102,0.0
110268000,-0.3,0.004223824,0.00023310559,0.0
110464000,-0.3,0.0042354944,0.00020915095,0.0
110664000,-0.3,0.0042230403,0.00018913148,0.0
110864000,-0.3,0.0042051654,0.00015219722,0.0
111064000,-0.3,0.004261964,0.00012998322,0.0
111264000,-0.29991528,0.0042685308,9.235158e-05,0.0
111464000,-0.3,0.0043134643,4.2861004e-05,0.0
111664000,-0.299872,0.004316239,-4.616313e-06,0.0
111864000,-0.3,0.004347962,-5.4888358e-05,0.0
112064000,-0.3,0.004363817,-9.948342e-05,0.0
112268000,-0.3,0.004382451,-0.00014544152,0.0
112464000,-0.3,0.004428029,-0.0001887164,0.0
112668000,-0.29984528,0.004446801,-0.0002314295,0.0
112864000,-0.3,0.00447446,-0.00025096696,0.0
113064000,-0.3,0.004471604,-0.0002725445,0.0
113268000,-0.3,0.0044975146,-0.00027375447,0.0
113468000,-0.3,0.004506038,-0.0002822976,0.0
113664000,-0.29996666,0.004539282,-0.00026516215,0.0
113864000,-0.29999772,0.0045113335,-0.00023657233,0.0
114064000,-0.3,0.004477548,-0.0002115417,0.0
114264000,-0.3,0.0044649206,-0.0001662134,0.0
114464000,-0.3,0.004468818,-0.00011934,0.0
114664000,-0.3,0.004429878,-6.3080755e-05,0.0
114864000,-0.3,0.004415001,-5.6042713e-06,0.0
115068000,-0.3,0.004320508,2.994772e-05,0.0
115264000,-0.3,0.004337659,7.861951e-05,0.0
115464000,-0.3,0.004347174,0.00014260497,0.0
115664000,-0.3,0.004321521,0.00017410319,0.0
115864000,-0.3,0.004277222,0.00018799798,0.0
116064000,-0.3,0.00424923,0.00018432301,0.0
116264000,-0.3,0.004200377,0.00020510546,0.0
116464000,-0.3,0.004249252,0.00021084433,0.0
116664000,-0.3,0.004226682,0.00019746205,0.0
116864000,-0.3,0.0042226953,0.00017727521,0.0
117064000,-0.3,0.004205581,0.00016018897,0.0
117264000,-0.29996136,0.004231902,0.00012649517,0.0
117464000,-0.3,0.0042589703,8.064116e-05,0.0
117664000,-0.3,0.004306298,2.9407018e-05,0.0
117864000,-0.3,0.0042690937,-7.509944e-06,0.0
118064000,-0.29986116,0.004305963,-5.8561196e-05,0.0
118264000,-0.3,0.0043269736,-0.00010341276,0.0
118464000,-0.3,0.004362223,-0.00014030054,0.0
118664000,-0.3,0.004355859,-0.0001834874,0.0
118864000,-0.3,0.004351594,-0.00021438423,0.0
119064000,-0.29985544,0.0044209105,-0.00024403914,0.0
119268000,-0.3,0.0044316873,-0.00026161422,0.0
119464000,-0.3,0.004438124,-0.00026312293,0.0
119668000,-0.29992044,0.0044849943,-0.00027876973,0.0
119864000,-0.3,0.004469069,-0.0002697228,0.0
120064000,-0.29998362,0.0044883154,-0.0002533441,0.0
120264000,-0.3,0.004450128,-0.00023789589,0.0
120464000,-0.3,0.004458736,-0.00018458243,0.0
120664000,-0.3,0.0044352617,-0.00015186236,0.0
120864000,-0.3,0.0044360077,-9.307699e-05,0.0
121064000,-0.3,0.0044019003,-4.8338454e-05,0.0
121264000,-0.3,0.0043816925,9.825766e-06,0.0
121468000,-0.3,0.004342223,7.3083706e-05,0.0
121668000,-0.3,0.00438258,0.00010641439,0.0
121868000,-0.3,0.0043246318,0.0001199642,0.0
122064000,-0.3,0.0042910087,0.00014689672,0.0
122264000,-0.3,0.0042222454,0.00015832033,0.0
122464000,-0.3,0.0042278073,0.00018609238,0.0
122664000,-0.3,0.00424586,0.00019759181,0.0
122864000,-0.3,0.0042489506,0.0002111886,0.0
123064000,-0.3,0.0042336807,0.00019402825,0.0
123264000,-0.3,0.004247071,0.00017854097,0.0
123464000,-0.3,0.004275509,0.0001261139,0.0
123664000,-0.3,0.0042418595,8.5400556e-05,0.0
123868000,-0.29991803,0.0042471397,4.8483696e-05,0.0
124064000,-0.3,0.0042570694,-8.9542937e-07,0.0
124264000,-0.3,0.0042929114,-3.7080423e-05,0.0
124464000,-0.3,0.0042918557,-9.250525e-05,0.0
124664000,-0.3,0.0043394915,-0.00014545445,0.0
124864000,-0.3,0.004356661,-0.00018838223,0.0
125068000,-0.29984552,0.0043578525,-0.00021506703,0.0
125264000,-0.3,0.0043894355,-0.00024206235,0.0
125464000,-0.29986694,0.0043966454,-0.0002736679,0.0
125664000,-0.29988286,0.004414646,-0.0002871578,0.0
125864000,-0.29990476,0.004421228,-0.00029330718,0.0
126064000,-0.3,0.004440849,-0.00027776734,0.0
126264000,-0.2999698,0.004476535,-0.00025144775,0.0
126464000,-0.3,0.0044419835,-0.00023054119,0.0
126664000,-0.3,0.004452524,-0.00019420685,0.0
126864000,-0.3,0.0044581452,-0.00015460691,0.0
127068000,-0.3,0.0044224556,-0.00010744211,0.0
127268000,-0.3,0.0043830695,-6.467813e-05,0.0
127464000,-0.3,0.00435756,-7.0616306e-06,0.0
127668000,-0.3,0.004350249,3.41591e-05,0.0
127864000,-0.3,0.004306501,6.854649e-05,0.0
128064000,-0.3,0.0042854426,0.0001279282,0.0
128268000,-0.3,0.0042937864,0.00014436847,0.0
128464000,-0.3,0.00426837,0.00018369433,0.0
128664000,-0.3,0.0042279246,0.00019325923,0.0
128864000,-0.3,0.004198162,0.00019850138,0.0
129064000,-0.3,0.00415538,0.00020909804,0.0
129264000,-0.3,0.0041688513,0.00020207133,0.0
129468000,-0.3,0.0041888487,0.00018958605,0.0
129664000,-0.3,0.004165973,0.00014702798,0.0
129864000,-0.3,0.0042044125,0.00012815825,0.0
130064000,-0.2999363,0.0042347773,8.178568e-05,0.0
130268000,-0.3,0.004238644,4.4408287e-05,0.0
130464000,-0.3,0.0042365994,-8.928559e-06,0.0
130664000,-0.3,0.0042542247,-5.6319044e-05,0.0
130864000,-0.3,0.0042301835,-0.000114787275,0.0
131064000,-0.3,0.004240608,-0.00014387825,0.0
131268000,-0.3,0.0042970018,-0.00016516929,0.0
131468000,-0.29984185,0.004340227,-0.00021096591,0.0
131664000,-0.3,0.0043419003,-0.00023982496,0.0
131864000,-0.29987773,0.004332406,-0.00025047563,0.0
132064000,-0.29989916,0.00433853,-0.00026926867,0.0
132268000,-0.29992595,0.004330326,-0.00026614423,0.0
132464000,-0.3,0.004337984,-0.00025696706,0.0
132664000,-0.3,0.0043347552,-0.000233015,0.0
132864000,-0.3,0.0043168324,-0.00019798761,0.0
133064000,-0.3,0.0043056267,-0.00017277908,0.0
133264000,-0.3,0.0043143774,-0.00013209389,0.0
133464000,-0.3,0.0042926297,-9.859034e-05,0.0
133668000,-0.3,0.0042678835,-4.4842185e-05,0.0
133868000,-0.3,0.0042414744,3.5027535e-06,0.0
134064000,-0.3,0.004267146,5.3993394e-05,0.0
134264000,-0.3,0.0042089066,0.00010339619,0.0
134464000,-0.3,0.004158626,0.00013263086,0.0
134664000,-0.3,0.004142138,0.00015846314,0.0
134864000,-0.3,0.004118196,0.00018657031,0.0
135064000,-0.3,0.004099702,0.00019891698,0.0
135264000,-0.3,0.004122488,0.00019636609,0.0
135468000,-0.3,0.0041649374,0.00019718203,0.0
135664000,-0.3,0.0041281017,0.00017373949,0.0
135864000,-0.3,0.004144488,0.000146033,0.0
136068000,-0.3,0.004152978,0.000116752664,0.0
136264000,-0.2999428,0.0041557625,9.0972506e-05,0.0
136464000,-0.3,0.004233317,5.3424912e-05,0.0
136668000,-0.3,0.0042579323,2.3763687e-05,0.0
136868000,-0.3,0.004299762,-3.1791187e-05,0.0
137064000,-0.3,0.0042626066,-7.71455e-05,0.0
137264000,-0.3,0.0042806393,-0.00012634396,0.0
137464000,-0.3,0.0042708316,-0.00016441426,0.0
137664000,-0.3,0.004238122,-0.00020273535,0.0
137864000,-0.3,0.0042620427,-0.0002243093,0.0
138064000,-0.3,0.0043125977,-0.00023972445,0.0
138264000,-0.3,0.0043291007,-0.0002546879,0.0
138464000,-0.29991403,0.004336984,-0.00025289727,0.0
138664000,-0.3,0.0043477607,-0.00025989107,0.0
138864000,-0.2999786,0.004393608,-0.00025349352,0.0
139064000,-0.3,0.004348863,-0.00021625993,0.0
139264000,-0.3,0.0043611797,-0.00018407726,0.0
139464000,-0.3,0.004381547,-0.0001489473,0.0
139664000,-0.3,0.0043168627,-0.00010222979,0.0
139864000,-0.3,0.004246996,-7.2524446e-05,0.0
140064000,-0.3,0.0042697173,-2.4430088e-05,0.0
140268000,-0.3,0.0043039927,2.9413342e-05,0.0
140464000,-0.3,0.004259278,7.251144e-05,0.0
140664000,-0.3,0.0042484184,0.00010511769,0.0
140864000,-0.3,0.0042041657,0.00013619487,0.0
141064000,-0.3,0.004168953,0.00014944554,0.0
141268000,-0.3,0.004121047,0.0001773563,0.0
141468000,-0.3,0.004168992,0.00018888549,0.0
141664000,-0.3,0.0041783815,0.00020437663,0.0
141868000,-0.3,0.004190726,0.00019096614,0.0
142064000,-0.3,0.004190112,0.00017668898,0.0
142264000,-0.3,0.004230775,0.00014210999,0.0
142464000,-0.3,0.0042136027,0.00010959507,0.0
142664000,-0.29992452,0.0042345715,6.758338e-05,0.0
142864000,-0.3,0.004232449,3.9355666e-05,0.0
143064000,-0.3,0.0042571086,-3.2996315e-05,0.0
143264000,-0.3,0.0042611826,-6.637513e-05,0.0
143464000,-0.3,0.0043067737,-0.0001054783,0.0
143664000,-0.3,0.00429657,-0.00015061871,0.0
143864000,-0.29983363,0.0043743798,-0.00018234979,0.0
144068000,-0.3,0.004399146,-0.00021448174,0.0
144264000,-0.3,0.0044149533,-0.00024576276,0.0
144468000,-0.3,0.004445485,-0.00025981347,0.0
144664000,-0.3,0.004466497,-0.0002937093,0.0
144868000,-0.29992658,0.004454931,-0.0002874111,0.0
145064000,-0.3,0.00450697,-0.00026954152,0.0
145268000,-0.3,0.004501902,-0.00025578876,0.0
145464000,-0.3,0.0045030653,-0.00023216024,0.0
145664000,-0.3,0.0044820183,-0.00018429433,0.0
145864000,-0.3,0.0045126053,-0.00013484259,0.0
146064000,-0.3,0.004521904,-8.441907e-05,0.0
146264000,-0.3,0.0045140604,-3.674468e-05,0.0
146464000,-0.3,0.0044895955,2.8689277e-05,0.0
146664000,-0.3,0.0044339155,6.786593e-05,0.0
146864000,-0.3,0.004414602,0.00011184921,0.0
147068000,-0.3,0.004379306,0.00015510686,0.0
147264000,-0.3,0.004415369,0.00018463434,0.0
147464000,-0.3,0.004396829,0.00022267911,0.0
147664000,-0.3,0.0044074636,0.0002410399,0.0
147864000,-0.3,0.0043671136,0.0002100187,0.0
148068000,-0.3,0.0043899086,0.00020481601,0.0
148268000,-0.3,0.004355023,0.00019329197,0.0
148464000,-0.3,0.004366301,0.00017757244,0.0
148664000,-0.29996994,0.0044027036,0.00014805346,0.0
148868000,-0.3,0.0044400557,0.000106526546,0.0
149064000,-0.3,0.004411919,5.9925867e-05,0.0
149264000,-0.3,0.0043730033,6.4390283e-06,0.0
149468000,-0.3,0.004375229,-3.582338e-05,0.0
149664000,-0.3,0.004410708,-8.7910754e-05,0.0
149864000,-0.3,0.0044444557,-0.00012249658,0.0
150064000,-0.3,0.004475323,-0.00017258032,0.0
150264000,-0.3,0.004497869,-0.00022324898,0.0
150464000,-0.3,0.0045254077,-0.00025802647,0.0
150664000,-0.3,0.004533314,-0.0002827007,0.0
150864000,-0.3,0.004539994,-0.0002955443,0.0
151064000,-0.3,0.0045143827,-0.00030188804,0.0
151268000,-0.2999481,0.0045256447,-0.00029461348,0.0
151464000,-0.3,0.004562846,-0.0002666603,0.0
151668000,-0.3,0.00458404,-0.00024069379,0.0
151864000,-0.3,0.0045733848,-0.00020398376,0.0
152068000,-0.3,0.0045955083,-0.0001647096,0.0
152268000,-0.3,0.00452749,-0.00011811706,0.0
152464000,-0.3,0.0045176432,-5.047824e-05,0.0
152664000,-0.3,0.004517285,-6.0939055e-07,0.0
152868000,-0.3,0.0045091575,5.2681105e-05,0.0
153064000,-0.3,0.004475744,9.7271426e-05,0.0
153264000,-0.3,0.0044667018,0.00014367182,0.0
153464000,-0.3,0.0044564656,0.00019079045,0.0
153664000,-0.3,0.004409628,0.00020798249,0.0
153864000,-0.3,0.004356194,0.0002116135,0.0
154064000,-0.3,0.004324262,0.00020531958,0.0
154264000,-0.3,0.004324061,0.00019642811,0.0
154468000,-0.3,0.004329694,0.00018287699,0.0
154664000,-0.3,0.0043006637,0.00017368767,0.0
154864000,-0.3,0.004306293,0.00013030124,0.0
155064000,-0.3,0.00430749,0.00010166671,0.0
155264000,-0.3,0.004290489,5.129896e-05,0.0
155464000,-0.3,0.0043451632,8.244923e-06,0.0
155664000,-0.3,0.0043789335,-3.8311697e-05,0.0
155864000,-0.3,0.0043850373,-9.9380464e-05,0.0
156064000,-0.3,0.0043464145,-0.00015892374,0.0
156264000,-0.3,0.0043170424,-0.00019262978,0.0
156468000,-0.3,0.0043409313,-0.00023141128,0.0
156668000,-0.3,0.0044290787,-0.00026041255,0.0
156864000,-0.2998634,0.004415082,-0.00027697854,0.0
157068000,-0.3,0.004390452,-0.00028757163,0.0
157264000,-0.3,0.0044015516,-0.00028883215,0.0
157464000,-0.3,0.004433759,-0.00028478185,0.0
157664000,-0.3,0.0044695316,-0.0002643094,0.0
157864000,-0.29999673,0.0044185957,-0.00024272573,0.0
158064000,-0.3,0.004399281,-0.00019864169,0.0
158268000,-0.3,0.004440057,-0.0001640143,0.0
158468000,-0.3,0.004480223,-0.00011394243,0.0
158664000,-0.3,0.004407994,-6.869058e-05,0.0
158864000,-0.3,0.004304264,-1.7338749e-05,0.0
159068000,-0.3,0.004312323,3.5046716e-05,0.0
159268000,-0.3,0.004327778,8.795869e-05,0.0
159464000,-0.3,0.004315935,0.00012732568,0.0
159664000,-0.3,0.004280424,0.00013922626,0.0
159864000,-0.3,0.0042032916,0.00016553886,0.0
160064000,-0.3,0.0041834586,0.0001845082,0.0
160264000,-0.3,0.0042418423,0.00020097803,0.0
160464000,-0.3,0.004265743,0.0002078078,0.0
160664000,-0.3,0.0042254906,0.00020425733,0.0
160868000,-0.3,0.004195805,0.00016813903,0.0
161064000,-0.3,0.004251972,0.00014558338,0.0
161268000,-0.3,0.0042611756,0.00010869523,0.0
161464000,-0.3,0.0042247544,6.899886e-05,0.0
161664000,-0.29990354,0.0042395038,1.7561882e-05,0.0
161864000,-0.3,0.0042241323,-3.244117e-05,0.0
162064000,-0.3,0.0042312364,-9.1734924e-05,0.0
162264000,-0.3,0.004248703,-0.00013634977,0.0
162464000,-0.3,0.004228083,-0.00016896846,0.0
162664000,-0.29983866,0.004242926,-0.00020360311,0.0
162864000,-0.3,0.004259692,-0.00024332122,0.0
163068000,-0.3,0.0043016006,-0.00027371955,0.0
163268000,-0.3,0.0042918585,-0.00028969417,0.0
163468000,-0.29989433,0.004290682,-0.0003022399,0.0
163664000,-0.3,0.0043300074,-0.00029371187,0.0
163868000,-0.2999541,0.004330138,-0.00027860922,0.0
164064000,-0.2999811,0.004342351,-0.0002670592,0.0
164264000,-0.3,0.0043534013,-0.00022828054,0.0
164464000,-0.3,0.0043510646,-0.0001800972,0.0
164664000,-0.3,0.0043032244,-0.00014976779,0.0
164864000,-0.3,0.0042627854,-0.00010063962,0.0
165064000,-0.3,0.004207543,-6.7804816e-05,0.0
165268000,-0.3,0.004199968,-1.68613e-05,0.0
165464000,-0.3,0.004155043,3.565746e-05,0.0
165664000,-0.3,0.0041443086,6.429378e-05,0.0
165864000,-0.3,0.0041635814,0.000117749834,0.0
166064000,-0.3,0.004139038,0.00014016389,0.0
166264000,-0.3,0.004071966,0.0001522235,0.0
166464000,-0.3,0.004076973,0.00016533233,0.0
166664000,-0.3,0.0041034827,0.00018022292,0.0
166868000,-0.3,0.0040419106,0.00018067136,0.0
167064000,-0.3,0.004083169,0.00017619673,0.0
167268000,-0.3,0.004121024,0.00015934836,0.0
167464000,-0.3,0.004102364,0.0001298402,0.0
167664000,-0.3,0.0040869825,9.382674e-05,0.0
167864000,-0.3,0.00409005,4.6053643e-05,0.0
168064000,-0.3,0.004123051,-5.630227e-06,0.0
168264000,-0.3,0.004170535,-5.3867912e-05,0.0
168468000,-0.3,0.0041605453,-9.7053606e-05,0.0
168664000,-0.3,0.0041563385,-0.00013873474,0.0
168864000,-0.29984152,0.00413238,-0.00016543623,0.0
169064000,-0.29984027,0.004211221,-0.00022099365,0.0
169268000,-0.3,0.0041835047,-0.00023803586,0.0
169464000,-0.3,0.004205036,-0.0002652971,0.0
169664000,-0.3,0.0042342045,-0.0002733878,0.0
169864000,-0.3,0.0042576636,-0.00026884992,0.0
170064000,-0.3,0.004289217,-0.00025954706,0.0
170264000,-0.3,0.0042702816,-0.00025893401,0.0
170468000,-0.3,0.004289236,-0.00023800203,0.0
170668000,-0.3,0.0043060477,-0.00022152155,0.0
170864000,-0.3,0.0042992868,-0.00018150177,0.0
171068000,-0.3,0.0042892825,-0.00013383698,0.0
171264000,-0.3,0.0042539504,-8.6898894e-05,0.0
171464000,-0.3,0.0042567286,-3.610129e-05,0.0
171664000,-0.3,0.0042838496,1.5655318e-05,0.0
171864000,-0.3,0.004268225,6.728058e-05,0.0
172064000,-0.3,0.004259196,0.00010729774,0.0
172264000,-0.3,0.0042721704,0.00014111653,0.0
172464000,-0.3,0.004254684,0.00016116248,0.0
172664000,-0.3,0.0042074234,0.00016911299,0.0
172864000,-0.3,0.0041820845,0.00016548492,0.0
173064000,-0.3,0.0042268345,0.00017925532,0.0
173264000,-0.3,0.0042627533,0.00017858119,0.0
173464000,-0.3,0.0042877374,0.00016145741,0.0
173664000,-0.3,0.0042848904,0.00014573877,0.0
173864000,-0.29995748,0.004308921,0.00012166513,0.0
174064000,-0.3,0.0043263813,7.7843455e-05,0.0
174264000,-0.3,0.004320309,2.3513585e-05,0.0
174464000,-0.3,0.0043433416,-2.4142464e-05,0.0
174664000,-0.29985934,0.0043431614,-5.8400743e-05,0.0
174864000,-0.3,0.004354661,-0.000117641364,0.0
175064000,-0.3,0.0043501467,-0.00013213487,0.0
175268000,-0.3,0.004386091,-0.00018637528,0.0
175464000,-0.3,0.0044520386,-0.00021299858,0.0
175664000,-0.3,0.004455701,-0.00022987144,0.0
175864000,-0.3,0.0044395183,-0.0002513245,0.0
176064000,-0.3,0.004439161,-0.0002607083,0.0
176264000,-0.3,0.0044402815,-0.00027112805,0.0
176464000,-0.3,0.0044059157,-0.0002654827,0.0
176664000,-0.3,0.0043825186,-0.00025087435,0.0
176864000,-0.3,0.004402446,-0.00021753903,0.0
177064000,-0.3,0.004419006,-0.00017498512,0.0
177264000,-0.3,0.004403161,-0.00012340683,0.0
177468000,-0.3,0.0043964554,-8.056128e-05,0.0
177664000,-0.3,0.0043559573,-3.8649727e-05,0.0
177868000,-0.3,0.004338466,2.0829408e-05,0.0
178064000,-0.3,0.004313898,7.685152e-05,0.0
178264000,-0.3,0.004357417,0.00011403172,0.0
178464000,-0.3,0.004303704,0.00014946693,0.0
178664000,-0.3,0.0042995224,0.00018026165,0.0
178868000,-0.3,0.0043155616,0.00020012104,0.0
179068000,-0.3,0.004300204,0.00022779804,0.0
179264000,-0.3,0.004275854,0.00022570834,0.0
179468000,-0.3,0.004277153,0.00020291438,0.0
179664000,-0.3,0.004317406,0.00018915856,0.0
179864000,-0.3,0.0042962423,0.00016014694,0.0
180064000,-0.3,0.0043339906,0.00013617582,0.0
180264000,-0.3,0.00435831,0.0001094863,0.0
180464000,-0.3,0.004353182,7.1244984e-05,0.0
180668000,-0.3,0.004364636,7.4429727e-06,0.0
180864000,-0.3,0.004366794,-2.5162175e-05,0.0
181064000,-0.3,0.0044064075,-6.128042e-05,0.0
181264000,-0.2998465,0.0044224397,-9.116464e-05,0.0
181464000,-0.3,0.004404951,-0.00013390224,0.0
181664000,-0.3,0.0044031492,-0.00018973375,0.0
181864000,-0.3,0.004404163,-0.00022968133,0.0
182064000,-0.3,0.0044047255,-0.00025276293,0.0
182264000,-0.3,0.004408205,-0.00025751337,0.0
182464000,-0.3,0.0044709872,-0.00026691356,0.0
182668000,-0.3,0.0044537373,-0.00025280556,0.0
182864000,-0.2999761,0.004461314,-0.0002469568,0.0
183064000,-0.3,0.0044425526,-0.000232232,0.0
183264000,-0.3,0.0044550626,-0.00020214837,0.0
183464000,-0.3,0.0044424627,-0.00015116156,0.0
183668000,-0.3,0.004431453,-9.459769e-05,0.0
183864000,-0.3,0.004429875,-4.7607806e-05,0.0
184064000,-0.3,0.0043820697,-1.5104019e-05,0.0
184268000,-0.3,0.0043398663,4.45692e-05,0.0
184464000,-0.3,0.0043228185,9.881098e-05,0.0
184664000,-0.3,0.004294345,0.00013912874,0.0
184868000,-0.3,0.0042747348,0.00017794502,0.0
185064000,-0.3,0.004245078,0.0001892059,0.0
185264000,-0.3,0.0042076497,0.00020269206,0.0
185468000,-0.3,0.004223632,0.00021295228,0.0
185664000,-0.3,0.0042405026,0.00022292045,0.0
185864000,-0.3,0.0042628306,0.00021712345,0.0
186064000,-0.3,0.004271361,0.0001841342,0.0
186268000,-0.3,0.0042805914,0.00014863085,0.0
186464000,-0.3,0.0042588743,0.00011138659,0.0
186664000,-0.3,0.0042814054,7.478721e-05,0.0
186864000,-0.2999026,0.0042660865,2.8215192e-05,0.0
187064000,-0.3,0.0043004695,-2.5231853e-05,0.0
187264000,-0.3,0.004299986,-6.302056e-05,0.0
187464000,-0.29984507,0.004313761,-0.0001097679,0.0
187668000,-0.2998382,0.0043321955,-0.000155888,0.0
187864000,-0.2998355,0.0043113516,-0.00019865861,0.0
188064000,-0.2998511,0.0043608113,-0.00022675449,0.0
188264000,-0.3,0.004353046,-0.00024690008,0.0
188468000,-0.3,0.0043660803,-0.0002556225,0.0
188664000,-0.3,0.0043904507,-0.0002611357,0.0
188864000,-0.29992807,0.0043284856,-0.0002671037,0.0
189064000,-0.3,0.0043647983,-0.00025833515,0.0
189268000,-0.29998907,0.004387916,-0.00022935284,0.0
189468000,-0.3,0.0043586604,-0.00020784275,0.0
189664000,-0.3,0.004375842,-0.00017372782,0.0
189868000,-0.3,0.0043749,-0.00012791909,0.0
190064000,-0.3,0.004293744,-8.5382075e-05,0.0
190264000,-0.3,0.004284877,-3.405819e-05,0.0
190464000,-0.3,0.004235761,2.1382315e-05,0.0
190664000,-0.3,0.0041936766,6.897998e-05,0.0
190868000,-0.3,0.0042229104,0.00011942972,0.0
191068000,-0.3,0.0041955537,0.00016910925,0.0
191268000,-0.3,0.0041529895,0.00019382821,0.0
191464000,-0.3,0.00412271,0.00021197234,0.0
191664000,-0.3,0.0041658985,0.00022225273,0.0
191864000,-0.3,0.0041494966,0.00022130701,0.0
192064000,-0.3,0.0041242912,0.0002109002,0.0
192264000,-0.3,0.0041563506,0.00019263432,0.0
192464000,-0.3,0.0041409447,0.00016810907,0.0
192664000,-0.29997227,0.004142673,0.00013800603,0.0
192864000,-0.3,0.0041979756,0.00010895415,0.0
193064000,-0.3,0.004222911,6.887098e-05,0.0
193264000,-0.3,0.0041982983,1.31620545e-05,0.0
193464000,-0.3,0.004210787,-3.9311173e-05,0.0
193668000,-0.3,0.0042084963,-9.363054e-05,0.0
193864000,-0.3,0.004214801,-0.00014733206,0.0
194064000,-0.3,0.0042464463,-0.00018102958,0.0
194264000,-0.3,0.00427763,-0.00021303876,0.0
194464000,-0.3,0.0042891013,-0.00025081183,0.0
194664000,-0.29986623,0.0042815176,-0.0002772472,0.0
194864000,-0.3,0.0043143337,-0.00029007514,0.0
195064000,-0.3,0.0043356414,-0.00028523876,0.0
195264000,-0.3,0.004376905,-0.00028148768,0.0
195464000,-0.3,0.0043854676,-0.00025090453,0.0
195664000,-0.3,0.0043906914,-0.00022150551,0.0
195864000,-0.3,0.004381003,-0.00019773096,0.0
196064000,-0.3,0.0043614698,-0.00015046757,0.0
196264000,-0.3,0.0043575526,-0.00011235677,0.0
196464000,-0.3,0.0043152813,-5.7147645e-05,0.0
196664000,-0.3,0.004342266,-1.0729573e-05,0.0
196868000,-0.3,0.0043050484,2.9742456e-05,0.0
197064000,-0.3,0.004234121,6.667932e-05,0.0
197264000,-0.3,0.0042186007,0.00011558878,0.0
197464000,-0.3,0.004249503,0.0001586839,0.0
197664000,-0.3,0.0042299423,0.0001789658,0.0
197868000,-0.3,0.0042060493,0.0001987725,0.0
198064000,-0.3,0.0041958825,0.00019486458,0.0
198264000,-0.3,0.0042094947,0.0002170719,0.0
198464000,-0.3,0.0042211763,0.00020994397,0.0
198664000,-0.3,0.0042622006,0.00018013369,0.0
198864000,-0.29998308,0.004241757,0.0001668251,0.0
199064000,-0.3,0.0043091695,0.00013626333,0.0
199264000,-0.3,0.004339171,8.9102374e-05,0.0
199464000,-0.3,0.004290677,3.7430993e-05,0.0
199664000,-0.3,0.004305563,-3.4199125e-05,0.0
199864000,-0.3,0.004275228,-8.048975e-05,0.0
200064000,-0.3,0.004319401,-0.00012623754,0.0
200264000,-0.3,0.004360799,-0.00015394365,0.0
200464000,-0.3,0.0043856045,-0.00018920076,0.0
200664000,-0.3,0.004386512,-0.00022307296,0.0
200868000,-0.2998575,0.004412393,-0.00025034673,0.0
201064000,-0.3,0.004442213,-0.00027083512,0.0
201268000,-0.29991102,0.00444209,-0.0002800951,0.0
201464000,-0.3,0.0044489256,-0.00027732528,0.0
201664000,-0.3,0.00444394,-0.00025734704,0.0
201864000,-0.3,0.0044445083,-0.00022890297,0.0
202064000,-0.3,0.004417295,-0.00019127023,0.0
202264000,-0.3,0.0044061188,-0.00015716697,0.0
202464000,-0.3,0.0043783416,-0.00011233582,0.0
202664000,-0.3,0.004380938,-5.8538404e-05,0.0
202864000,-0.3,0.0043771537,-9.949631e-06,0.0
203064000,-0.3,0.004342658,4.025885e-05,0.0
203264000,-0.3,0.004283208,8.651923e-05,0.0
203464000,-0.3,0.0042782435,0.0001293418,0.0
203664000,-0.3,0.004253731,0.00015336544,0.0
203864000,-0.3,0.0042007905,0.000179182,0.0
204064000,-0.3,0.0041956767,0.0002101125,0.0
204264000,-0.3,0.004168537,0.00022741435,0.0
204464000,-0.3,0.004182187,0.00021791649,0.0
204664000,-0.3,0.004187412,0.00022387592,0.0
204864000,-0.3,0.0042180433,0.0002040681,0.0
205064000,-0.3,0.004253677,0.0001797045,0.0
205268000,-0.29996863,0.0042560617,0.00015844996,0.0
205464000,-0.3,0.0042574606,0.00011688576,0.0
205668000,-0.29991007,0.0042526564,7.006939e-05,0.0
205864000,-0.3,0.0042708307,1.2754734e-05,0.0
206064000,-0.3,0.004272468,-3.5650777e-05,0.0
206264000,-0.3,0.0042704656,-7.107596e-05,0.0
206464000,-0.29984617,0.0042990274,-0.00013190969,0.0
206664000,-0.3,0.004323435,-0.00017155244,0.0
206868000,-0.3,0.004339803,-0.0002030245,0.0
207064000,-0.2998504,0.0043169307,-0.00022651668,0.0
207264000,-0.3,0.004347918,-0.00025805066,0.0
207468000,-0.3,0.004385767,-0.00026089326,0.0
207664000,-0.29992548,0.0043722014,-0.00025246956,0.0
207864000,-0.3,0.0043995753,-0.00025379128,0.0
208064000,-0.3,0.0043659373,-0.00024514608,0.0
208264000,-0.3,0.0043161134,-0.00020845901,0.0
208468000,-0.3,0.0042967936,-0.00017872872,0.0
208668000,-0.3,0.0042988807,-0.00012887313,0.0
208864000,-0.3,0.004282585,-8.081364e-05,0.0
209064000,-0.3,0.00422596,-5.4921064e-05,0.0
209264000,-0.3,0.004248778,-1.94071e-05,0.0
209468000,-0.3,0.0041793785,2.6025893e-05,0.0
209664000,-0.3,0.004164295,6.5205684e-05,0.0
209864000,-0.3,0.0041413116,0.00010939963,0.0
210068000,-0.3,0.004143862,0.00013797519,0.0
210264000,-0.3,0.0041166507,0.00016802212,0.0
210464000,-0.3,0.0041232808,0.00019781652,0.0
210664000,-0.3,0.004167712,0.00021072241,0.0
210864000,-0.3,0.004158265,0.00021417462,0.0
211064000,-0.3,0.004152854,0.00020053376,0.0
211268000,-0.3,0.0041596796,0.00017264974,0.0
211464000,-0.29997402,0.004195881,0.00014565566,0.0
211668000,-0.3,0.004221234,0.00011262533,0.0
211864000,-0.3,0.0042191544,6.468747e-05,0.0
212064000,-0.3,0.0042443387,1.6461461e-05,0.0
212264000,-0.3,0.004282754,-4.043617e-05,0.0
212464000,-0.3,0.0043164403,-8.5552034e-05,0.0
212664000,-0.3,0.0043269387,-0.00013658204,0.0
212864000,-0.3,0.004314956,-0.0001872035,0.0
213064000,-0.3,0.0043711388,-0.00021649843,0.0
213264000,-0.3,0.0044248197,-0.00024184953,0.0
213464000,-0.3,0.004426342,-0.00026759162,0.0
213664000,-0.3,0.004415929,-0.00027276875,0.0
213864000,-0.3,0.0044494695,-0.00028139082,0.0
214068000,-0.3,0.0044280277,-0.00027432916,0.0
214264000,-0.3,0.0044350694,-0.00024522506,0.0
214464000,-0.3,0.004412959,-0.00022327002,0.0
214664000,-0.3,0.004412996,-0.00019706941,0.0
214868000,-0.3,0.0043945205,-0.00016285578,0.0
215064000,-0.3,0.0043669855,-0.00010634777,0.0
215264000,-0.3,0.0043769334,-5.464379e-05,0.0
215464000,-0.3,0.00436974,-5.687844e-06,0.0
215664000,-0.3,0.004331486,3.3713288e-05,0.0
215864000,-0.3,0.0043125893,7.587106e-05,0.0
216064000,-0.3,0.004265319,0.000116608586,0.0
216264000,-0.3,0.004286041,0.0001560829,0.0
216464000,-0.3,0.0042724903,0.00018493719,0.0
216664000,-0.3,0.004306953,0.00020161341,0.0
216864000,-0.3,0.0043155304,0.00021166953,0.0
217064000,-0.3,0.0043000854,0.0002280549,0.0
217264000,-0.3,0.0042962623,0.00021961339,0.0
217468000,-0.3,0.004317353,0.000213492,0.0
217664000,-0.29999045,0.004348252,0.00017991533,0.0
217864000,-0.3,0.004361259,0.00014195927,0.0
218068000,-0.3,0.0043301415,9.326418e-05,0.0
218264000,-0.3,0.004370097,5.811507e-05,0.0
218464000,-0.3,0.004385622,1.852326e-05,0.0
218664000,-0.3,0.0043724724,-3.564364e-05,0.0
218864000,-0.29984975,0.0043825535,-8.305053e-05,0.0
219064000,-0.3,0.004393166,-0.0001213236,0.0
219264000,-0.3,0.0044303117,-0.00016686137,0.0
219464000,-0.3,0.004377847,-0.00020375414,0.0
219664000,-0.3,0.004405574,-0.00023889272,0.0
219868000,-0.3,0.004464665,-0.00025017417,0.0
220068000,-0.3,0.0044448357,-0.0002517165,0.0
220264000,-0.3,0.00444822,-0.00024334101,0.0
220464000,-0.29995406,0.0044818344,-0.00021429431,0.0
220668000,-0.3,0.0044691153,-0.00020191634,0.0
220864000,-0.3,0.0044584544,-0.00016850755,0.0
221064000,-0.3,0.005243663,-0.0031661175,0.0
221268000,-0.3,0.002252547,-0.0030355535,0.0
221464000,-0.3,0.0026765042,-0.0013015517,0.0
221664000,-0.3,0.0051414496,-0.0006463409,0.0
221864000,-0.3,0.005084573,-0.00035943248,0.0
222064000,-0.3,0.004385205,-0.00024421993,0.0
222264000,-0.3,0.003741538,-0.00020916219,0.0
222468000,-0.3,0.0032847624,-0.00015835513,0.0
222664000,-0.3,0.003034532,-0.000121178724,0.0
222864000,-0.3,0.002821217,-9.880135e-05,0.0
223064000,-0.3,0.0025532194,-7.5631055e-05,0.0
223264000,-0.3,0.0024130528,-6.722249e-05,0.0
223464000,-0.3,0.0022870882,-6.27794e-05,0.0
223664000,-0.3,0.0022435286,-5.4662567e-05,0.0
223864000,-0.3,0.0023178852,-6.061526e-05,0.0
224064000,-0.29997212,0.002332054,-5.2321862e-05,0.0
224264000,-0.3,0.0023533532,-6.814762e-05,0.0
224468000,-0.3,0.0023727338,-0.00010182646,0.0
224664000,-0.3,0.0024251936,-0.00013131858,0.0
224868000,-0.3,0.0024608802,-0.00017029795,0.0
225064000,-0.2998535,0.0025390922,-0.00019641528,0.0
225264000,-0.3,0.0026542963,-0.0002177693,0.0
225464000,-0.3,0.0026704508,-0.00023343395,0.0
225664000,-0.3,0.0027704313,-0.000257295,0.0
225864000,-0.3,0.0028093548,-0.00027693866,0.0
226064000,-0.3,0.002893196,-0.00027745718,0.0
226264000,-0.3,0.0029799182,-0.00027897794,0.0
226464000,-0.2999154,0.00305274,-0.00026591975,0.0
226668000,-0.3,0.0031266985,-0.00025433334,0.0
226864000,-0.3,0.003179001,-0.00022506661,0.0
227068000,-0.3,0.0032269724,-0.00019527787,0.0
227264000,-0.3,0.003271159,-0.00016132432,0.0
227468000,-0.3,0.0033063113,-0.000119608696,0.0
227668000,-0.3,0.0033380426,-7.8405836e-05,0.0
227864000,-0.3,0.003385583,-2.0299982e-05,0.0
228064000,-0.3,0.0034121536,2.119214e-05,0.0
228264000,-0.3,0.0034275614,6.567435e-05,0.0
228468000,-0.3,0.0033706394,9.889726e-05,0.0
228668000,-0.3,0.0033904775,0.00013056723,0.0
228864000,-0.3,0.0033695975,0.00015800567,0.0
229064000,-0.3,0.0033566977,0.00017781973,0.0
229264000,-0.3,0.0033772981,0.00019784652,0.0
229464000,-0.3,0.0034611223,0.000214888,0.0
229668000,-0.3,0.0035025019,0.0002125479,0.0
229864000,-0.2991377,0.0016227405,-0.0001365763,0.0
230064000,-0.3,-0.0016547847,-0.0011109965,0.0
230268000,-0.29991338,-0.0041949917,-0.0017434504,0.0
230464000,-0.3,-0.0065213973,-0.0023521574,0.0
230664000,-0.3,-0.009054226,-0.002990157,0.0
230864000,-0.3,-0.011490907,-0.0035887016,0.0
231064000,-0.2999989,-0.013948658,-0.004171425,0.0
231264000,-0.3,-0.016517289,-0.0047941958,0.0
231464000,-0.3,-0.01899848,-0.0053976,0.0
231664000,-0.3,-0.021334419,-0.005986316,0.0
231864000,-0.29999402,-0.020131065,-0.006133509,0.0
232068000,-0.299994,-0.018088099,-0.0061326534,0.0
232268000,-0.299994,-0.018088099,-0.0061326534,0.0
232464000,-0.299994,-0.018088099,-0.0061326534,0.0
232664000,-0.299994,-0.018088099,-0.0061326534,0.0
232864000,-0.299994,-0.018088099,-0.0061326534,0.0
233064000,-0.299994,-0.018088099,-0.0061326534,0.0
233264000,-0.299994,-0.018088099,-0.0061326534,0.0
233464000,-0.299994,-0.018088099,-0.0061326534,0.0
233664000,-0.299994,-0.018088099,-0.0061326534,0.0
233868000,-0.299994,-0.018088099,-0.0061326534,0.0
234068000,-0.299994,-0.018088099,-0.0061326534,0.0
234264000,-0.299994,-0.018088099,-0.0061326534,0.0
234464000,0.0,0.0,0.0,0.0
234664000,0.0,0.0,0.0,0.0
234864000,0.0,0.0,0.0,0.0
235064000,0.0,0.0,0.0,0.0
235264000,0.0,0.0,0.0,0.0
